"model_instance","model","dataset","prompt_mode","engine","seed","speedup_vs_no_cache_mean","speedup_vs_no_cache_p95","energy_reduction_vs_no_cache_pct","idle_adjusted_energy_reduction_vs_no_cache_pct","hit_rate","reuse_successes","reused_prefix_tokens_total","wasted_compute_ratio","source_json"
"google_gemma-4-12B-it","google/gemma-4-12B-it","ag_news","semantic","shadow_kv","42","0.999536403001249","0.998796116273212","-0.793990859152442","-0.797149988201967","0.0","0","0","0.0","raw_results\google_gemma-4-12B-it\semantic\seed_42\ag_news\shadow_kv\benchmark_hf_google_gemma-4-12B-it_public_dataset_ag_news_semantic_cuda.json"
"google_gemma-4-12B-it","google/gemma-4-12B-it","ag_news","semantic","shadow_kv_plus","42","1.07284781651938","1.07123957406937","12.8391354393405","14.8048761710582","0.9921875","127","16256","0.0","raw_results\google_gemma-4-12B-it\semantic\seed_42\ag_news\shadow_kv_plus\benchmark_hf_google_gemma-4-12B-it_public_dataset_ag_news_semantic_cuda.json"
"google_gemma-4-12B-it","google/gemma-4-12B-it","ag_news","semantic","shadow_kv","123","1.02143949672004","0.925471898048873","7.37668266639229","2.10580492968822","0.0","0","0","0.0","raw_results\google_gemma-4-12B-it\semantic\seed_123\ag_news\shadow_kv\benchmark_hf_google_gemma-4-12B-it_public_dataset_ag_news_semantic_cuda.json"
"google_gemma-4-12B-it","google/gemma-4-12B-it","ag_news","semantic","shadow_kv_plus","123","1.1088276621031","1.04298582506552","15.4883744486203","18.1541050080616","0.9921875","127","16256","0.0","raw_results\google_gemma-4-12B-it\semantic\seed_123\ag_news\shadow_kv_plus\benchmark_hf_google_gemma-4-12B-it_public_dataset_ag_news_semantic_cuda.json"
"google_gemma-4-12B-it","google/gemma-4-12B-it","ag_news","semantic","shadow_kv","456","1.0303769905498","0.988687757390748","-4.94028595609726","4.08821043412732","0.0","0","0","0.0","raw_results\google_gemma-4-12B-it\semantic\seed_456\ag_news\shadow_kv\benchmark_hf_google_gemma-4-12B-it_public_dataset_ag_news_semantic_cuda.json"
"google_gemma-4-12B-it","google/gemma-4-12B-it","ag_news","semantic","shadow_kv_plus","456","1.10556183959672","1.05894342108458","20.3453015420567","13.2305364715724","0.9921875","127","16256","0.0","raw_results\google_gemma-4-12B-it\semantic\seed_456\ag_news\shadow_kv_plus\benchmark_hf_google_gemma-4-12B-it_public_dataset_ag_news_semantic_cuda.json"
"google_gemma-4-12B-it","google/gemma-4-12B-it","ag_news","semantic","shadow_kv","789","0.962008637164009","0.932252025472586","-3.87307894648787","-1.99942415649037","0.0","0","0","0.0","raw_results\google_gemma-4-12B-it\semantic\seed_789\ag_news\shadow_kv\benchmark_hf_google_gemma-4-12B-it_public_dataset_ag_news_semantic_cuda.json"
"google_gemma-4-12B-it","google/gemma-4-12B-it","ag_news","semantic","shadow_kv_plus","789","0.953007913212152","0.985553293902932","9.49333811136617","15.3407100825015","0.9921875","127","16256","0.0","raw_results\google_gemma-4-12B-it\semantic\seed_789\ag_news\shadow_kv_plus\benchmark_hf_google_gemma-4-12B-it_public_dataset_ag_news_semantic_cuda.json"
"google_gemma-4-12B-it","google/gemma-4-12B-it","ag_news","semantic","shadow_kv","999","0.998881075606","0.991490920223793","4.33119909546182","2.86798133046766","0.0","0","0","0.0","raw_results\google_gemma-4-12B-it\semantic\seed_999\ag_news\shadow_kv\benchmark_hf_google_gemma-4-12B-it_public_dataset_ag_news_semantic_cuda.json"
"google_gemma-4-12B-it","google/gemma-4-12B-it","ag_news","semantic","shadow_kv_plus","999","1.04409624137913","1.03616304520835","13.1486325754128","20.1491323114718","0.9921875","127","16256","0.0","raw_results\google_gemma-4-12B-it\semantic\seed_999\ag_news\shadow_kv_plus\benchmark_hf_google_gemma-4-12B-it_public_dataset_ag_news_semantic_cuda.json"
"google_gemma-4-12B-it","google/gemma-4-12B-it","alpaca_eval","semantic","shadow_kv","42","0.999554228801313","0.999216627098248","-1.22786670421349","-1.16342140569023","0.0","0","0","0.0","raw_results\google_gemma-4-12B-it\semantic\seed_42\alpaca_eval\shadow_kv\benchmark_hf_google_gemma-4-12B-it_public_dataset_alpaca_eval_semantic_cuda.json"
"google_gemma-4-12B-it","google/gemma-4-12B-it","alpaca_eval","semantic","shadow_kv_plus","42","1.07876017705212","1.06782262844518","12.0816318145986","13.4903280255799","0.9921875","127","16256","0.0","raw_results\google_gemma-4-12B-it\semantic\seed_42\alpaca_eval\shadow_kv_plus\benchmark_hf_google_gemma-4-12B-it_public_dataset_alpaca_eval_semantic_cuda.json"
"google_gemma-4-12B-it","google/gemma-4-12B-it","alpaca_eval","semantic","shadow_kv","123","1.06337482263448","1.04685022900651","-2.83119199409894","-11.4478292036897","0.0","0","0","0.0","raw_results\google_gemma-4-12B-it\semantic\seed_123\alpaca_eval\shadow_kv\benchmark_hf_google_gemma-4-12B-it_public_dataset_alpaca_eval_semantic_cuda.json"
"google_gemma-4-12B-it","google/gemma-4-12B-it","alpaca_eval","semantic","shadow_kv_plus","123","1.11001684899276","1.11595207949722","12.2488577716596","11.1130447874205","0.9921875","127","16256","0.0","raw_results\google_gemma-4-12B-it\semantic\seed_123\alpaca_eval\shadow_kv_plus\benchmark_hf_google_gemma-4-12B-it_public_dataset_alpaca_eval_semantic_cuda.json"
"google_gemma-4-12B-it","google/gemma-4-12B-it","alpaca_eval","semantic","shadow_kv","456","1.01476734074412","0.928641554949345","-3.61212769513214","-0.462772410677668","0.0","0","0","0.0","raw_results\google_gemma-4-12B-it\semantic\seed_456\alpaca_eval\shadow_kv\benchmark_hf_google_gemma-4-12B-it_public_dataset_alpaca_eval_semantic_cuda.json"
"google_gemma-4-12B-it","google/gemma-4-12B-it","alpaca_eval","semantic","shadow_kv_plus","456","1.06310880001473","1.03787818875209","10.7124636768959","9.54601241260754","0.9921875","127","16256","0.0","raw_results\google_gemma-4-12B-it\semantic\seed_456\alpaca_eval\shadow_kv_plus\benchmark_hf_google_gemma-4-12B-it_public_dataset_alpaca_eval_semantic_cuda.json"
"google_gemma-4-12B-it","google/gemma-4-12B-it","alpaca_eval","semantic","shadow_kv","789","1.08191668266378","0.972431684161127","-4.4979385518855","-8.25257674885632","0.0","0","0","0.0","raw_results\google_gemma-4-12B-it\semantic\seed_789\alpaca_eval\shadow_kv\benchmark_hf_google_gemma-4-12B-it_public_dataset_alpaca_eval_semantic_cuda.json"
"google_gemma-4-12B-it","google/gemma-4-12B-it","alpaca_eval","semantic","shadow_kv_plus","789","1.09035408588484","1.12299764904088","16.8001671208281","6.99218022734534","0.9921875","127","16256","0.0","raw_results\google_gemma-4-12B-it\semantic\seed_789\alpaca_eval\shadow_kv_plus\benchmark_hf_google_gemma-4-12B-it_public_dataset_alpaca_eval_semantic_cuda.json"
"google_gemma-4-12B-it","google/gemma-4-12B-it","alpaca_eval","semantic","shadow_kv","999","0.938227526290299","1.02923181644243","-2.46960680256257","-10.5719212561335","0.0","0","0","0.0","raw_results\google_gemma-4-12B-it\semantic\seed_999\alpaca_eval\shadow_kv\benchmark_hf_google_gemma-4-12B-it_public_dataset_alpaca_eval_semantic_cuda.json"
"google_gemma-4-12B-it","google/gemma-4-12B-it","alpaca_eval","semantic","shadow_kv_plus","999","1.04679499215278","1.12041561224655","14.6635731191507","6.74417022871647","0.9921875","127","16256","0.0","raw_results\google_gemma-4-12B-it\semantic\seed_999\alpaca_eval\shadow_kv_plus\benchmark_hf_google_gemma-4-12B-it_public_dataset_alpaca_eval_semantic_cuda.json"
"google_gemma-4-12B-it","google/gemma-4-12B-it","banking77","semantic","shadow_kv","42","0.999863173693435","0.998326568098826","-0.982685139747007","-1.87969942070929","0.0","0","0","0.0","raw_results\google_gemma-4-12B-it\semantic\seed_42\banking77\shadow_kv\benchmark_hf_google_gemma-4-12B-it_public_dataset_banking77_semantic_cuda.json"
"google_gemma-4-12B-it","google/gemma-4-12B-it","banking77","semantic","shadow_kv_plus","42","1.0771460804602","1.06862772517254","11.6281400211591","12.8203965977488","0.9921875","127","16256","0.0","raw_results\google_gemma-4-12B-it\semantic\seed_42\banking77\shadow_kv_plus\benchmark_hf_google_gemma-4-12B-it_public_dataset_banking77_semantic_cuda.json"
"google_gemma-4-12B-it","google/gemma-4-12B-it","banking77","semantic","shadow_kv","123","0.950277133341718","1.00886615860017","-0.0992057410376721","-7.0942377525657","0.0","0","0","0.0","raw_results\google_gemma-4-12B-it\semantic\seed_123\banking77\shadow_kv\benchmark_hf_google_gemma-4-12B-it_public_dataset_banking77_semantic_cuda.json"
"google_gemma-4-12B-it","google/gemma-4-12B-it","banking77","semantic","shadow_kv_plus","123","1.02182505310425","1.03644251158001","8.7805466864691","12.3472089946826","0.9921875","127","16256","0.0","raw_results\google_gemma-4-12B-it\semantic\seed_123\banking77\shadow_kv_plus\benchmark_hf_google_gemma-4-12B-it_public_dataset_banking77_semantic_cuda.json"
"google_gemma-4-12B-it","google/gemma-4-12B-it","banking77","semantic","shadow_kv","456","1.0011673699956","1.00397346114134","-1.8988523065016","-3.10316067195136","0.0","0","0","0.0","raw_results\google_gemma-4-12B-it\semantic\seed_456\banking77\shadow_kv\benchmark_hf_google_gemma-4-12B-it_public_dataset_banking77_semantic_cuda.json"
"google_gemma-4-12B-it","google/gemma-4-12B-it","banking77","semantic","shadow_kv_plus","456","1.0623737764207","1.06578766520281","12.0108760655585","13.4065962660489","0.9921875","127","16256","0.0","raw_results\google_gemma-4-12B-it\semantic\seed_456\banking77\shadow_kv_plus\benchmark_hf_google_gemma-4-12B-it_public_dataset_banking77_semantic_cuda.json"
"google_gemma-4-12B-it","google/gemma-4-12B-it","banking77","semantic","shadow_kv","789","0.943489878039616","1.0028819809816","1.51149636078954","-3.63679615770845","0.0","0","0","0.0","raw_results\google_gemma-4-12B-it\semantic\seed_789\banking77\shadow_kv\benchmark_hf_google_gemma-4-12B-it_public_dataset_banking77_semantic_cuda.json"
"google_gemma-4-12B-it","google/gemma-4-12B-it","banking77","semantic","shadow_kv_plus","789","0.955707316912765","1.04260886225957","18.6114345335829","19.4020169888868","0.9921875","127","16256","0.0","raw_results\google_gemma-4-12B-it\semantic\seed_789\banking77\shadow_kv_plus\benchmark_hf_google_gemma-4-12B-it_public_dataset_banking77_semantic_cuda.json"
"google_gemma-4-12B-it","google/gemma-4-12B-it","banking77","semantic","shadow_kv","999","1.08233979232036","1.070712825102","-1.04391275163434","-1.30119582538523","0.0","0","0","0.0","raw_results\google_gemma-4-12B-it\semantic\seed_999\banking77\shadow_kv\benchmark_hf_google_gemma-4-12B-it_public_dataset_banking77_semantic_cuda.json"
"google_gemma-4-12B-it","google/gemma-4-12B-it","banking77","semantic","shadow_kv_plus","999","1.13959507872807","1.06819006821538","11.0705567500402","10.4576793747646","0.9921875","127","16256","0.0","raw_results\google_gemma-4-12B-it\semantic\seed_999\banking77\shadow_kv_plus\benchmark_hf_google_gemma-4-12B-it_public_dataset_banking77_semantic_cuda.json"
"google_gemma-4-12B-it","google/gemma-4-12B-it","cnn_dailymail","semantic","shadow_kv","42","0.998266896184826","0.998514037741289","-0.882319740586055","-1.51981902791779","0.0","0","0","0.0","raw_results\google_gemma-4-12B-it\semantic\seed_42\cnn_dailymail\shadow_kv\benchmark_hf_google_gemma-4-12B-it_public_dataset_cnn_dailymail_semantic_cuda.json"
"google_gemma-4-12B-it","google/gemma-4-12B-it","cnn_dailymail","semantic","shadow_kv_plus","42","2.33096816608335","2.47088496784829","60.582723579801","64.2248868390467","0.9921875","127","16256","0.0","raw_results\google_gemma-4-12B-it\semantic\seed_42\cnn_dailymail\shadow_kv_plus\benchmark_hf_google_gemma-4-12B-it_public_dataset_cnn_dailymail_semantic_cuda.json"
"google_gemma-4-12B-it","google/gemma-4-12B-it","cnn_dailymail","semantic","shadow_kv","123","0.93549711356505","1.05566091870013","0.371237498314211","-2.27691562142374","0.0","0","0","0.0","raw_results\google_gemma-4-12B-it\semantic\seed_123\cnn_dailymail\shadow_kv\benchmark_hf_google_gemma-4-12B-it_public_dataset_cnn_dailymail_semantic_cuda.json"
"google_gemma-4-12B-it","google/gemma-4-12B-it","cnn_dailymail","semantic","shadow_kv_plus","123","2.35308412174157","2.58825378503629","61.5197149762862","63.7654750866333","0.9921875","127","16256","0.0","raw_results\google_gemma-4-12B-it\semantic\seed_123\cnn_dailymail\shadow_kv_plus\benchmark_hf_google_gemma-4-12B-it_public_dataset_cnn_dailymail_semantic_cuda.json"
"google_gemma-4-12B-it","google/gemma-4-12B-it","cnn_dailymail","semantic","shadow_kv","456","1.00161961930149","0.972572449254287","-3.54414328678379","0.271481850125803","0.0","0","0","0.0","raw_results\google_gemma-4-12B-it\semantic\seed_456\cnn_dailymail\shadow_kv\benchmark_hf_google_gemma-4-12B-it_public_dataset_cnn_dailymail_semantic_cuda.json"
"google_gemma-4-12B-it","google/gemma-4-12B-it","cnn_dailymail","semantic","shadow_kv_plus","456","2.38629139964204","2.39416152623506","57.7667421931839","65.1642780498808","0.9921875","127","16256","0.0","raw_results\google_gemma-4-12B-it\semantic\seed_456\cnn_dailymail\shadow_kv_plus\benchmark_hf_google_gemma-4-12B-it_public_dataset_cnn_dailymail_semantic_cuda.json"
"google_gemma-4-12B-it","google/gemma-4-12B-it","cnn_dailymail","semantic","shadow_kv","789","0.937120780868753","0.947693407715808","6.06057739476006","2.02243406579928","0.0","0","0","0.0","raw_results\google_gemma-4-12B-it\semantic\seed_789\cnn_dailymail\shadow_kv\benchmark_hf_google_gemma-4-12B-it_public_dataset_cnn_dailymail_semantic_cuda.json"
"google_gemma-4-12B-it","google/gemma-4-12B-it","cnn_dailymail","semantic","shadow_kv_plus","789","2.19698784555225","2.44394858211122","64.0227508341719","65.5551837469736","0.9921875","127","16256","0.0","raw_results\google_gemma-4-12B-it\semantic\seed_789\cnn_dailymail\shadow_kv_plus\benchmark_hf_google_gemma-4-12B-it_public_dataset_cnn_dailymail_semantic_cuda.json"
"google_gemma-4-12B-it","google/gemma-4-12B-it","cnn_dailymail","semantic","shadow_kv","999","0.995356583095077","1.02890506104982","-1.74138373997412","-1.72782336716629","0.0","0","0","0.0","raw_results\google_gemma-4-12B-it\semantic\seed_999\cnn_dailymail\shadow_kv\benchmark_hf_google_gemma-4-12B-it_public_dataset_cnn_dailymail_semantic_cuda.json"
"google_gemma-4-12B-it","google/gemma-4-12B-it","cnn_dailymail","semantic","shadow_kv_plus","999","2.36886263197269","2.43595277273579","59.3501448596371","65.0458122441345","0.9921875","127","16256","0.0","raw_results\google_gemma-4-12B-it\semantic\seed_999\cnn_dailymail\shadow_kv_plus\benchmark_hf_google_gemma-4-12B-it_public_dataset_cnn_dailymail_semantic_cuda.json"
"google_gemma-4-12B-it","google/gemma-4-12B-it","daily_dialog","semantic","shadow_kv","42","1.00002416381312","1.00045439166522","-0.513533304426605","0.526380718525374","0.0","0","0","0.0","raw_results\google_gemma-4-12B-it\semantic\seed_42\daily_dialog\shadow_kv\benchmark_hf_google_gemma-4-12B-it_public_dataset_daily_dialog_semantic_cuda.json"
"google_gemma-4-12B-it","google/gemma-4-12B-it","daily_dialog","semantic","shadow_kv_plus","42","1.11471244880598","1.22987062338887","15.7784117775887","18.4888334113587","0.9921875","127","16256","0.0","raw_results\google_gemma-4-12B-it\semantic\seed_42\daily_dialog\shadow_kv_plus\benchmark_hf_google_gemma-4-12B-it_public_dataset_daily_dialog_semantic_cuda.json"
"google_gemma-4-12B-it","google/gemma-4-12B-it","daily_dialog","semantic","shadow_kv","123","1.07226479521505","1.06044245107909","-3.58433935638693","-2.8405307870081","0.0","0","0","0.0","raw_results\google_gemma-4-12B-it\semantic\seed_123\daily_dialog\shadow_kv\benchmark_hf_google_gemma-4-12B-it_public_dataset_daily_dialog_semantic_cuda.json"
"google_gemma-4-12B-it","google/gemma-4-12B-it","daily_dialog","semantic","shadow_kv_plus","123","1.16627878983072","1.23663268572707","8.07584056476781","14.8388733389595","0.9921875","127","16256","0.0","raw_results\google_gemma-4-12B-it\semantic\seed_123\daily_dialog\shadow_kv_plus\benchmark_hf_google_gemma-4-12B-it_public_dataset_daily_dialog_semantic_cuda.json"
"google_gemma-4-12B-it","google/gemma-4-12B-it","daily_dialog","semantic","shadow_kv","456","1.03621823044614","1.01733883680706","7.41739068106881","2.78681035770119","0.0","0","0","0.0","raw_results\google_gemma-4-12B-it\semantic\seed_456\daily_dialog\shadow_kv\benchmark_hf_google_gemma-4-12B-it_public_dataset_daily_dialog_semantic_cuda.json"
"google_gemma-4-12B-it","google/gemma-4-12B-it","daily_dialog","semantic","shadow_kv_plus","456","1.17373055932963","1.26070666168542","19.7486267456222","16.2742744321274","0.9921875","127","16256","0.0","raw_results\google_gemma-4-12B-it\semantic\seed_456\daily_dialog\shadow_kv_plus\benchmark_hf_google_gemma-4-12B-it_public_dataset_daily_dialog_semantic_cuda.json"
"google_gemma-4-12B-it","google/gemma-4-12B-it","daily_dialog","semantic","shadow_kv","789","1.03808811281322","1.01875273224421","0.389736455529235","-1.08780383996025","0.0","0","0","0.0","raw_results\google_gemma-4-12B-it\semantic\seed_789\daily_dialog\shadow_kv\benchmark_hf_google_gemma-4-12B-it_public_dataset_daily_dialog_semantic_cuda.json"
"google_gemma-4-12B-it","google/gemma-4-12B-it","daily_dialog","semantic","shadow_kv_plus","789","1.06683859369286","1.16634128611645","15.7085550953578","20.0083027638422","0.9921875","127","16256","0.0","raw_results\google_gemma-4-12B-it\semantic\seed_789\daily_dialog\shadow_kv_plus\benchmark_hf_google_gemma-4-12B-it_public_dataset_daily_dialog_semantic_cuda.json"
"google_gemma-4-12B-it","google/gemma-4-12B-it","daily_dialog","semantic","shadow_kv","999","1.01520280106849","1.04187252477787","6.29196665334234","-2.91668693063825","0.0","0","0","0.0","raw_results\google_gemma-4-12B-it\semantic\seed_999\daily_dialog\shadow_kv\benchmark_hf_google_gemma-4-12B-it_public_dataset_daily_dialog_semantic_cuda.json"
"google_gemma-4-12B-it","google/gemma-4-12B-it","daily_dialog","semantic","shadow_kv_plus","999","1.17571253607556","1.25404784290955","12.1855203880093","15.9367718133836","0.9921875","127","16256","0.0","raw_results\google_gemma-4-12B-it\semantic\seed_999\daily_dialog\shadow_kv_plus\benchmark_hf_google_gemma-4-12B-it_public_dataset_daily_dialog_semantic_cuda.json"
"google_gemma-4-12B-it","google/gemma-4-12B-it","dolly","semantic","shadow_kv","42","1.00082569237935","1.00569708142628","0.700625036865903","0.710373865189318","0.0","0","0","0.0","raw_results\google_gemma-4-12B-it\semantic\seed_42\dolly\shadow_kv\benchmark_hf_google_gemma-4-12B-it_public_dataset_dolly_semantic_cuda.json"
"google_gemma-4-12B-it","google/gemma-4-12B-it","dolly","semantic","shadow_kv_plus","42","1.12813741572438","1.273678982707","15.4886478717904","16.6457389325728","0.9921875","127","16256","0.0","raw_results\google_gemma-4-12B-it\semantic\seed_42\dolly\shadow_kv_plus\benchmark_hf_google_gemma-4-12B-it_public_dataset_dolly_semantic_cuda.json"
"google_gemma-4-12B-it","google/gemma-4-12B-it","dolly","semantic","shadow_kv","123","1.02011502541573","1.0609410660139","-3.94336298487867","1.0584492390537","0.0","0","0","0.0","raw_results\google_gemma-4-12B-it\semantic\seed_123\dolly\shadow_kv\benchmark_hf_google_gemma-4-12B-it_public_dataset_dolly_semantic_cuda.json"
"google_gemma-4-12B-it","google/gemma-4-12B-it","dolly","semantic","shadow_kv_plus","123","1.20845309177566","1.32762279251453","20.3430250004901","13.4861391133043","0.9921875","127","16256","0.0","raw_results\google_gemma-4-12B-it\semantic\seed_123\dolly\shadow_kv_plus\benchmark_hf_google_gemma-4-12B-it_public_dataset_dolly_semantic_cuda.json"
"google_gemma-4-12B-it","google/gemma-4-12B-it","dolly","semantic","shadow_kv","456","0.984999965026731","1.02393514121993","1.40245591376805","-3.06370732309625","0.0","0","0","0.0","raw_results\google_gemma-4-12B-it\semantic\seed_456\dolly\shadow_kv\benchmark_hf_google_gemma-4-12B-it_public_dataset_dolly_semantic_cuda.json"
"google_gemma-4-12B-it","google/gemma-4-12B-it","dolly","semantic","shadow_kv_plus","456","1.11928996316639","1.32292422538148","16.5791061324655","9.87852625085711","0.9921875","127","16256","0.0","raw_results\google_gemma-4-12B-it\semantic\seed_456\dolly\shadow_kv_plus\benchmark_hf_google_gemma-4-12B-it_public_dataset_dolly_semantic_cuda.json"
"google_gemma-4-12B-it","google/gemma-4-12B-it","dolly","semantic","shadow_kv","789","0.947904654980742","0.987380359012821","1.34416148171727","4.21495976722935","0.0","0","0","0.0","raw_results\google_gemma-4-12B-it\semantic\seed_789\dolly\shadow_kv\benchmark_hf_google_gemma-4-12B-it_public_dataset_dolly_semantic_cuda.json"
"google_gemma-4-12B-it","google/gemma-4-12B-it","dolly","semantic","shadow_kv_plus","789","1.11394988176188","1.25729702594761","20.3118912459596","16.7147924957977","0.9921875","127","16256","0.0","raw_results\google_gemma-4-12B-it\semantic\seed_789\dolly\shadow_kv_plus\benchmark_hf_google_gemma-4-12B-it_public_dataset_dolly_semantic_cuda.json"
"google_gemma-4-12B-it","google/gemma-4-12B-it","dolly","semantic","shadow_kv","999","0.975425567963773","1.06888674589606","-0.199352120849167","0.154359193762503","0.0","0","0","0.0","raw_results\google_gemma-4-12B-it\semantic\seed_999\dolly\shadow_kv\benchmark_hf_google_gemma-4-12B-it_public_dataset_dolly_semantic_cuda.json"
"google_gemma-4-12B-it","google/gemma-4-12B-it","dolly","semantic","shadow_kv_plus","999","1.08328887932974","1.25516867265135","18.5426757198794","10.1601545392577","0.9921875","127","16256","0.0","raw_results\google_gemma-4-12B-it\semantic\seed_999\dolly\shadow_kv_plus\benchmark_hf_google_gemma-4-12B-it_public_dataset_dolly_semantic_cuda.json"
"google_gemma-4-12B-it","google/gemma-4-12B-it","oasst1","semantic","shadow_kv","42","0.998617161052826","0.998542145255531","-0.170709455628281","-0.96094384094466","0.0","0","0","0.0","raw_results\google_gemma-4-12B-it\semantic\seed_42\oasst1\shadow_kv\benchmark_hf_google_gemma-4-12B-it_public_dataset_oasst1_semantic_cuda.json"
"google_gemma-4-12B-it","google/gemma-4-12B-it","oasst1","semantic","shadow_kv_plus","42","1.12792870790381","1.28935963492588","16.3734704955193","18.0381393333854","0.9921875","127","16256","0.0","raw_results\google_gemma-4-12B-it\semantic\seed_42\oasst1\shadow_kv_plus\benchmark_hf_google_gemma-4-12B-it_public_dataset_oasst1_semantic_cuda.json"
"google_gemma-4-12B-it","google/gemma-4-12B-it","oasst1","semantic","shadow_kv","123","1.00666384718422","1.13959817878483","-3.80565321060168","1.35413247266138","0.0","0","0","0.0","raw_results\google_gemma-4-12B-it\semantic\seed_123\oasst1\shadow_kv\benchmark_hf_google_gemma-4-12B-it_public_dataset_oasst1_semantic_cuda.json"
"google_gemma-4-12B-it","google/gemma-4-12B-it","oasst1","semantic","shadow_kv_plus","123","1.13899395893674","1.28655541296959","14.9196530082386","25.5800636848636","0.9921875","127","16256","0.0","raw_results\google_gemma-4-12B-it\semantic\seed_123\oasst1\shadow_kv_plus\benchmark_hf_google_gemma-4-12B-it_public_dataset_oasst1_semantic_cuda.json"
"google_gemma-4-12B-it","google/gemma-4-12B-it","oasst1","semantic","shadow_kv","456","1.03445919827195","1.00430531088139","6.10883999714633","6.73434433957249","0.0","0","0","0.0","raw_results\google_gemma-4-12B-it\semantic\seed_456\oasst1\shadow_kv\benchmark_hf_google_gemma-4-12B-it_public_dataset_oasst1_semantic_cuda.json"
"google_gemma-4-12B-it","google/gemma-4-12B-it","oasst1","semantic","shadow_kv_plus","456","1.24322642386811","1.20484579208694","13.0291592815806","19.1616546332075","0.9921875","127","16256","0.0","raw_results\google_gemma-4-12B-it\semantic\seed_456\oasst1\shadow_kv_plus\benchmark_hf_google_gemma-4-12B-it_public_dataset_oasst1_semantic_cuda.json"
"google_gemma-4-12B-it","google/gemma-4-12B-it","oasst1","semantic","shadow_kv","789","0.96099850575679","1.03276368495336","7.28639750734049","-2.31521928527759","0.0","0","0","0.0","raw_results\google_gemma-4-12B-it\semantic\seed_789\oasst1\shadow_kv\benchmark_hf_google_gemma-4-12B-it_public_dataset_oasst1_semantic_cuda.json"
"google_gemma-4-12B-it","google/gemma-4-12B-it","oasst1","semantic","shadow_kv_plus","789","1.08014221618975","1.30660420871479","20.2444278663048","18.3600957075492","0.9921875","127","16256","0.0","raw_results\google_gemma-4-12B-it\semantic\seed_789\oasst1\shadow_kv_plus\benchmark_hf_google_gemma-4-12B-it_public_dataset_oasst1_semantic_cuda.json"
"google_gemma-4-12B-it","google/gemma-4-12B-it","oasst1","semantic","shadow_kv","999","0.980691878285384","0.988530605525005","5.43301939276743","3.07167553402189","0.0","0","0","0.0","raw_results\google_gemma-4-12B-it\semantic\seed_999\oasst1\shadow_kv\benchmark_hf_google_gemma-4-12B-it_public_dataset_oasst1_semantic_cuda.json"
"google_gemma-4-12B-it","google/gemma-4-12B-it","oasst1","semantic","shadow_kv_plus","999","1.22051031413066","1.28007427772631","19.8073583195482","15.3276944284265","0.9921875","127","16256","0.0","raw_results\google_gemma-4-12B-it\semantic\seed_999\oasst1\shadow_kv_plus\benchmark_hf_google_gemma-4-12B-it_public_dataset_oasst1_semantic_cuda.json"
"google_gemma-4-12B-it","google/gemma-4-12B-it","samsum","semantic","shadow_kv","42","1.00077373391658","1.00088592622164","0.771745215365771","1.38005607164846","0.0","0","0","0.0","raw_results\google_gemma-4-12B-it\semantic\seed_42\samsum\shadow_kv\benchmark_hf_google_gemma-4-12B-it_public_dataset_samsum_semantic_cuda.json"
"google_gemma-4-12B-it","google/gemma-4-12B-it","samsum","semantic","shadow_kv_plus","42","1.41805789713201","1.74960026251991","35.7891083010468","39.186494221988","0.9921875","127","16256","0.0","raw_results\google_gemma-4-12B-it\semantic\seed_42\samsum\shadow_kv_plus\benchmark_hf_google_gemma-4-12B-it_public_dataset_samsum_semantic_cuda.json"
"google_gemma-4-12B-it","google/gemma-4-12B-it","samsum","semantic","shadow_kv","123","0.93443338995801","1.04054198334327","0.451284847519382","0.638445498381363","0.0","0","0","0.0","raw_results\google_gemma-4-12B-it\semantic\seed_123\samsum\shadow_kv\benchmark_hf_google_gemma-4-12B-it_public_dataset_samsum_semantic_cuda.json"
"google_gemma-4-12B-it","google/gemma-4-12B-it","samsum","semantic","shadow_kv_plus","123","1.43645800341557","1.84539416445485","36.152632927954","40.0812856104041","0.9921875","127","16256","0.0","raw_results\google_gemma-4-12B-it\semantic\seed_123\samsum\shadow_kv_plus\benchmark_hf_google_gemma-4-12B-it_public_dataset_samsum_semantic_cuda.json"
"google_gemma-4-12B-it","google/gemma-4-12B-it","samsum","semantic","shadow_kv","456","0.977130680902248","1.02728974948978","4.31048440280743","11.496131830237","0.0","0","0","0.0","raw_results\google_gemma-4-12B-it\semantic\seed_456\samsum\shadow_kv\benchmark_hf_google_gemma-4-12B-it_public_dataset_samsum_semantic_cuda.json"
"google_gemma-4-12B-it","google/gemma-4-12B-it","samsum","semantic","shadow_kv_plus","456","1.36573871655307","1.71567478002801","38.4862429031468","41.7884358293583","0.9921875","127","16256","0.0","raw_results\google_gemma-4-12B-it\semantic\seed_456\samsum\shadow_kv_plus\benchmark_hf_google_gemma-4-12B-it_public_dataset_samsum_semantic_cuda.json"
"google_gemma-4-12B-it","google/gemma-4-12B-it","samsum","semantic","shadow_kv","789","0.992724198483306","1.01111777374706","-3.59267537195663","-2.97387487220862","0.0","0","0","0.0","raw_results\google_gemma-4-12B-it\semantic\seed_789\samsum\shadow_kv\benchmark_hf_google_gemma-4-12B-it_public_dataset_samsum_semantic_cuda.json"
"google_gemma-4-12B-it","google/gemma-4-12B-it","samsum","semantic","shadow_kv_plus","789","1.36836865309994","1.74331510581036","31.4139708800226","36.7407866878594","0.9921875","127","16256","0.0","raw_results\google_gemma-4-12B-it\semantic\seed_789\samsum\shadow_kv_plus\benchmark_hf_google_gemma-4-12B-it_public_dataset_samsum_semantic_cuda.json"
"google_gemma-4-12B-it","google/gemma-4-12B-it","samsum","semantic","shadow_kv","999","0.997900218029576","1.03018204867952","6.31431572006579","-2.51862291997764","0.0","0","0","0.0","raw_results\google_gemma-4-12B-it\semantic\seed_999\samsum\shadow_kv\benchmark_hf_google_gemma-4-12B-it_public_dataset_samsum_semantic_cuda.json"
"google_gemma-4-12B-it","google/gemma-4-12B-it","samsum","semantic","shadow_kv_plus","999","1.45418304627507","1.80533760052079","37.4178653937788","38.3820127622129","0.9921875","127","16256","0.0","raw_results\google_gemma-4-12B-it\semantic\seed_999\samsum\shadow_kv_plus\benchmark_hf_google_gemma-4-12B-it_public_dataset_samsum_semantic_cuda.json"
"google_gemma-4-12B-it","google/gemma-4-12B-it","ultrachat","semantic","shadow_kv","42","0.999627769168737","0.998734817924374","-0.127809879699936","0.0510509190521549","0.0","0","0","0.0","raw_results\google_gemma-4-12B-it\semantic\seed_42\ultrachat\shadow_kv\benchmark_hf_google_gemma-4-12B-it_public_dataset_ultrachat_semantic_cuda.json"
"google_gemma-4-12B-it","google/gemma-4-12B-it","ultrachat","semantic","shadow_kv_plus","42","1.87155487757838","1.91990479633701","48.6608494421941","51.8611802107413","0.9921875","127","16256","0.0","raw_results\google_gemma-4-12B-it\semantic\seed_42\ultrachat\shadow_kv_plus\benchmark_hf_google_gemma-4-12B-it_public_dataset_ultrachat_semantic_cuda.json"
"google_gemma-4-12B-it","google/gemma-4-12B-it","ultrachat","semantic","shadow_kv","123","1.047552121015","1.0083763512511","-6.36005316449889","-10.2186647562555","0.0","0","0","0.0","raw_results\google_gemma-4-12B-it\semantic\seed_123\ultrachat\shadow_kv\benchmark_hf_google_gemma-4-12B-it_public_dataset_ultrachat_semantic_cuda.json"
"google_gemma-4-12B-it","google/gemma-4-12B-it","ultrachat","semantic","shadow_kv_plus","123","1.93951317707894","1.8743810483595","45.3596856430731","47.5085531764601","0.9921875","127","16256","0.0","raw_results\google_gemma-4-12B-it\semantic\seed_123\ultrachat\shadow_kv_plus\benchmark_hf_google_gemma-4-12B-it_public_dataset_ultrachat_semantic_cuda.json"
"google_gemma-4-12B-it","google/gemma-4-12B-it","ultrachat","semantic","shadow_kv","456","1.00722768058273","0.964454116324371","1.69313778698805","-7.20479197921584","0.0","0","0","0.0","raw_results\google_gemma-4-12B-it\semantic\seed_456\ultrachat\shadow_kv\benchmark_hf_google_gemma-4-12B-it_public_dataset_ultrachat_semantic_cuda.json"
"google_gemma-4-12B-it","google/gemma-4-12B-it","ultrachat","semantic","shadow_kv_plus","456","1.84007475546788","1.89576968028622","48.2251240563707","51.8868424703232","0.9921875","127","16256","0.0","raw_results\google_gemma-4-12B-it\semantic\seed_456\ultrachat\shadow_kv_plus\benchmark_hf_google_gemma-4-12B-it_public_dataset_ultrachat_semantic_cuda.json"
"google_gemma-4-12B-it","google/gemma-4-12B-it","ultrachat","semantic","shadow_kv","789","0.999713997597982","1.00823382717496","2.67820893702465","-1.56294392585239","0.0","0","0","0.0","raw_results\google_gemma-4-12B-it\semantic\seed_789\ultrachat\shadow_kv\benchmark_hf_google_gemma-4-12B-it_public_dataset_ultrachat_semantic_cuda.json"
"google_gemma-4-12B-it","google/gemma-4-12B-it","ultrachat","semantic","shadow_kv_plus","789","1.79754175535551","1.97824729128617","51.7560436316511","50.3994657699977","0.9921875","127","16256","0.0","raw_results\google_gemma-4-12B-it\semantic\seed_789\ultrachat\shadow_kv_plus\benchmark_hf_google_gemma-4-12B-it_public_dataset_ultrachat_semantic_cuda.json"
"google_gemma-4-12B-it","google/gemma-4-12B-it","ultrachat","semantic","shadow_kv","999","0.974100192228684","0.981124647647025","1.81825515586472","-0.900073159880248","0.0","0","0","0.0","raw_results\google_gemma-4-12B-it\semantic\seed_999\ultrachat\shadow_kv\benchmark_hf_google_gemma-4-12B-it_public_dataset_ultrachat_semantic_cuda.json"
"google_gemma-4-12B-it","google/gemma-4-12B-it","ultrachat","semantic","shadow_kv_plus","999","1.86696694719574","1.83930407383569","49.9777847697914","51.5543033764874","0.9921875","127","16256","0.0","raw_results\google_gemma-4-12B-it\semantic\seed_999\ultrachat\shadow_kv_plus\benchmark_hf_google_gemma-4-12B-it_public_dataset_ultrachat_semantic_cuda.json"
"google_gemma-4-12B-it","google/gemma-4-12B-it","xsum","semantic","shadow_kv","42","0.999951677957213","0.999244207360006","-0.967518598607183","-0.879358699219272","0.0","0","0","0.0","raw_results\google_gemma-4-12B-it\semantic\seed_42\xsum\shadow_kv\benchmark_hf_google_gemma-4-12B-it_public_dataset_xsum_semantic_cuda.json"
"google_gemma-4-12B-it","google/gemma-4-12B-it","xsum","semantic","shadow_kv_plus","42","2.11012120988212","2.24718980865373","56.9036619110697","60.8271712839902","0.9921875","127","16256","0.0","raw_results\google_gemma-4-12B-it\semantic\seed_42\xsum\shadow_kv_plus\benchmark_hf_google_gemma-4-12B-it_public_dataset_xsum_semantic_cuda.json"
"google_gemma-4-12B-it","google/gemma-4-12B-it","xsum","semantic","shadow_kv","123","0.965125743616337","0.998187608664211","-6.48738448832585","-1.20821683114104","0.0","0","0","0.0","raw_results\google_gemma-4-12B-it\semantic\seed_123\xsum\shadow_kv\benchmark_hf_google_gemma-4-12B-it_public_dataset_xsum_semantic_cuda.json"
"google_gemma-4-12B-it","google/gemma-4-12B-it","xsum","semantic","shadow_kv_plus","123","2.13972194449832","2.29187019360549","55.9324126126952","58.7242740774564","0.9921875","127","16256","0.0","raw_results\google_gemma-4-12B-it\semantic\seed_123\xsum\shadow_kv_plus\benchmark_hf_google_gemma-4-12B-it_public_dataset_xsum_semantic_cuda.json"
"google_gemma-4-12B-it","google/gemma-4-12B-it","xsum","semantic","shadow_kv","456","0.971269767923876","0.990928812244291","3.90978085135789","2.2227845392531","0.0","0","0","0.0","raw_results\google_gemma-4-12B-it\semantic\seed_456\xsum\shadow_kv\benchmark_hf_google_gemma-4-12B-it_public_dataset_xsum_semantic_cuda.json"
"google_gemma-4-12B-it","google/gemma-4-12B-it","xsum","semantic","shadow_kv_plus","456","2.23212979432372","2.15557291224542","59.7293966707191","59.6666056326848","0.9921875","127","16256","0.0","raw_results\google_gemma-4-12B-it\semantic\seed_456\xsum\shadow_kv_plus\benchmark_hf_google_gemma-4-12B-it_public_dataset_xsum_semantic_cuda.json"
"google_gemma-4-12B-it","google/gemma-4-12B-it","xsum","semantic","shadow_kv","789","0.986042670252154","1.01227013727321","-4.20705596580078","-0.381391436078934","0.0","0","0","0.0","raw_results\google_gemma-4-12B-it\semantic\seed_789\xsum\shadow_kv\benchmark_hf_google_gemma-4-12B-it_public_dataset_xsum_semantic_cuda.json"
"google_gemma-4-12B-it","google/gemma-4-12B-it","xsum","semantic","shadow_kv_plus","789","2.10627125273242","2.26349785716861","58.0505049839226","62.4175738238238","0.9921875","127","16256","0.0","raw_results\google_gemma-4-12B-it\semantic\seed_789\xsum\shadow_kv_plus\benchmark_hf_google_gemma-4-12B-it_public_dataset_xsum_semantic_cuda.json"
"google_gemma-4-12B-it","google/gemma-4-12B-it","xsum","semantic","shadow_kv","999","0.987651932610613","0.96612888269215","0.674328912858228","0.875539866145321","0.0","0","0","0.0","raw_results\google_gemma-4-12B-it\semantic\seed_999\xsum\shadow_kv\benchmark_hf_google_gemma-4-12B-it_public_dataset_xsum_semantic_cuda.json"
"google_gemma-4-12B-it","google/gemma-4-12B-it","xsum","semantic","shadow_kv_plus","999","1.94245703152012","2.17549238503306","55.1169461927925","57.0323364883041","0.9921875","127","16256","0.0","raw_results\google_gemma-4-12B-it\semantic\seed_999\xsum\shadow_kv_plus\benchmark_hf_google_gemma-4-12B-it_public_dataset_xsum_semantic_cuda.json"
"google_gemma-4-26B-A4B-it","google/gemma-4-26B-A4B-it","ag_news","semantic","shadow_kv","42","1.00322260289681","1.00384751556884","0.688819979215583","0.0439440280334124","0.0","0","0","0.0","raw_results\google_gemma-4-26B-A4B-it\semantic\seed_42\ag_news\shadow_kv\benchmark_hf_google_gemma-4-26B-A4B-it_public_dataset_ag_news_semantic_cuda.json"
"google_gemma-4-26B-A4B-it","google/gemma-4-26B-A4B-it","ag_news","semantic","shadow_kv_plus","42","1.05410135663276","1.05267895434347","9.04778232946856","12.1856823144851","0.9921875","127","16256","0.0","raw_results\google_gemma-4-26B-A4B-it\semantic\seed_42\ag_news\shadow_kv_plus\benchmark_hf_google_gemma-4-26B-A4B-it_public_dataset_ag_news_semantic_cuda.json"
"google_gemma-4-26B-A4B-it","google/gemma-4-26B-A4B-it","ag_news","semantic","shadow_kv","123","1.04914044617194","1.07979703995707","-4.02013984936219","12.7919625113021","0.0","0","0","0.0","raw_results\google_gemma-4-26B-A4B-it\semantic\seed_123\ag_news\shadow_kv\benchmark_hf_google_gemma-4-26B-A4B-it_public_dataset_ag_news_semantic_cuda.json"
"google_gemma-4-26B-A4B-it","google/gemma-4-26B-A4B-it","ag_news","semantic","shadow_kv_plus","123","1.08794822527822","1.15210141827413","6.88112632545314","17.0756615836103","0.9921875","127","16256","0.0","raw_results\google_gemma-4-26B-A4B-it\semantic\seed_123\ag_news\shadow_kv_plus\benchmark_hf_google_gemma-4-26B-A4B-it_public_dataset_ag_news_semantic_cuda.json"
"google_gemma-4-26B-A4B-it","google/gemma-4-26B-A4B-it","ag_news","semantic","shadow_kv","456","1.00796579806404","1.02836631490128","4.6492253362069","-6.48012454192453","0.0","0","0","0.0","raw_results\google_gemma-4-26B-A4B-it\semantic\seed_456\ag_news\shadow_kv\benchmark_hf_google_gemma-4-26B-A4B-it_public_dataset_ag_news_semantic_cuda.json"
"google_gemma-4-26B-A4B-it","google/gemma-4-26B-A4B-it","ag_news","semantic","shadow_kv_plus","456","1.0845941963678","1.0539323427182","11.487432647149","4.54266334702985","0.9921875","127","16256","0.0","raw_results\google_gemma-4-26B-A4B-it\semantic\seed_456\ag_news\shadow_kv_plus\benchmark_hf_google_gemma-4-26B-A4B-it_public_dataset_ag_news_semantic_cuda.json"
"google_gemma-4-26B-A4B-it","google/gemma-4-26B-A4B-it","ag_news","semantic","shadow_kv","789","1.02283373487878","1.00897620467593","-3.76302615517939","-3.26837264810155","0.0","0","0","0.0","raw_results\google_gemma-4-26B-A4B-it\semantic\seed_789\ag_news\shadow_kv\benchmark_hf_google_gemma-4-26B-A4B-it_public_dataset_ag_news_semantic_cuda.json"
"google_gemma-4-26B-A4B-it","google/gemma-4-26B-A4B-it","ag_news","semantic","shadow_kv_plus","789","1.04798533604904","1.082842593163","3.32810601969855","9.23847022413144","0.9921875","127","16256","0.0","raw_results\google_gemma-4-26B-A4B-it\semantic\seed_789\ag_news\shadow_kv_plus\benchmark_hf_google_gemma-4-26B-A4B-it_public_dataset_ag_news_semantic_cuda.json"
"google_gemma-4-26B-A4B-it","google/gemma-4-26B-A4B-it","ag_news","semantic","shadow_kv","999","1.0455006366983","0.984212178530602","9.89562221946826","5.62239701633502","0.0","0","0","0.0","raw_results\google_gemma-4-26B-A4B-it\semantic\seed_999\ag_news\shadow_kv\benchmark_hf_google_gemma-4-26B-A4B-it_public_dataset_ag_news_semantic_cuda.json"
"google_gemma-4-26B-A4B-it","google/gemma-4-26B-A4B-it","ag_news","semantic","shadow_kv_plus","999","1.07476264616171","1.11036653804393","11.2803493692521","14.812394375998","0.9921875","127","16256","0.0","raw_results\google_gemma-4-26B-A4B-it\semantic\seed_999\ag_news\shadow_kv_plus\benchmark_hf_google_gemma-4-26B-A4B-it_public_dataset_ag_news_semantic_cuda.json"
"google_gemma-4-26B-A4B-it","google/gemma-4-26B-A4B-it","alpaca_eval","semantic","shadow_kv","42","1.00273908826971","1.00446313762657","0.274709391319285","1.70959529273948","0.0","0","0","0.0","raw_results\google_gemma-4-26B-A4B-it\semantic\seed_42\alpaca_eval\shadow_kv\benchmark_hf_google_gemma-4-26B-A4B-it_public_dataset_alpaca_eval_semantic_cuda.json"
"google_gemma-4-26B-A4B-it","google/gemma-4-26B-A4B-it","alpaca_eval","semantic","shadow_kv_plus","42","1.04327382730906","1.0486173184374","7.40481325277567","7.72367494856563","0.9921875","127","16256","0.0","raw_results\google_gemma-4-26B-A4B-it\semantic\seed_42\alpaca_eval\shadow_kv_plus\benchmark_hf_google_gemma-4-26B-A4B-it_public_dataset_alpaca_eval_semantic_cuda.json"
"google_gemma-4-26B-A4B-it","google/gemma-4-26B-A4B-it","alpaca_eval","semantic","shadow_kv","123","1.03111895600799","0.9227570618618","-1.72551519312917","3.74908574915414","0.0","0","0","0.0","raw_results\google_gemma-4-26B-A4B-it\semantic\seed_123\alpaca_eval\shadow_kv\benchmark_hf_google_gemma-4-26B-A4B-it_public_dataset_alpaca_eval_semantic_cuda.json"
"google_gemma-4-26B-A4B-it","google/gemma-4-26B-A4B-it","alpaca_eval","semantic","shadow_kv_plus","123","1.05791075081633","1.00380487919856","6.44659854966522","10.6148754720038","0.9921875","127","16256","0.0","raw_results\google_gemma-4-26B-A4B-it\semantic\seed_123\alpaca_eval\shadow_kv_plus\benchmark_hf_google_gemma-4-26B-A4B-it_public_dataset_alpaca_eval_semantic_cuda.json"
"google_gemma-4-26B-A4B-it","google/gemma-4-26B-A4B-it","alpaca_eval","semantic","shadow_kv","456","1.04918675166546","0.955977945176968","1.38464496382698","5.0903175018221","0.0","0","0","0.0","raw_results\google_gemma-4-26B-A4B-it\semantic\seed_456\alpaca_eval\shadow_kv\benchmark_hf_google_gemma-4-26B-A4B-it_public_dataset_alpaca_eval_semantic_cuda.json"
"google_gemma-4-26B-A4B-it","google/gemma-4-26B-A4B-it","alpaca_eval","semantic","shadow_kv_plus","456","1.02063126075553","0.992978293811549","6.00047495014725","13.1814832552606","0.9921875","127","16256","0.0","raw_results\google_gemma-4-26B-A4B-it\semantic\seed_456\alpaca_eval\shadow_kv_plus\benchmark_hf_google_gemma-4-26B-A4B-it_public_dataset_alpaca_eval_semantic_cuda.json"
"google_gemma-4-26B-A4B-it","google/gemma-4-26B-A4B-it","alpaca_eval","semantic","shadow_kv","789","1.04294486247145","1.00216687747322","-5.13051806914419","-0.548632780257263","0.0","0","0","0.0","raw_results\google_gemma-4-26B-A4B-it\semantic\seed_789\alpaca_eval\shadow_kv\benchmark_hf_google_gemma-4-26B-A4B-it_public_dataset_alpaca_eval_semantic_cuda.json"
"google_gemma-4-26B-A4B-it","google/gemma-4-26B-A4B-it","alpaca_eval","semantic","shadow_kv_plus","789","1.09158685483715","1.04004142970052","2.02092412080763","7.49198814694204","0.9921875","127","16256","0.0","raw_results\google_gemma-4-26B-A4B-it\semantic\seed_789\alpaca_eval\shadow_kv_plus\benchmark_hf_google_gemma-4-26B-A4B-it_public_dataset_alpaca_eval_semantic_cuda.json"
"google_gemma-4-26B-A4B-it","google/gemma-4-26B-A4B-it","alpaca_eval","semantic","shadow_kv","999","0.993956427358431","1.05702050563178","-0.673723208915396","-1.79993233343863","0.0","0","0","0.0","raw_results\google_gemma-4-26B-A4B-it\semantic\seed_999\alpaca_eval\shadow_kv\benchmark_hf_google_gemma-4-26B-A4B-it_public_dataset_alpaca_eval_semantic_cuda.json"
"google_gemma-4-26B-A4B-it","google/gemma-4-26B-A4B-it","alpaca_eval","semantic","shadow_kv_plus","999","1.0189397304325","1.06853366018396","5.25149934966752","3.62852030302997","0.9921875","127","16256","0.0","raw_results\google_gemma-4-26B-A4B-it\semantic\seed_999\alpaca_eval\shadow_kv_plus\benchmark_hf_google_gemma-4-26B-A4B-it_public_dataset_alpaca_eval_semantic_cuda.json"
"google_gemma-4-26B-A4B-it","google/gemma-4-26B-A4B-it","banking77","semantic","shadow_kv","42","0.998900607796423","1.00010896654456","-0.0633816793105089","2.71723996771608","0.0","0","0","0.0","raw_results\google_gemma-4-26B-A4B-it\semantic\seed_42\banking77\shadow_kv\benchmark_hf_google_gemma-4-26B-A4B-it_public_dataset_banking77_semantic_cuda.json"
"google_gemma-4-26B-A4B-it","google/gemma-4-26B-A4B-it","banking77","semantic","shadow_kv_plus","42","1.07070008174899","1.07116067753717","9.12271725576257","10.999071834346","0.9921875","127","16256","0.0","raw_results\google_gemma-4-26B-A4B-it\semantic\seed_42\banking77\shadow_kv_plus\benchmark_hf_google_gemma-4-26B-A4B-it_public_dataset_banking77_semantic_cuda.json"
"google_gemma-4-26B-A4B-it","google/gemma-4-26B-A4B-it","banking77","semantic","shadow_kv","123","1.02747584234446","0.989250628365622","-3.09894298846894","3.43987035658598","0.0","0","0","0.0","raw_results\google_gemma-4-26B-A4B-it\semantic\seed_123\banking77\shadow_kv\benchmark_hf_google_gemma-4-26B-A4B-it_public_dataset_banking77_semantic_cuda.json"
"google_gemma-4-26B-A4B-it","google/gemma-4-26B-A4B-it","banking77","semantic","shadow_kv_plus","123","1.04207151999078","1.04714745408505","9.79343982333075","7.16044075406474","0.9921875","127","16256","0.0","raw_results\google_gemma-4-26B-A4B-it\semantic\seed_123\banking77\shadow_kv_plus\benchmark_hf_google_gemma-4-26B-A4B-it_public_dataset_banking77_semantic_cuda.json"
"google_gemma-4-26B-A4B-it","google/gemma-4-26B-A4B-it","banking77","semantic","shadow_kv","456","1.04940746193977","1.0109490148606","1.17744392074544","1.00974184565179","0.0","0","0","0.0","raw_results\google_gemma-4-26B-A4B-it\semantic\seed_456\banking77\shadow_kv\benchmark_hf_google_gemma-4-26B-A4B-it_public_dataset_banking77_semantic_cuda.json"
"google_gemma-4-26B-A4B-it","google/gemma-4-26B-A4B-it","banking77","semantic","shadow_kv_plus","456","1.1060554991236","1.04461927620553","10.2785227479826","13.1067423592442","0.9921875","127","16256","0.0","raw_results\google_gemma-4-26B-A4B-it\semantic\seed_456\banking77\shadow_kv_plus\benchmark_hf_google_gemma-4-26B-A4B-it_public_dataset_banking77_semantic_cuda.json"
"google_gemma-4-26B-A4B-it","google/gemma-4-26B-A4B-it","banking77","semantic","shadow_kv","789","1.07731520979336","1.00070941639752","-3.17175488784932","4.34337782681538","0.0","0","0","0.0","raw_results\google_gemma-4-26B-A4B-it\semantic\seed_789\banking77\shadow_kv\benchmark_hf_google_gemma-4-26B-A4B-it_public_dataset_banking77_semantic_cuda.json"
"google_gemma-4-26B-A4B-it","google/gemma-4-26B-A4B-it","banking77","semantic","shadow_kv_plus","789","1.18341736462046","1.05606666193812","10.2326875546331","17.2107336755864","0.9921875","127","16256","0.0","raw_results\google_gemma-4-26B-A4B-it\semantic\seed_789\banking77\shadow_kv_plus\benchmark_hf_google_gemma-4-26B-A4B-it_public_dataset_banking77_semantic_cuda.json"
"google_gemma-4-26B-A4B-it","google/gemma-4-26B-A4B-it","banking77","semantic","shadow_kv","999","0.968933937955939","1.09361905961931","-3.66603359270213","-3.33252835975457","0.0","0","0","0.0","raw_results\google_gemma-4-26B-A4B-it\semantic\seed_999\banking77\shadow_kv\benchmark_hf_google_gemma-4-26B-A4B-it_public_dataset_banking77_semantic_cuda.json"
"google_gemma-4-26B-A4B-it","google/gemma-4-26B-A4B-it","banking77","semantic","shadow_kv_plus","999","1.07091280037078","1.13626154438994","10.2772510347002","5.43972880172431","0.9921875","127","16256","0.0","raw_results\google_gemma-4-26B-A4B-it\semantic\seed_999\banking77\shadow_kv_plus\benchmark_hf_google_gemma-4-26B-A4B-it_public_dataset_banking77_semantic_cuda.json"
"google_gemma-4-26B-A4B-it","google/gemma-4-26B-A4B-it","cnn_dailymail","semantic","shadow_kv","42","0.998499137209275","0.996436941074525","-0.549491608530091","0.620243821989676","0.0","0","0","0.0","raw_results\google_gemma-4-26B-A4B-it\semantic\seed_42\cnn_dailymail\shadow_kv\benchmark_hf_google_gemma-4-26B-A4B-it_public_dataset_cnn_dailymail_semantic_cuda.json"
"google_gemma-4-26B-A4B-it","google/gemma-4-26B-A4B-it","cnn_dailymail","semantic","shadow_kv_plus","42","1.59465093893531","1.5906042109154","47.9774851716161","51.5559752732972","0.9921875","127","16256","0.0","raw_results\google_gemma-4-26B-A4B-it\semantic\seed_42\cnn_dailymail\shadow_kv_plus\benchmark_hf_google_gemma-4-26B-A4B-it_public_dataset_cnn_dailymail_semantic_cuda.json"
"google_gemma-4-26B-A4B-it","google/gemma-4-26B-A4B-it","cnn_dailymail","semantic","shadow_kv","123","1.02236867681454","0.994890045950017","3.42401242268771","-3.79368504471866","0.0","0","0","0.0","raw_results\google_gemma-4-26B-A4B-it\semantic\seed_123\cnn_dailymail\shadow_kv\benchmark_hf_google_gemma-4-26B-A4B-it_public_dataset_cnn_dailymail_semantic_cuda.json"
"google_gemma-4-26B-A4B-it","google/gemma-4-26B-A4B-it","cnn_dailymail","semantic","shadow_kv_plus","123","1.60767392794498","1.57838212854833","46.7448594005728","50.2520321521567","0.9921875","127","16256","0.0","raw_results\google_gemma-4-26B-A4B-it\semantic\seed_123\cnn_dailymail\shadow_kv_plus\benchmark_hf_google_gemma-4-26B-A4B-it_public_dataset_cnn_dailymail_semantic_cuda.json"
"google_gemma-4-26B-A4B-it","google/gemma-4-26B-A4B-it","cnn_dailymail","semantic","shadow_kv","456","1.06306922187708","0.988582878181743","-4.50994610650075","5.70929296719218","0.0","0","0","0.0","raw_results\google_gemma-4-26B-A4B-it\semantic\seed_456\cnn_dailymail\shadow_kv\benchmark_hf_google_gemma-4-26B-A4B-it_public_dataset_cnn_dailymail_semantic_cuda.json"
"google_gemma-4-26B-A4B-it","google/gemma-4-26B-A4B-it","cnn_dailymail","semantic","shadow_kv_plus","456","1.59571136090698","1.51783540395812","47.1898381623773","52.2408098256105","0.9921875","127","16256","0.0","raw_results\google_gemma-4-26B-A4B-it\semantic\seed_456\cnn_dailymail\shadow_kv_plus\benchmark_hf_google_gemma-4-26B-A4B-it_public_dataset_cnn_dailymail_semantic_cuda.json"
"google_gemma-4-26B-A4B-it","google/gemma-4-26B-A4B-it","cnn_dailymail","semantic","shadow_kv","789","0.97303795556307","1.00738465416825","-9.1039231724476","-0.333684044040049","0.0","0","0","0.0","raw_results\google_gemma-4-26B-A4B-it\semantic\seed_789\cnn_dailymail\shadow_kv\benchmark_hf_google_gemma-4-26B-A4B-it_public_dataset_cnn_dailymail_semantic_cuda.json"
"google_gemma-4-26B-A4B-it","google/gemma-4-26B-A4B-it","cnn_dailymail","semantic","shadow_kv_plus","789","1.64974307605434","1.63506226485557","49.5821902632279","53.193660997089","0.9921875","127","16256","0.0","raw_results\google_gemma-4-26B-A4B-it\semantic\seed_789\cnn_dailymail\shadow_kv_plus\benchmark_hf_google_gemma-4-26B-A4B-it_public_dataset_cnn_dailymail_semantic_cuda.json"
"google_gemma-4-26B-A4B-it","google/gemma-4-26B-A4B-it","cnn_dailymail","semantic","shadow_kv","999","1.04976299722441","0.947467593439882","-11.232290768724","-1.03077098347183","0.0","0","0","0.0","raw_results\google_gemma-4-26B-A4B-it\semantic\seed_999\cnn_dailymail\shadow_kv\benchmark_hf_google_gemma-4-26B-A4B-it_public_dataset_cnn_dailymail_semantic_cuda.json"
"google_gemma-4-26B-A4B-it","google/gemma-4-26B-A4B-it","cnn_dailymail","semantic","shadow_kv_plus","999","1.59420931016776","1.58729675349455","41.4465948775994","51.1325589286306","0.9921875","127","16256","0.0","raw_results\google_gemma-4-26B-A4B-it\semantic\seed_999\cnn_dailymail\shadow_kv_plus\benchmark_hf_google_gemma-4-26B-A4B-it_public_dataset_cnn_dailymail_semantic_cuda.json"
"google_gemma-4-26B-A4B-it","google/gemma-4-26B-A4B-it","daily_dialog","semantic","shadow_kv","42","1.00145057107557","1.00542773844904","-0.692624367781305","2.46461275197535","0.0","0","0","0.0","raw_results\google_gemma-4-26B-A4B-it\semantic\seed_42\daily_dialog\shadow_kv\benchmark_hf_google_gemma-4-26B-A4B-it_public_dataset_daily_dialog_semantic_cuda.json"
"google_gemma-4-26B-A4B-it","google/gemma-4-26B-A4B-it","daily_dialog","semantic","shadow_kv_plus","42","1.07957996227459","1.13669968369938","10.4746441302666","14.56078775832","0.9921875","127","16256","0.0","raw_results\google_gemma-4-26B-A4B-it\semantic\seed_42\daily_dialog\shadow_kv_plus\benchmark_hf_google_gemma-4-26B-A4B-it_public_dataset_daily_dialog_semantic_cuda.json"
"google_gemma-4-26B-A4B-it","google/gemma-4-26B-A4B-it","daily_dialog","semantic","shadow_kv","123","1.02235113917486","0.98485210958213","-1.50950362776969","-0.701734651176655","0.0","0","0","0.0","raw_results\google_gemma-4-26B-A4B-it\semantic\seed_123\daily_dialog\shadow_kv\benchmark_hf_google_gemma-4-26B-A4B-it_public_dataset_daily_dialog_semantic_cuda.json"
"google_gemma-4-26B-A4B-it","google/gemma-4-26B-A4B-it","daily_dialog","semantic","shadow_kv_plus","123","1.08008272942827","1.08884061961845","10.4893125687113","10.9824588012322","0.9921875","127","16256","0.0","raw_results\google_gemma-4-26B-A4B-it\semantic\seed_123\daily_dialog\shadow_kv_plus\benchmark_hf_google_gemma-4-26B-A4B-it_public_dataset_daily_dialog_semantic_cuda.json"
"google_gemma-4-26B-A4B-it","google/gemma-4-26B-A4B-it","daily_dialog","semantic","shadow_kv","456","0.970900926957297","0.951909778271058","1.81183796997121","5.86899044652634","0.0","0","0","0.0","raw_results\google_gemma-4-26B-A4B-it\semantic\seed_456\daily_dialog\shadow_kv\benchmark_hf_google_gemma-4-26B-A4B-it_public_dataset_daily_dialog_semantic_cuda.json"
"google_gemma-4-26B-A4B-it","google/gemma-4-26B-A4B-it","daily_dialog","semantic","shadow_kv_plus","456","1.04861205623421","1.08718292977495","11.8272772135223","16.3892040098956","0.9921875","127","16256","0.0","raw_results\google_gemma-4-26B-A4B-it\semantic\seed_456\daily_dialog\shadow_kv_plus\benchmark_hf_google_gemma-4-26B-A4B-it_public_dataset_daily_dialog_semantic_cuda.json"
"google_gemma-4-26B-A4B-it","google/gemma-4-26B-A4B-it","daily_dialog","semantic","shadow_kv","789","1.08100467391237","1.02558130446992","3.34358894788001","0.0339254396064801","0.0","0","0","0.0","raw_results\google_gemma-4-26B-A4B-it\semantic\seed_789\daily_dialog\shadow_kv\benchmark_hf_google_gemma-4-26B-A4B-it_public_dataset_daily_dialog_semantic_cuda.json"
"google_gemma-4-26B-A4B-it","google/gemma-4-26B-A4B-it","daily_dialog","semantic","shadow_kv_plus","789","1.10129238452985","1.13194085053896","13.7082732413611","12.0361611175325","0.9921875","127","16256","0.0","raw_results\google_gemma-4-26B-A4B-it\semantic\seed_789\daily_dialog\shadow_kv_plus\benchmark_hf_google_gemma-4-26B-A4B-it_public_dataset_daily_dialog_semantic_cuda.json"
"google_gemma-4-26B-A4B-it","google/gemma-4-26B-A4B-it","daily_dialog","semantic","shadow_kv","999","1.01690485100304","1.04589010746645","1.95771722195966","4.85926208893372","0.0","0","0","0.0","raw_results\google_gemma-4-26B-A4B-it\semantic\seed_999\daily_dialog\shadow_kv\benchmark_hf_google_gemma-4-26B-A4B-it_public_dataset_daily_dialog_semantic_cuda.json"
"google_gemma-4-26B-A4B-it","google/gemma-4-26B-A4B-it","daily_dialog","semantic","shadow_kv_plus","999","1.06395297975197","1.21835339846235","13.9635328209215","17.6586683337203","0.9921875","127","16256","0.0","raw_results\google_gemma-4-26B-A4B-it\semantic\seed_999\daily_dialog\shadow_kv_plus\benchmark_hf_google_gemma-4-26B-A4B-it_public_dataset_daily_dialog_semantic_cuda.json"
"google_gemma-4-26B-A4B-it","google/gemma-4-26B-A4B-it","dolly","semantic","shadow_kv","42","0.999944586287247","1.00120730388585","0.255580256474993","-1.24943816846401","0.0","0","0","0.0","raw_results\google_gemma-4-26B-A4B-it\semantic\seed_42\dolly\shadow_kv\benchmark_hf_google_gemma-4-26B-A4B-it_public_dataset_dolly_semantic_cuda.json"
"google_gemma-4-26B-A4B-it","google/gemma-4-26B-A4B-it","dolly","semantic","shadow_kv_plus","42","1.07660275746536","1.14573599826843","10.6248105018473","10.8858487446879","0.9921875","127","16256","0.0","raw_results\google_gemma-4-26B-A4B-it\semantic\seed_42\dolly\shadow_kv_plus\benchmark_hf_google_gemma-4-26B-A4B-it_public_dataset_dolly_semantic_cuda.json"
"google_gemma-4-26B-A4B-it","google/gemma-4-26B-A4B-it","dolly","semantic","shadow_kv","123","1.04611241821419","0.970990017076718","-3.16149785852864","1.3971397590121","0.0","0","0","0.0","raw_results\google_gemma-4-26B-A4B-it\semantic\seed_123\dolly\shadow_kv\benchmark_hf_google_gemma-4-26B-A4B-it_public_dataset_dolly_semantic_cuda.json"
"google_gemma-4-26B-A4B-it","google/gemma-4-26B-A4B-it","dolly","semantic","shadow_kv_plus","123","1.02556801591811","1.07184772060594","10.390190214886","13.6927929648876","0.9921875","127","16256","0.0","raw_results\google_gemma-4-26B-A4B-it\semantic\seed_123\dolly\shadow_kv_plus\benchmark_hf_google_gemma-4-26B-A4B-it_public_dataset_dolly_semantic_cuda.json"
"google_gemma-4-26B-A4B-it","google/gemma-4-26B-A4B-it","dolly","semantic","shadow_kv","456","0.963858226826088","0.980097116519042","-0.35699597250353","-12.2471895675317","0.0","0","0","0.0","raw_results\google_gemma-4-26B-A4B-it\semantic\seed_456\dolly\shadow_kv\benchmark_hf_google_gemma-4-26B-A4B-it_public_dataset_dolly_semantic_cuda.json"
"google_gemma-4-26B-A4B-it","google/gemma-4-26B-A4B-it","dolly","semantic","shadow_kv_plus","456","1.0619970372862","1.16585854940042","14.3332618925794","-0.544333812966076","0.9921875","127","16256","0.0","raw_results\google_gemma-4-26B-A4B-it\semantic\seed_456\dolly\shadow_kv_plus\benchmark_hf_google_gemma-4-26B-A4B-it_public_dataset_dolly_semantic_cuda.json"
"google_gemma-4-26B-A4B-it","google/gemma-4-26B-A4B-it","dolly","semantic","shadow_kv","789","0.994662637814678","0.916339493247614","4.56521746381551","3.3520356138605","0.0","0","0","0.0","raw_results\google_gemma-4-26B-A4B-it\semantic\seed_789\dolly\shadow_kv\benchmark_hf_google_gemma-4-26B-A4B-it_public_dataset_dolly_semantic_cuda.json"
"google_gemma-4-26B-A4B-it","google/gemma-4-26B-A4B-it","dolly","semantic","shadow_kv_plus","789","1.02437339385793","1.08141930215944","16.2927989484682","10.1128215548444","0.9921875","127","16256","0.0","raw_results\google_gemma-4-26B-A4B-it\semantic\seed_789\dolly\shadow_kv_plus\benchmark_hf_google_gemma-4-26B-A4B-it_public_dataset_dolly_semantic_cuda.json"
"google_gemma-4-26B-A4B-it","google/gemma-4-26B-A4B-it","dolly","semantic","shadow_kv","999","0.989920449947672","1.01617185059871","2.57951314429869","2.03143315243689","0.0","0","0","0.0","raw_results\google_gemma-4-26B-A4B-it\semantic\seed_999\dolly\shadow_kv\benchmark_hf_google_gemma-4-26B-A4B-it_public_dataset_dolly_semantic_cuda.json"
"google_gemma-4-26B-A4B-it","google/gemma-4-26B-A4B-it","dolly","semantic","shadow_kv_plus","999","1.03383766058493","1.20629386155063","14.7915735540826","18.5009046131649","0.9921875","127","16256","0.0","raw_results\google_gemma-4-26B-A4B-it\semantic\seed_999\dolly\shadow_kv_plus\benchmark_hf_google_gemma-4-26B-A4B-it_public_dataset_dolly_semantic_cuda.json"
"google_gemma-4-26B-A4B-it","google/gemma-4-26B-A4B-it","oasst1","semantic","shadow_kv","42","0.995922114867963","0.996193463129177","-0.566707901717778","3.20301745793743","0.0","0","0","0.0","raw_results\google_gemma-4-26B-A4B-it\semantic\seed_42\oasst1\shadow_kv\benchmark_hf_google_gemma-4-26B-A4B-it_public_dataset_oasst1_semantic_cuda.json"
"google_gemma-4-26B-A4B-it","google/gemma-4-26B-A4B-it","oasst1","semantic","shadow_kv_plus","42","1.07672367977512","1.15641289149678","11.5568237550869","13.8055464850695","0.9921875","127","16256","0.0","raw_results\google_gemma-4-26B-A4B-it\semantic\seed_42\oasst1\shadow_kv_plus\benchmark_hf_google_gemma-4-26B-A4B-it_public_dataset_oasst1_semantic_cuda.json"
"google_gemma-4-26B-A4B-it","google/gemma-4-26B-A4B-it","oasst1","semantic","shadow_kv","123","0.982657874589101","0.944179278247694","-6.50416572241493","6.0399687497387","0.0","0","0","0.0","raw_results\google_gemma-4-26B-A4B-it\semantic\seed_123\oasst1\shadow_kv\benchmark_hf_google_gemma-4-26B-A4B-it_public_dataset_oasst1_semantic_cuda.json"
"google_gemma-4-26B-A4B-it","google/gemma-4-26B-A4B-it","oasst1","semantic","shadow_kv_plus","123","1.02724793656379","1.01449372699331","13.5915958225956","14.6205899797471","0.9921875","127","16256","0.0","raw_results\google_gemma-4-26B-A4B-it\semantic\seed_123\oasst1\shadow_kv_plus\benchmark_hf_google_gemma-4-26B-A4B-it_public_dataset_oasst1_semantic_cuda.json"
"google_gemma-4-26B-A4B-it","google/gemma-4-26B-A4B-it","oasst1","semantic","shadow_kv","456","0.944914143210594","0.897463750595687","7.71959760370357","-3.97649818683039","0.0","0","0","0.0","raw_results\google_gemma-4-26B-A4B-it\semantic\seed_456\oasst1\shadow_kv\benchmark_hf_google_gemma-4-26B-A4B-it_public_dataset_oasst1_semantic_cuda.json"
"google_gemma-4-26B-A4B-it","google/gemma-4-26B-A4B-it","oasst1","semantic","shadow_kv_plus","456","0.973528410299347","1.13788563808745","15.3782978945493","4.57318540506335","0.9921875","127","16256","0.0","raw_results\google_gemma-4-26B-A4B-it\semantic\seed_456\oasst1\shadow_kv_plus\benchmark_hf_google_gemma-4-26B-A4B-it_public_dataset_oasst1_semantic_cuda.json"
"google_gemma-4-26B-A4B-it","google/gemma-4-26B-A4B-it","oasst1","semantic","shadow_kv","789","1.0572399223633","1.00926496869354","2.50746473648475","6.37186886022884","0.0","0","0","0.0","raw_results\google_gemma-4-26B-A4B-it\semantic\seed_789\oasst1\shadow_kv\benchmark_hf_google_gemma-4-26B-A4B-it_public_dataset_oasst1_semantic_cuda.json"
"google_gemma-4-26B-A4B-it","google/gemma-4-26B-A4B-it","oasst1","semantic","shadow_kv_plus","789","1.14604181274872","1.20902657696758","14.2007142398981","10.8228718707629","0.9921875","127","16256","0.0","raw_results\google_gemma-4-26B-A4B-it\semantic\seed_789\oasst1\shadow_kv_plus\benchmark_hf_google_gemma-4-26B-A4B-it_public_dataset_oasst1_semantic_cuda.json"
"google_gemma-4-26B-A4B-it","google/gemma-4-26B-A4B-it","oasst1","semantic","shadow_kv","999","0.95842069953326","0.963472136829307","-2.67156721174821","3.13624452304565","0.0","0","0","0.0","raw_results\google_gemma-4-26B-A4B-it\semantic\seed_999\oasst1\shadow_kv\benchmark_hf_google_gemma-4-26B-A4B-it_public_dataset_oasst1_semantic_cuda.json"
"google_gemma-4-26B-A4B-it","google/gemma-4-26B-A4B-it","oasst1","semantic","shadow_kv_plus","999","1.09297102326621","1.12299120668433","8.75998816420915","15.5063235224737","0.9921875","127","16256","0.0","raw_results\google_gemma-4-26B-A4B-it\semantic\seed_999\oasst1\shadow_kv_plus\benchmark_hf_google_gemma-4-26B-A4B-it_public_dataset_oasst1_semantic_cuda.json"
"google_gemma-4-26B-A4B-it","google/gemma-4-26B-A4B-it","samsum","semantic","shadow_kv","42","1.00012051933619","0.998131019541195","-0.0946649479512291","0.281572376911842","0.0","0","0","0.0","raw_results\google_gemma-4-26B-A4B-it\semantic\seed_42\samsum\shadow_kv\benchmark_hf_google_gemma-4-26B-A4B-it_public_dataset_samsum_semantic_cuda.json"
"google_gemma-4-26B-A4B-it","google/gemma-4-26B-A4B-it","samsum","semantic","shadow_kv_plus","42","1.16583807934583","1.26228119070366","20.9657689175228","21.191021198086","0.9921875","127","16256","0.0","raw_results\google_gemma-4-26B-A4B-it\semantic\seed_42\samsum\shadow_kv_plus\benchmark_hf_google_gemma-4-26B-A4B-it_public_dataset_samsum_semantic_cuda.json"
"google_gemma-4-26B-A4B-it","google/gemma-4-26B-A4B-it","samsum","semantic","shadow_kv","123","0.987577803929934","0.956218620914858","5.26455400939319","-2.38032063511116","0.0","0","0","0.0","raw_results\google_gemma-4-26B-A4B-it\semantic\seed_123\samsum\shadow_kv\benchmark_hf_google_gemma-4-26B-A4B-it_public_dataset_samsum_semantic_cuda.json"
"google_gemma-4-26B-A4B-it","google/gemma-4-26B-A4B-it","samsum","semantic","shadow_kv_plus","123","1.17017250565735","1.2389080095495","21.0376990886823","23.2983946920857","0.9921875","127","16256","0.0","raw_results\google_gemma-4-26B-A4B-it\semantic\seed_123\samsum\shadow_kv_plus\benchmark_hf_google_gemma-4-26B-A4B-it_public_dataset_samsum_semantic_cuda.json"
"google_gemma-4-26B-A4B-it","google/gemma-4-26B-A4B-it","samsum","semantic","shadow_kv","456","1.00703394042728","0.92248498783446","0.906839640760418","1.58836822461091","0.0","0","0","0.0","raw_results\google_gemma-4-26B-A4B-it\semantic\seed_456\samsum\shadow_kv\benchmark_hf_google_gemma-4-26B-A4B-it_public_dataset_samsum_semantic_cuda.json"
"google_gemma-4-26B-A4B-it","google/gemma-4-26B-A4B-it","samsum","semantic","shadow_kv_plus","456","1.1950502883536","1.23902345421043","23.2994747573253","21.2254168256486","0.9921875","127","16256","0.0","raw_results\google_gemma-4-26B-A4B-it\semantic\seed_456\samsum\shadow_kv_plus\benchmark_hf_google_gemma-4-26B-A4B-it_public_dataset_samsum_semantic_cuda.json"
"google_gemma-4-26B-A4B-it","google/gemma-4-26B-A4B-it","samsum","semantic","shadow_kv","789","0.938876933343215","0.991910989586755","-6.32442441811262","-1.89432253544005","0.0","0","0","0.0","raw_results\google_gemma-4-26B-A4B-it\semantic\seed_789\samsum\shadow_kv\benchmark_hf_google_gemma-4-26B-A4B-it_public_dataset_samsum_semantic_cuda.json"
"google_gemma-4-26B-A4B-it","google/gemma-4-26B-A4B-it","samsum","semantic","shadow_kv_plus","789","1.16078247202347","1.22953315868247","18.0757265559919","20.185037437666","0.9921875","127","16256","0.0","raw_results\google_gemma-4-26B-A4B-it\semantic\seed_789\samsum\shadow_kv_plus\benchmark_hf_google_gemma-4-26B-A4B-it_public_dataset_samsum_semantic_cuda.json"
"google_gemma-4-26B-A4B-it","google/gemma-4-26B-A4B-it","samsum","semantic","shadow_kv","999","1.0261498993587","1.01630449863412","-6.05637470806418","2.81098520904781","0.0","0","0","0.0","raw_results\google_gemma-4-26B-A4B-it\semantic\seed_999\samsum\shadow_kv\benchmark_hf_google_gemma-4-26B-A4B-it_public_dataset_samsum_semantic_cuda.json"
"google_gemma-4-26B-A4B-it","google/gemma-4-26B-A4B-it","samsum","semantic","shadow_kv_plus","999","1.285225597704","1.333784973146","20.7635620910907","19.6510833404081","0.9921875","127","16256","0.0","raw_results\google_gemma-4-26B-A4B-it\semantic\seed_999\samsum\shadow_kv_plus\benchmark_hf_google_gemma-4-26B-A4B-it_public_dataset_samsum_semantic_cuda.json"
"google_gemma-4-26B-A4B-it","google/gemma-4-26B-A4B-it","ultrachat","semantic","shadow_kv","42","1.00270193031827","1.00375217077344","0.289299235600077","-2.92424911724928","0.0","0","0","0.0","raw_results\google_gemma-4-26B-A4B-it\semantic\seed_42\ultrachat\shadow_kv\benchmark_hf_google_gemma-4-26B-A4B-it_public_dataset_ultrachat_semantic_cuda.json"
"google_gemma-4-26B-A4B-it","google/gemma-4-26B-A4B-it","ultrachat","semantic","shadow_kv_plus","42","1.38965776059392","1.37758326668752","36.0155170831282","40.1047717398142","0.9921875","127","16256","0.0","raw_results\google_gemma-4-26B-A4B-it\semantic\seed_42\ultrachat\shadow_kv_plus\benchmark_hf_google_gemma-4-26B-A4B-it_public_dataset_ultrachat_semantic_cuda.json"
"google_gemma-4-26B-A4B-it","google/gemma-4-26B-A4B-it","ultrachat","semantic","shadow_kv","123","0.980526119167335","0.95164064436355","1.78888104738823","-8.59215619740722","0.0","0","0","0.0","raw_results\google_gemma-4-26B-A4B-it\semantic\seed_123\ultrachat\shadow_kv\benchmark_hf_google_gemma-4-26B-A4B-it_public_dataset_ultrachat_semantic_cuda.json"
"google_gemma-4-26B-A4B-it","google/gemma-4-26B-A4B-it","ultrachat","semantic","shadow_kv_plus","123","1.28826021512162","1.28896327593522","36.6742973089234","39.8277527092923","0.9921875","127","16256","0.0","raw_results\google_gemma-4-26B-A4B-it\semantic\seed_123\ultrachat\shadow_kv_plus\benchmark_hf_google_gemma-4-26B-A4B-it_public_dataset_ultrachat_semantic_cuda.json"
"google_gemma-4-26B-A4B-it","google/gemma-4-26B-A4B-it","ultrachat","semantic","shadow_kv","456","0.94576651516145","0.958689699654994","-0.326075203111604","-2.03016880590075","0.0","0","0","0.0","raw_results\google_gemma-4-26B-A4B-it\semantic\seed_456\ultrachat\shadow_kv\benchmark_hf_google_gemma-4-26B-A4B-it_public_dataset_ultrachat_semantic_cuda.json"
"google_gemma-4-26B-A4B-it","google/gemma-4-26B-A4B-it","ultrachat","semantic","shadow_kv_plus","456","1.27122596134811","1.34098966463702","33.6234426460474","42.5842027048031","0.9921875","127","16256","0.0","raw_results\google_gemma-4-26B-A4B-it\semantic\seed_456\ultrachat\shadow_kv_plus\benchmark_hf_google_gemma-4-26B-A4B-it_public_dataset_ultrachat_semantic_cuda.json"
"google_gemma-4-26B-A4B-it","google/gemma-4-26B-A4B-it","ultrachat","semantic","shadow_kv","789","0.999058936561962","0.950346684839419","-0.509640907859493","-1.48705981816835","0.0","0","0","0.0","raw_results\google_gemma-4-26B-A4B-it\semantic\seed_789\ultrachat\shadow_kv\benchmark_hf_google_gemma-4-26B-A4B-it_public_dataset_ultrachat_semantic_cuda.json"
"google_gemma-4-26B-A4B-it","google/gemma-4-26B-A4B-it","ultrachat","semantic","shadow_kv_plus","789","1.32957955798331","1.34590522860962","37.6431881168805","46.4625262587094","0.9921875","127","16256","0.0","raw_results\google_gemma-4-26B-A4B-it\semantic\seed_789\ultrachat\shadow_kv_plus\benchmark_hf_google_gemma-4-26B-A4B-it_public_dataset_ultrachat_semantic_cuda.json"
"google_gemma-4-26B-A4B-it","google/gemma-4-26B-A4B-it","ultrachat","semantic","shadow_kv","999","0.8855566439249","1.04159353558477","-4.41064848619646","-5.49945038626781","0.0","0","0","0.0","raw_results\google_gemma-4-26B-A4B-it\semantic\seed_999\ultrachat\shadow_kv\benchmark_hf_google_gemma-4-26B-A4B-it_public_dataset_ultrachat_semantic_cuda.json"
"google_gemma-4-26B-A4B-it","google/gemma-4-26B-A4B-it","ultrachat","semantic","shadow_kv_plus","999","1.32336827635322","1.42386998261876","35.5340517095127","39.4765713095716","0.9921875","127","16256","0.0","raw_results\google_gemma-4-26B-A4B-it\semantic\seed_999\ultrachat\shadow_kv_plus\benchmark_hf_google_gemma-4-26B-A4B-it_public_dataset_ultrachat_semantic_cuda.json"
"google_gemma-4-26B-A4B-it","google/gemma-4-26B-A4B-it","xsum","semantic","shadow_kv","42","0.999323569682533","1.00028316927218","-0.330681877972752","0.710548443115915","0.0","0","0","0.0","raw_results\google_gemma-4-26B-A4B-it\semantic\seed_42\xsum\shadow_kv\benchmark_hf_google_gemma-4-26B-A4B-it_public_dataset_xsum_semantic_cuda.json"
"google_gemma-4-26B-A4B-it","google/gemma-4-26B-A4B-it","xsum","semantic","shadow_kv_plus","42","1.48767534992317","1.48596675371255","42.7578874653416","48.5489512925917","0.9921875","127","16256","0.0","raw_results\google_gemma-4-26B-A4B-it\semantic\seed_42\xsum\shadow_kv_plus\benchmark_hf_google_gemma-4-26B-A4B-it_public_dataset_xsum_semantic_cuda.json"
"google_gemma-4-26B-A4B-it","google/gemma-4-26B-A4B-it","xsum","semantic","shadow_kv","123","0.988350298793827","0.960366052636352","2.39087566614695","0.0326101050083843","0.0","0","0","0.0","raw_results\google_gemma-4-26B-A4B-it\semantic\seed_123\xsum\shadow_kv\benchmark_hf_google_gemma-4-26B-A4B-it_public_dataset_xsum_semantic_cuda.json"
"google_gemma-4-26B-A4B-it","google/gemma-4-26B-A4B-it","xsum","semantic","shadow_kv_plus","123","1.53595677432584","1.41773306143767","45.2352299116676","52.8529423138915","0.9921875","127","16256","0.0","raw_results\google_gemma-4-26B-A4B-it\semantic\seed_123\xsum\shadow_kv_plus\benchmark_hf_google_gemma-4-26B-A4B-it_public_dataset_xsum_semantic_cuda.json"
"google_gemma-4-26B-A4B-it","google/gemma-4-26B-A4B-it","xsum","semantic","shadow_kv","456","1.02291078953425","1.07805928425255","-0.360853234204928","2.58423719034267","0.0","0","0","0.0","raw_results\google_gemma-4-26B-A4B-it\semantic\seed_456\xsum\shadow_kv\benchmark_hf_google_gemma-4-26B-A4B-it_public_dataset_xsum_semantic_cuda.json"
"google_gemma-4-26B-A4B-it","google/gemma-4-26B-A4B-it","xsum","semantic","shadow_kv_plus","456","1.49258923382918","1.57479284789133","43.3885099861444","50.2771037226672","0.9921875","127","16256","0.0","raw_results\google_gemma-4-26B-A4B-it\semantic\seed_456\xsum\shadow_kv_plus\benchmark_hf_google_gemma-4-26B-A4B-it_public_dataset_xsum_semantic_cuda.json"
"google_gemma-4-26B-A4B-it","google/gemma-4-26B-A4B-it","xsum","semantic","shadow_kv","789","0.92896986100456","1.03422107151954","-3.9549743413192","-0.116395733425171","0.0","0","0","0.0","raw_results\google_gemma-4-26B-A4B-it\semantic\seed_789\xsum\shadow_kv\benchmark_hf_google_gemma-4-26B-A4B-it_public_dataset_xsum_semantic_cuda.json"
"google_gemma-4-26B-A4B-it","google/gemma-4-26B-A4B-it","xsum","semantic","shadow_kv_plus","789","1.45905199064795","1.52474085435588","40.5183035962288","47.2590675390931","0.9921875","127","16256","0.0","raw_results\google_gemma-4-26B-A4B-it\semantic\seed_789\xsum\shadow_kv_plus\benchmark_hf_google_gemma-4-26B-A4B-it_public_dataset_xsum_semantic_cuda.json"
"google_gemma-4-26B-A4B-it","google/gemma-4-26B-A4B-it","xsum","semantic","shadow_kv","999","1.05541993638696","1.00672867248896","1.96107275131288","8.68310730047421","0.0","0","0","0.0","raw_results\google_gemma-4-26B-A4B-it\semantic\seed_999\xsum\shadow_kv\benchmark_hf_google_gemma-4-26B-A4B-it_public_dataset_xsum_semantic_cuda.json"
"google_gemma-4-26B-A4B-it","google/gemma-4-26B-A4B-it","xsum","semantic","shadow_kv_plus","999","1.57839060338037","1.45938621257443","43.0417761224356","49.1454447330663","0.9921875","127","16256","0.0","raw_results\google_gemma-4-26B-A4B-it\semantic\seed_999\xsum\shadow_kv_plus\benchmark_hf_google_gemma-4-26B-A4B-it_public_dataset_xsum_semantic_cuda.json"
"google_gemma-4-31B-it","google/gemma-4-31B-it","ag_news","semantic","shadow_kv","42","0.994064884061924","0.993771448339969","-1.80133852605106","3.79221297704884","0.0","0","0","0.0","raw_results\google_gemma-4-31B-it\semantic\seed_42\ag_news\shadow_kv\benchmark_hf_google_gemma-4-31B-it_public_dataset_ag_news_semantic_cuda.json"
"google_gemma-4-31B-it","google/gemma-4-31B-it","ag_news","semantic","shadow_kv_plus","42","1.1385115124624","1.14493173062592","11.7055652060213","17.1674844401161","0.9921875","127","16256","0.0","raw_results\google_gemma-4-31B-it\semantic\seed_42\ag_news\shadow_kv_plus\benchmark_hf_google_gemma-4-31B-it_public_dataset_ag_news_semantic_cuda.json"
"google_gemma-4-31B-it","google/gemma-4-31B-it","ag_news","semantic","shadow_kv","123","1.01211923906904","1.0469003509852","-1.89725993192319","-2.03970364579914","0.0","0","0","0.0","raw_results\google_gemma-4-31B-it\semantic\seed_123\ag_news\shadow_kv\benchmark_hf_google_gemma-4-31B-it_public_dataset_ag_news_semantic_cuda.json"
"google_gemma-4-31B-it","google/gemma-4-31B-it","ag_news","semantic","shadow_kv_plus","123","1.13003065798478","1.23168827929146","11.7281695348141","14.9516898795174","0.9921875","127","16256","0.0","raw_results\google_gemma-4-31B-it\semantic\seed_123\ag_news\shadow_kv_plus\benchmark_hf_google_gemma-4-31B-it_public_dataset_ag_news_semantic_cuda.json"
"google_gemma-4-31B-it","google/gemma-4-31B-it","ag_news","semantic","shadow_kv","456","1.04734448886623","0.954934856730605","8.88627749192235","1.02058914791183","0.0","0","0","0.0","raw_results\google_gemma-4-31B-it\semantic\seed_456\ag_news\shadow_kv\benchmark_hf_google_gemma-4-31B-it_public_dataset_ag_news_semantic_cuda.json"
"google_gemma-4-31B-it","google/gemma-4-31B-it","ag_news","semantic","shadow_kv_plus","456","1.10720028292317","1.2307906884021","17.340111176636","16.9282951704337","0.9921875","127","16256","0.0","raw_results\google_gemma-4-31B-it\semantic\seed_456\ag_news\shadow_kv_plus\benchmark_hf_google_gemma-4-31B-it_public_dataset_ag_news_semantic_cuda.json"
"google_gemma-4-31B-it","google/gemma-4-31B-it","ag_news","semantic","shadow_kv","789","0.921751688622731","0.970808361299468","-4.35270972519474","9.00050016796146","0.0","0","0","0.0","raw_results\google_gemma-4-31B-it\semantic\seed_789\ag_news\shadow_kv\benchmark_hf_google_gemma-4-31B-it_public_dataset_ag_news_semantic_cuda.json"
"google_gemma-4-31B-it","google/gemma-4-31B-it","ag_news","semantic","shadow_kv_plus","789","1.11276080748622","1.13769386836528","13.6448729459023","23.0551987917543","0.9921875","127","16256","0.0","raw_results\google_gemma-4-31B-it\semantic\seed_789\ag_news\shadow_kv_plus\benchmark_hf_google_gemma-4-31B-it_public_dataset_ag_news_semantic_cuda.json"
"google_gemma-4-31B-it","google/gemma-4-31B-it","ag_news","semantic","shadow_kv","999","1.09491458833982","0.999508528673246","-5.69502498815906","0.775669834147464","0.0","0","0","0.0","raw_results\google_gemma-4-31B-it\semantic\seed_999\ag_news\shadow_kv\benchmark_hf_google_gemma-4-31B-it_public_dataset_ag_news_semantic_cuda.json"
"google_gemma-4-31B-it","google/gemma-4-31B-it","ag_news","semantic","shadow_kv_plus","999","1.16051543891744","1.03146700258189","11.8963670996726","14.9706914695165","0.9921875","127","16256","0.0","raw_results\google_gemma-4-31B-it\semantic\seed_999\ag_news\shadow_kv_plus\benchmark_hf_google_gemma-4-31B-it_public_dataset_ag_news_semantic_cuda.json"
"google_gemma-4-31B-it","google/gemma-4-31B-it","alpaca_eval","semantic","shadow_kv","42","1.00020033179459","0.999256188220478","-0.327062198909997","1.2442106743604","0.0","0","0","0.0","raw_results\google_gemma-4-31B-it\semantic\seed_42\alpaca_eval\shadow_kv\benchmark_hf_google_gemma-4-31B-it_public_dataset_alpaca_eval_semantic_cuda.json"
"google_gemma-4-31B-it","google/gemma-4-31B-it","alpaca_eval","semantic","shadow_kv_plus","42","1.14503970235156","1.15690344312512","14.2818352783378","15.633739444335","0.9921875","127","16256","0.0","raw_results\google_gemma-4-31B-it\semantic\seed_42\alpaca_eval\shadow_kv_plus\benchmark_hf_google_gemma-4-31B-it_public_dataset_alpaca_eval_semantic_cuda.json"
"google_gemma-4-31B-it","google/gemma-4-31B-it","alpaca_eval","semantic","shadow_kv","123","0.978008623173624","0.971550145850161","0.0239111080535636","4.40602983104563","0.0","0","0","0.0","raw_results\google_gemma-4-31B-it\semantic\seed_123\alpaca_eval\shadow_kv\benchmark_hf_google_gemma-4-31B-it_public_dataset_alpaca_eval_semantic_cuda.json"
"google_gemma-4-31B-it","google/gemma-4-31B-it","alpaca_eval","semantic","shadow_kv_plus","123","1.17747351474423","1.16105939747897","12.5606767494127","22.2576639286548","0.9921875","127","16256","0.0","raw_results\google_gemma-4-31B-it\semantic\seed_123\alpaca_eval\shadow_kv_plus\benchmark_hf_google_gemma-4-31B-it_public_dataset_alpaca_eval_semantic_cuda.json"
"google_gemma-4-31B-it","google/gemma-4-31B-it","alpaca_eval","semantic","shadow_kv","456","0.914404519394415","0.99963497382984","-0.414238243937693","6.64118652395956","0.0","0","0","0.0","raw_results\google_gemma-4-31B-it\semantic\seed_456\alpaca_eval\shadow_kv\benchmark_hf_google_gemma-4-31B-it_public_dataset_alpaca_eval_semantic_cuda.json"
"google_gemma-4-31B-it","google/gemma-4-31B-it","alpaca_eval","semantic","shadow_kv_plus","456","1.09537969276194","1.08320743989324","15.112068219942","14.309713325015","0.9921875","127","16256","0.0","raw_results\google_gemma-4-31B-it\semantic\seed_456\alpaca_eval\shadow_kv_plus\benchmark_hf_google_gemma-4-31B-it_public_dataset_alpaca_eval_semantic_cuda.json"
"google_gemma-4-31B-it","google/gemma-4-31B-it","alpaca_eval","semantic","shadow_kv","789","1.05590221520612","0.999861474585385","2.90577480207847","1.411295608418","0.0","0","0","0.0","raw_results\google_gemma-4-31B-it\semantic\seed_789\alpaca_eval\shadow_kv\benchmark_hf_google_gemma-4-31B-it_public_dataset_alpaca_eval_semantic_cuda.json"
"google_gemma-4-31B-it","google/gemma-4-31B-it","alpaca_eval","semantic","shadow_kv_plus","789","1.09857298258995","1.15282554821968","19.4702253809772","16.2861837781256","0.9921875","127","16256","0.0","raw_results\google_gemma-4-31B-it\semantic\seed_789\alpaca_eval\shadow_kv_plus\benchmark_hf_google_gemma-4-31B-it_public_dataset_alpaca_eval_semantic_cuda.json"
"google_gemma-4-31B-it","google/gemma-4-31B-it","alpaca_eval","semantic","shadow_kv","999","1.02808882374501","0.930777770520148","-8.76895703253523","5.56497683574539","0.0","0","0","0.0","raw_results\google_gemma-4-31B-it\semantic\seed_999\alpaca_eval\shadow_kv\benchmark_hf_google_gemma-4-31B-it_public_dataset_alpaca_eval_semantic_cuda.json"
"google_gemma-4-31B-it","google/gemma-4-31B-it","alpaca_eval","semantic","shadow_kv_plus","999","1.14961554119044","1.07587633130454","16.2662953692244","22.5263045036368","0.9921875","127","16256","0.0","raw_results\google_gemma-4-31B-it\semantic\seed_999\alpaca_eval\shadow_kv_plus\benchmark_hf_google_gemma-4-31B-it_public_dataset_alpaca_eval_semantic_cuda.json"
"google_gemma-4-31B-it","google/gemma-4-31B-it","banking77","semantic","shadow_kv","42","0.998536295912733","0.998286902504476","-0.722910584300621","0.0884196360742599","0.0","0","0","0.0","raw_results\google_gemma-4-31B-it\semantic\seed_42\banking77\shadow_kv\benchmark_hf_google_gemma-4-31B-it_public_dataset_banking77_semantic_cuda.json"
"google_gemma-4-31B-it","google/gemma-4-31B-it","banking77","semantic","shadow_kv_plus","42","1.13948024843367","1.1551423229269","14.2338114047088","15.1445424295204","0.9921875","127","16256","0.0","raw_results\google_gemma-4-31B-it\semantic\seed_42\banking77\shadow_kv_plus\benchmark_hf_google_gemma-4-31B-it_public_dataset_banking77_semantic_cuda.json"
"google_gemma-4-31B-it","google/gemma-4-31B-it","banking77","semantic","shadow_kv","123","1.05810183222173","0.985900798801662","-3.25238282325769","-1.88423146655371","0.0","0","0","0.0","raw_results\google_gemma-4-31B-it\semantic\seed_123\banking77\shadow_kv\benchmark_hf_google_gemma-4-31B-it_public_dataset_banking77_semantic_cuda.json"
"google_gemma-4-31B-it","google/gemma-4-31B-it","banking77","semantic","shadow_kv_plus","123","1.19407021334528","1.19237288287566","15.7355281501557","10.6623183102032","0.9921875","127","16256","0.0","raw_results\google_gemma-4-31B-it\semantic\seed_123\banking77\shadow_kv_plus\benchmark_hf_google_gemma-4-31B-it_public_dataset_banking77_semantic_cuda.json"
"google_gemma-4-31B-it","google/gemma-4-31B-it","banking77","semantic","shadow_kv","456","0.991850222672246","0.984011643350924","6.62351774035422","-1.33847167358309","0.0","0","0","0.0","raw_results\google_gemma-4-31B-it\semantic\seed_456\banking77\shadow_kv\benchmark_hf_google_gemma-4-31B-it_public_dataset_banking77_semantic_cuda.json"
"google_gemma-4-31B-it","google/gemma-4-31B-it","banking77","semantic","shadow_kv_plus","456","1.1591166951435","1.08494184031531","20.4143052586337","12.1182229876061","0.9921875","127","16256","0.0","raw_results\google_gemma-4-31B-it\semantic\seed_456\banking77\shadow_kv_plus\benchmark_hf_google_gemma-4-31B-it_public_dataset_banking77_semantic_cuda.json"
"google_gemma-4-31B-it","google/gemma-4-31B-it","banking77","semantic","shadow_kv","789","0.98485635151894","0.938308467363326","-2.51372565859114","0.908931279235701","0.0","0","0","0.0","raw_results\google_gemma-4-31B-it\semantic\seed_789\banking77\shadow_kv\benchmark_hf_google_gemma-4-31B-it_public_dataset_banking77_semantic_cuda.json"
"google_gemma-4-31B-it","google/gemma-4-31B-it","banking77","semantic","shadow_kv_plus","789","1.13656043139471","1.08084944927551","12.5326702364123","8.95998023715415","0.9921875","127","16256","0.0","raw_results\google_gemma-4-31B-it\semantic\seed_789\banking77\shadow_kv_plus\benchmark_hf_google_gemma-4-31B-it_public_dataset_banking77_semantic_cuda.json"
"google_gemma-4-31B-it","google/gemma-4-31B-it","banking77","semantic","shadow_kv","999","1.0468763729585","1.03565865373695","-1.49082251319154","-0.866529847775445","0.0","0","0","0.0","raw_results\google_gemma-4-31B-it\semantic\seed_999\banking77\shadow_kv\benchmark_hf_google_gemma-4-31B-it_public_dataset_banking77_semantic_cuda.json"
"google_gemma-4-31B-it","google/gemma-4-31B-it","banking77","semantic","shadow_kv_plus","999","1.19522129479493","1.09661268106078","10.3431742545832","17.8900616900972","0.9921875","127","16256","0.0","raw_results\google_gemma-4-31B-it\semantic\seed_999\banking77\shadow_kv_plus\benchmark_hf_google_gemma-4-31B-it_public_dataset_banking77_semantic_cuda.json"
"google_gemma-4-31B-it","google/gemma-4-31B-it","cnn_dailymail","semantic","shadow_kv","42","0.997348222266183","0.997025322779129","-0.178427142990261","-0.685401445639721","0.0","0","0","0.0","raw_results\google_gemma-4-31B-it\semantic\seed_42\cnn_dailymail\shadow_kv\benchmark_hf_google_gemma-4-31B-it_public_dataset_cnn_dailymail_semantic_cuda.json"
"google_gemma-4-31B-it","google/gemma-4-31B-it","cnn_dailymail","semantic","shadow_kv_plus","42","2.70323269668911","2.95757423145774","65.1094001240819","66.4024667562763","0.9921875","127","16256","0.0","raw_results\google_gemma-4-31B-it\semantic\seed_42\cnn_dailymail\shadow_kv_plus\benchmark_hf_google_gemma-4-31B-it_public_dataset_cnn_dailymail_semantic_cuda.json"
"google_gemma-4-31B-it","google/gemma-4-31B-it","cnn_dailymail","semantic","shadow_kv","123","1.02283785873227","0.964277864602249","-9.49223646401141","-3.93118539038063","0.0","0","0","0.0","raw_results\google_gemma-4-31B-it\semantic\seed_123\cnn_dailymail\shadow_kv\benchmark_hf_google_gemma-4-31B-it_public_dataset_cnn_dailymail_semantic_cuda.json"
"google_gemma-4-31B-it","google/gemma-4-31B-it","cnn_dailymail","semantic","shadow_kv_plus","123","2.6199818052126","2.90632497604506","62.1076087435472","67.8424261659137","0.9921875","127","16256","0.0","raw_results\google_gemma-4-31B-it\semantic\seed_123\cnn_dailymail\shadow_kv_plus\benchmark_hf_google_gemma-4-31B-it_public_dataset_cnn_dailymail_semantic_cuda.json"
"google_gemma-4-31B-it","google/gemma-4-31B-it","cnn_dailymail","semantic","shadow_kv","456","1.01419171279305","0.974403313939723","4.74564090900395","-1.50545859586458","0.0","0","0","0.0","raw_results\google_gemma-4-31B-it\semantic\seed_456\cnn_dailymail\shadow_kv\benchmark_hf_google_gemma-4-31B-it_public_dataset_cnn_dailymail_semantic_cuda.json"
"google_gemma-4-31B-it","google/gemma-4-31B-it","cnn_dailymail","semantic","shadow_kv_plus","456","2.68191465132544","2.83940272812187","64.6031866630278","66.9043265242845","0.9921875","127","16256","0.0","raw_results\google_gemma-4-31B-it\semantic\seed_456\cnn_dailymail\shadow_kv_plus\benchmark_hf_google_gemma-4-31B-it_public_dataset_cnn_dailymail_semantic_cuda.json"
"google_gemma-4-31B-it","google/gemma-4-31B-it","cnn_dailymail","semantic","shadow_kv","789","0.963572044433925","1.01661698488044","1.71140378450369","-1.92202530794778","0.0","0","0","0.0","raw_results\google_gemma-4-31B-it\semantic\seed_789\cnn_dailymail\shadow_kv\benchmark_hf_google_gemma-4-31B-it_public_dataset_cnn_dailymail_semantic_cuda.json"
"google_gemma-4-31B-it","google/gemma-4-31B-it","cnn_dailymail","semantic","shadow_kv_plus","789","2.61788017544024","2.9928076556851","65.0124381550783","68.3174986946808","0.9921875","127","16256","0.0","raw_results\google_gemma-4-31B-it\semantic\seed_789\cnn_dailymail\shadow_kv_plus\benchmark_hf_google_gemma-4-31B-it_public_dataset_cnn_dailymail_semantic_cuda.json"
"google_gemma-4-31B-it","google/gemma-4-31B-it","cnn_dailymail","semantic","shadow_kv","999","0.962919222800123","0.970246650182798","0.33974663405959","-0.269955397432044","0.0","0","0","0.0","raw_results\google_gemma-4-31B-it\semantic\seed_999\cnn_dailymail\shadow_kv\benchmark_hf_google_gemma-4-31B-it_public_dataset_cnn_dailymail_semantic_cuda.json"
"google_gemma-4-31B-it","google/gemma-4-31B-it","cnn_dailymail","semantic","shadow_kv_plus","999","2.59091353634131","2.82702167943141","66.7308503429899","64.5322086016874","0.9921875","127","16256","0.0","raw_results\google_gemma-4-31B-it\semantic\seed_999\cnn_dailymail\shadow_kv_plus\benchmark_hf_google_gemma-4-31B-it_public_dataset_cnn_dailymail_semantic_cuda.json"
"google_gemma-4-31B-it","google/gemma-4-31B-it","daily_dialog","semantic","shadow_kv","42","0.997816539882553","0.999063794120919","-0.30030759134521","0.0995748629252396","0.0","0","0","0.0","raw_results\google_gemma-4-31B-it\semantic\seed_42\daily_dialog\shadow_kv\benchmark_hf_google_gemma-4-31B-it_public_dataset_daily_dialog_semantic_cuda.json"
"google_gemma-4-31B-it","google/gemma-4-31B-it","daily_dialog","semantic","shadow_kv_plus","42","1.20278379642734","1.38860231385584","17.8278926541331","19.7930675088781","0.9921875","127","16256","0.0","raw_results\google_gemma-4-31B-it\semantic\seed_42\daily_dialog\shadow_kv_plus\benchmark_hf_google_gemma-4-31B-it_public_dataset_daily_dialog_semantic_cuda.json"
"google_gemma-4-31B-it","google/gemma-4-31B-it","daily_dialog","semantic","shadow_kv","123","1.06695600244844","1.0926431754756","-2.96467905572073","4.86581207810339","0.0","0","0","0.0","raw_results\google_gemma-4-31B-it\semantic\seed_123\daily_dialog\shadow_kv\benchmark_hf_google_gemma-4-31B-it_public_dataset_daily_dialog_semantic_cuda.json"
"google_gemma-4-31B-it","google/gemma-4-31B-it","daily_dialog","semantic","shadow_kv_plus","123","1.31439038214894","1.48352167414474","17.5363591400157","21.1612439057751","0.9921875","127","16256","0.0","raw_results\google_gemma-4-31B-it\semantic\seed_123\daily_dialog\shadow_kv_plus\benchmark_hf_google_gemma-4-31B-it_public_dataset_daily_dialog_semantic_cuda.json"
"google_gemma-4-31B-it","google/gemma-4-31B-it","daily_dialog","semantic","shadow_kv","456","0.970515855436232","1.0545935118954","-2.98676752167807","-5.86796314991172","0.0","0","0","0.0","raw_results\google_gemma-4-31B-it\semantic\seed_456\daily_dialog\shadow_kv\benchmark_hf_google_gemma-4-31B-it_public_dataset_daily_dialog_semantic_cuda.json"
"google_gemma-4-31B-it","google/gemma-4-31B-it","daily_dialog","semantic","shadow_kv_plus","456","1.2044239134783","1.4015848436217","13.4426327377617","19.4557947055758","0.9921875","127","16256","0.0","raw_results\google_gemma-4-31B-it\semantic\seed_456\daily_dialog\shadow_kv_plus\benchmark_hf_google_gemma-4-31B-it_public_dataset_daily_dialog_semantic_cuda.json"
"google_gemma-4-31B-it","google/gemma-4-31B-it","daily_dialog","semantic","shadow_kv","789","1.00369377411545","1.03253110878178","-9.72429391218061","2.74947686318431","0.0","0","0","0.0","raw_results\google_gemma-4-31B-it\semantic\seed_789\daily_dialog\shadow_kv\benchmark_hf_google_gemma-4-31B-it_public_dataset_daily_dialog_semantic_cuda.json"
"google_gemma-4-31B-it","google/gemma-4-31B-it","daily_dialog","semantic","shadow_kv_plus","789","1.21826463682306","1.4390783721628","14.9972349032182","21.4393409325748","0.9921875","127","16256","0.0","raw_results\google_gemma-4-31B-it\semantic\seed_789\daily_dialog\shadow_kv_plus\benchmark_hf_google_gemma-4-31B-it_public_dataset_daily_dialog_semantic_cuda.json"
"google_gemma-4-31B-it","google/gemma-4-31B-it","daily_dialog","semantic","shadow_kv","999","1.02378559649539","0.922522344607201","-2.66711964950137","-0.670711093631994","0.0","0","0","0.0","raw_results\google_gemma-4-31B-it\semantic\seed_999\daily_dialog\shadow_kv\benchmark_hf_google_gemma-4-31B-it_public_dataset_daily_dialog_semantic_cuda.json"
"google_gemma-4-31B-it","google/gemma-4-31B-it","daily_dialog","semantic","shadow_kv_plus","999","1.29250743509662","1.33340610026255","14.370562928515","25.437531068839","0.9921875","127","16256","0.0","raw_results\google_gemma-4-31B-it\semantic\seed_999\daily_dialog\shadow_kv_plus\benchmark_hf_google_gemma-4-31B-it_public_dataset_daily_dialog_semantic_cuda.json"
"google_gemma-4-31B-it","google/gemma-4-31B-it","dolly","semantic","shadow_kv","42","0.999015388458055","0.998975968416674","-0.117957053361136","0.195723163263428","0.0","0","0","0.0","raw_results\google_gemma-4-31B-it\semantic\seed_42\dolly\shadow_kv\benchmark_hf_google_gemma-4-31B-it_public_dataset_dolly_semantic_cuda.json"
"google_gemma-4-31B-it","google/gemma-4-31B-it","dolly","semantic","shadow_kv_plus","42","1.20846870230864","1.4000545403805","18.2333808661657","19.2723549992058","0.9921875","127","16256","0.0","raw_results\google_gemma-4-31B-it\semantic\seed_42\dolly\shadow_kv_plus\benchmark_hf_google_gemma-4-31B-it_public_dataset_dolly_semantic_cuda.json"
"google_gemma-4-31B-it","google/gemma-4-31B-it","dolly","semantic","shadow_kv","123","1.01874346719618","1.03782480798854","0.909646084088733","-8.63923331953724","0.0","0","0","0.0","raw_results\google_gemma-4-31B-it\semantic\seed_123\dolly\shadow_kv\benchmark_hf_google_gemma-4-31B-it_public_dataset_dolly_semantic_cuda.json"
"google_gemma-4-31B-it","google/gemma-4-31B-it","dolly","semantic","shadow_kv_plus","123","1.20229566392511","1.44834720460432","21.4541790135231","15.301721712055","0.9921875","127","16256","0.0","raw_results\google_gemma-4-31B-it\semantic\seed_123\dolly\shadow_kv_plus\benchmark_hf_google_gemma-4-31B-it_public_dataset_dolly_semantic_cuda.json"
"google_gemma-4-31B-it","google/gemma-4-31B-it","dolly","semantic","shadow_kv","456","1.01763594151496","0.94957370165193","-2.91504484344275","2.33887207476784","0.0","0","0","0.0","raw_results\google_gemma-4-31B-it\semantic\seed_456\dolly\shadow_kv\benchmark_hf_google_gemma-4-31B-it_public_dataset_dolly_semantic_cuda.json"
"google_gemma-4-31B-it","google/gemma-4-31B-it","dolly","semantic","shadow_kv_plus","456","1.22159294981333","1.39995562535643","17.7721499964828","21.1219202472369","0.9921875","127","16256","0.0","raw_results\google_gemma-4-31B-it\semantic\seed_456\dolly\shadow_kv_plus\benchmark_hf_google_gemma-4-31B-it_public_dataset_dolly_semantic_cuda.json"
"google_gemma-4-31B-it","google/gemma-4-31B-it","dolly","semantic","shadow_kv","789","0.947444197112153","1.03984547227291","-4.65026530492777","-3.29840229290883","0.0","0","0","0.0","raw_results\google_gemma-4-31B-it\semantic\seed_789\dolly\shadow_kv\benchmark_hf_google_gemma-4-31B-it_public_dataset_dolly_semantic_cuda.json"
"google_gemma-4-31B-it","google/gemma-4-31B-it","dolly","semantic","shadow_kv_plus","789","1.1877023917727","1.50455387973404","19.8784967462266","23.2913171043766","0.9921875","127","16256","0.0","raw_results\google_gemma-4-31B-it\semantic\seed_789\dolly\shadow_kv_plus\benchmark_hf_google_gemma-4-31B-it_public_dataset_dolly_semantic_cuda.json"
"google_gemma-4-31B-it","google/gemma-4-31B-it","dolly","semantic","shadow_kv","999","1.05617269119726","1.01332565760627","2.50481990894401","-2.28791759152872","0.0","0","0","0.0","raw_results\google_gemma-4-31B-it\semantic\seed_999\dolly\shadow_kv\benchmark_hf_google_gemma-4-31B-it_public_dataset_dolly_semantic_cuda.json"
"google_gemma-4-31B-it","google/gemma-4-31B-it","dolly","semantic","shadow_kv_plus","999","1.29096878023406","1.38377577218146","19.1642858726463","18.7054363857897","0.9921875","127","16256","0.0","raw_results\google_gemma-4-31B-it\semantic\seed_999\dolly\shadow_kv_plus\benchmark_hf_google_gemma-4-31B-it_public_dataset_dolly_semantic_cuda.json"
"google_gemma-4-31B-it","google/gemma-4-31B-it","oasst1","semantic","shadow_kv","42","0.998659987572471","0.998930748167996","0.0342069655824922","-0.678519500362424","0.0","0","0","0.0","raw_results\google_gemma-4-31B-it\semantic\seed_42\oasst1\shadow_kv\benchmark_hf_google_gemma-4-31B-it_public_dataset_oasst1_semantic_cuda.json"
"google_gemma-4-31B-it","google/gemma-4-31B-it","oasst1","semantic","shadow_kv_plus","42","1.224621510745","1.42209717671004","18.7255797732334","20.4182987615283","0.9921875","127","16256","0.0","raw_results\google_gemma-4-31B-it\semantic\seed_42\oasst1\shadow_kv_plus\benchmark_hf_google_gemma-4-31B-it_public_dataset_oasst1_semantic_cuda.json"
"google_gemma-4-31B-it","google/gemma-4-31B-it","oasst1","semantic","shadow_kv","123","0.927201758679304","1.03272017231827","-2.64170152078783","4.3865229296635","0.0","0","0","0.0","raw_results\google_gemma-4-31B-it\semantic\seed_123\oasst1\shadow_kv\benchmark_hf_google_gemma-4-31B-it_public_dataset_oasst1_semantic_cuda.json"
"google_gemma-4-31B-it","google/gemma-4-31B-it","oasst1","semantic","shadow_kv_plus","123","1.16068438493901","1.37730849963357","19.7781117043966","28.2853422484712","0.9921875","127","16256","0.0","raw_results\google_gemma-4-31B-it\semantic\seed_123\oasst1\shadow_kv_plus\benchmark_hf_google_gemma-4-31B-it_public_dataset_oasst1_semantic_cuda.json"
"google_gemma-4-31B-it","google/gemma-4-31B-it","oasst1","semantic","shadow_kv","456","1.00011008582885","1.03498013835317","3.58966591995497","-2.4620960331962","0.0","0","0","0.0","raw_results\google_gemma-4-31B-it\semantic\seed_456\oasst1\shadow_kv\benchmark_hf_google_gemma-4-31B-it_public_dataset_oasst1_semantic_cuda.json"
"google_gemma-4-31B-it","google/gemma-4-31B-it","oasst1","semantic","shadow_kv_plus","456","1.2569164501857","1.40440530512256","23.1581039813318","22.9199367937762","0.9921875","127","16256","0.0","raw_results\google_gemma-4-31B-it\semantic\seed_456\oasst1\shadow_kv_plus\benchmark_hf_google_gemma-4-31B-it_public_dataset_oasst1_semantic_cuda.json"
"google_gemma-4-31B-it","google/gemma-4-31B-it","oasst1","semantic","shadow_kv","789","0.968440464874873","0.982756691072099","0.435924264052968","-0.2785028183331","0.0","0","0","0.0","raw_results\google_gemma-4-31B-it\semantic\seed_789\oasst1\shadow_kv\benchmark_hf_google_gemma-4-31B-it_public_dataset_oasst1_semantic_cuda.json"
"google_gemma-4-31B-it","google/gemma-4-31B-it","oasst1","semantic","shadow_kv_plus","789","1.29441710048259","1.36516018888219","16.7495108396232","19.1991851388801","0.9921875","127","16256","0.0","raw_results\google_gemma-4-31B-it\semantic\seed_789\oasst1\shadow_kv_plus\benchmark_hf_google_gemma-4-31B-it_public_dataset_oasst1_semantic_cuda.json"
"google_gemma-4-31B-it","google/gemma-4-31B-it","oasst1","semantic","shadow_kv","999","1.00862211301186","1.02648333707317","4.52404226499971","-1.01399981041251","0.0","0","0","0.0","raw_results\google_gemma-4-31B-it\semantic\seed_999\oasst1\shadow_kv\benchmark_hf_google_gemma-4-31B-it_public_dataset_oasst1_semantic_cuda.json"
"google_gemma-4-31B-it","google/gemma-4-31B-it","oasst1","semantic","shadow_kv_plus","999","1.38159161672514","1.39167839450064","23.019583200962","17.7316311039909","0.9921875","127","16256","0.0","raw_results\google_gemma-4-31B-it\semantic\seed_999\oasst1\shadow_kv_plus\benchmark_hf_google_gemma-4-31B-it_public_dataset_oasst1_semantic_cuda.json"
"google_gemma-4-31B-it","google/gemma-4-31B-it","samsum","semantic","shadow_kv","42","0.998492385570202","0.999929153227689","-0.464292021188007","-1.98053012616777","0.0","0","0","0.0","raw_results\google_gemma-4-31B-it\semantic\seed_42\samsum\shadow_kv\benchmark_hf_google_gemma-4-31B-it_public_dataset_samsum_semantic_cuda.json"
"google_gemma-4-31B-it","google/gemma-4-31B-it","samsum","semantic","shadow_kv_plus","42","1.45756199416629","1.82569906891812","34.5783445294875","35.1702233633978","0.9921875","127","16256","0.0","raw_results\google_gemma-4-31B-it\semantic\seed_42\samsum\shadow_kv_plus\benchmark_hf_google_gemma-4-31B-it_public_dataset_samsum_semantic_cuda.json"
"google_gemma-4-31B-it","google/gemma-4-31B-it","samsum","semantic","shadow_kv","123","0.96053504306727","1.02236331763863","-2.87237439450475","-12.8252579226207","0.0","0","0","0.0","raw_results\google_gemma-4-31B-it\semantic\seed_123\samsum\shadow_kv\benchmark_hf_google_gemma-4-31B-it_public_dataset_samsum_semantic_cuda.json"
"google_gemma-4-31B-it","google/gemma-4-31B-it","samsum","semantic","shadow_kv_plus","123","1.44962094705065","1.93650575706801","29.8117224237038","27.6561461276595","0.9921875","127","16256","0.0","raw_results\google_gemma-4-31B-it\semantic\seed_123\samsum\shadow_kv_plus\benchmark_hf_google_gemma-4-31B-it_public_dataset_samsum_semantic_cuda.json"
"google_gemma-4-31B-it","google/gemma-4-31B-it","samsum","semantic","shadow_kv","456","1.0750174534023","1.01923021601817","1.05416116647492","5.07576337423334","0.0","0","0","0.0","raw_results\google_gemma-4-31B-it\semantic\seed_456\samsum\shadow_kv\benchmark_hf_google_gemma-4-31B-it_public_dataset_samsum_semantic_cuda.json"
"google_gemma-4-31B-it","google/gemma-4-31B-it","samsum","semantic","shadow_kv_plus","456","1.56939422788022","1.74242668218672","37.9042299880288","35.6978352239969","0.9921875","127","16256","0.0","raw_results\google_gemma-4-31B-it\semantic\seed_456\samsum\shadow_kv_plus\benchmark_hf_google_gemma-4-31B-it_public_dataset_samsum_semantic_cuda.json"
"google_gemma-4-31B-it","google/gemma-4-31B-it","samsum","semantic","shadow_kv","789","1.01974884932498","0.987559376311068","-1.44005033674632","-4.97159341369805","0.0","0","0","0.0","raw_results\google_gemma-4-31B-it\semantic\seed_789\samsum\shadow_kv\benchmark_hf_google_gemma-4-31B-it_public_dataset_samsum_semantic_cuda.json"
"google_gemma-4-31B-it","google/gemma-4-31B-it","samsum","semantic","shadow_kv_plus","789","1.43654972466274","1.73840322400409","33.5395228479168","34.1712023139322","0.9921875","127","16256","0.0","raw_results\google_gemma-4-31B-it\semantic\seed_789\samsum\shadow_kv_plus\benchmark_hf_google_gemma-4-31B-it_public_dataset_samsum_semantic_cuda.json"
"google_gemma-4-31B-it","google/gemma-4-31B-it","samsum","semantic","shadow_kv","999","0.98164074309204","0.985810327573608","1.74484422360961","2.70761114496754","0.0","0","0","0.0","raw_results\google_gemma-4-31B-it\semantic\seed_999\samsum\shadow_kv\benchmark_hf_google_gemma-4-31B-it_public_dataset_samsum_semantic_cuda.json"
"google_gemma-4-31B-it","google/gemma-4-31B-it","samsum","semantic","shadow_kv_plus","999","1.47516282500926","1.81626297958804","28.6521736133369","32.4175145003463","0.9921875","127","16256","0.0","raw_results\google_gemma-4-31B-it\semantic\seed_999\samsum\shadow_kv_plus\benchmark_hf_google_gemma-4-31B-it_public_dataset_samsum_semantic_cuda.json"
"google_gemma-4-31B-it","google/gemma-4-31B-it","ultrachat","semantic","shadow_kv","42","0.997637343451727","0.997451674956623","-0.28648163934504","1.22392811540137","0.0","0","0","0.0","raw_results\google_gemma-4-31B-it\semantic\seed_42\ultrachat\shadow_kv\benchmark_hf_google_gemma-4-31B-it_public_dataset_ultrachat_semantic_cuda.json"
"google_gemma-4-31B-it","google/gemma-4-31B-it","ultrachat","semantic","shadow_kv_plus","42","1.9711470399322","2.06930682223996","49.1569996724359","50.2060445190228","0.9921875","127","16256","0.0","raw_results\google_gemma-4-31B-it\semantic\seed_42\ultrachat\shadow_kv_plus\benchmark_hf_google_gemma-4-31B-it_public_dataset_ultrachat_semantic_cuda.json"
"google_gemma-4-31B-it","google/gemma-4-31B-it","ultrachat","semantic","shadow_kv","123","1.04129017647987","0.986742993361267","2.88066887885462","6.24423203584694","0.0","0","0","0.0","raw_results\google_gemma-4-31B-it\semantic\seed_123\ultrachat\shadow_kv\benchmark_hf_google_gemma-4-31B-it_public_dataset_ultrachat_semantic_cuda.json"
"google_gemma-4-31B-it","google/gemma-4-31B-it","ultrachat","semantic","shadow_kv_plus","123","2.01505175073849","1.95962552837355","49.4408255947575","52.9314831987847","0.9921875","127","16256","0.0","raw_results\google_gemma-4-31B-it\semantic\seed_123\ultrachat\shadow_kv_plus\benchmark_hf_google_gemma-4-31B-it_public_dataset_ultrachat_semantic_cuda.json"
"google_gemma-4-31B-it","google/gemma-4-31B-it","ultrachat","semantic","shadow_kv","456","1.02482087556112","1.04089420947749","-7.15264110630536","-2.92408938852243","0.0","0","0","0.0","raw_results\google_gemma-4-31B-it\semantic\seed_456\ultrachat\shadow_kv\benchmark_hf_google_gemma-4-31B-it_public_dataset_ultrachat_semantic_cuda.json"
"google_gemma-4-31B-it","google/gemma-4-31B-it","ultrachat","semantic","shadow_kv_plus","456","2.09218069386184","2.16040686217747","45.6467878818927","52.5309090509574","0.9921875","127","16256","0.0","raw_results\google_gemma-4-31B-it\semantic\seed_456\ultrachat\shadow_kv_plus\benchmark_hf_google_gemma-4-31B-it_public_dataset_ultrachat_semantic_cuda.json"
"google_gemma-4-31B-it","google/gemma-4-31B-it","ultrachat","semantic","shadow_kv","789","1.0003187043618","0.911376752896527","-1.85925659232335","-1.85922664912746","0.0","0","0","0.0","raw_results\google_gemma-4-31B-it\semantic\seed_789\ultrachat\shadow_kv\benchmark_hf_google_gemma-4-31B-it_public_dataset_ultrachat_semantic_cuda.json"
"google_gemma-4-31B-it","google/gemma-4-31B-it","ultrachat","semantic","shadow_kv_plus","789","2.0464008736524","1.88207005729317","46.016168569073","50.205789780673","0.9921875","127","16256","0.0","raw_results\google_gemma-4-31B-it\semantic\seed_789\ultrachat\shadow_kv_plus\benchmark_hf_google_gemma-4-31B-it_public_dataset_ultrachat_semantic_cuda.json"
"google_gemma-4-31B-it","google/gemma-4-31B-it","ultrachat","semantic","shadow_kv","999","1.06115953166177","1.03483384460876","1.09279910098234","6.82817852960305","0.0","0","0","0.0","raw_results\google_gemma-4-31B-it\semantic\seed_999\ultrachat\shadow_kv\benchmark_hf_google_gemma-4-31B-it_public_dataset_ultrachat_semantic_cuda.json"
"google_gemma-4-31B-it","google/gemma-4-31B-it","ultrachat","semantic","shadow_kv_plus","999","1.89236193352336","2.1092994127005","48.6989399743821","53.1572961977767","0.9921875","127","16256","0.0","raw_results\google_gemma-4-31B-it\semantic\seed_999\ultrachat\shadow_kv_plus\benchmark_hf_google_gemma-4-31B-it_public_dataset_ultrachat_semantic_cuda.json"
"google_gemma-4-31B-it","google/gemma-4-31B-it","xsum","semantic","shadow_kv","42","0.996869694681021","0.997120367609146","-0.60375536981318","-0.147122717955476","0.0","0","0","0.0","raw_results\google_gemma-4-31B-it\semantic\seed_42\xsum\shadow_kv\benchmark_hf_google_gemma-4-31B-it_public_dataset_xsum_semantic_cuda.json"
"google_gemma-4-31B-it","google/gemma-4-31B-it","xsum","semantic","shadow_kv_plus","42","2.4226646037981","2.67674031133734","60.597294754336","62.0290893127497","0.9921875","127","16256","0.0","raw_results\google_gemma-4-31B-it\semantic\seed_42\xsum\shadow_kv_plus\benchmark_hf_google_gemma-4-31B-it_public_dataset_xsum_semantic_cuda.json"
"google_gemma-4-31B-it","google/gemma-4-31B-it","xsum","semantic","shadow_kv","123","1.00447030829662","0.938396101752978","2.14600821243187","-5.23442275138546","0.0","0","0","0.0","raw_results\google_gemma-4-31B-it\semantic\seed_123\xsum\shadow_kv\benchmark_hf_google_gemma-4-31B-it_public_dataset_xsum_semantic_cuda.json"
"google_gemma-4-31B-it","google/gemma-4-31B-it","xsum","semantic","shadow_kv_plus","123","2.43571879560834","2.45070116574046","59.6979268844473","63.5260935579233","0.9921875","127","16256","0.0","raw_results\google_gemma-4-31B-it\semantic\seed_123\xsum\shadow_kv_plus\benchmark_hf_google_gemma-4-31B-it_public_dataset_xsum_semantic_cuda.json"
"google_gemma-4-31B-it","google/gemma-4-31B-it","xsum","semantic","shadow_kv","456","1.06661125800414","0.94980956043488","0.70899809302674","-7.97561741072871","0.0","0","0","0.0","raw_results\google_gemma-4-31B-it\semantic\seed_456\xsum\shadow_kv\benchmark_hf_google_gemma-4-31B-it_public_dataset_xsum_semantic_cuda.json"
"google_gemma-4-31B-it","google/gemma-4-31B-it","xsum","semantic","shadow_kv_plus","456","2.6526485111962","2.52674746145454","62.9642222679919","61.1973874580864","0.9921875","127","16256","0.0","raw_results\google_gemma-4-31B-it\semantic\seed_456\xsum\shadow_kv_plus\benchmark_hf_google_gemma-4-31B-it_public_dataset_xsum_semantic_cuda.json"
"google_gemma-4-31B-it","google/gemma-4-31B-it","xsum","semantic","shadow_kv","789","1.11399828121606","0.966404667234828","4.68109284915082","1.48733943361737","0.0","0","0","0.0","raw_results\google_gemma-4-31B-it\semantic\seed_789\xsum\shadow_kv\benchmark_hf_google_gemma-4-31B-it_public_dataset_xsum_semantic_cuda.json"
"google_gemma-4-31B-it","google/gemma-4-31B-it","xsum","semantic","shadow_kv_plus","789","2.3747539212815","2.54832576975358","60.1074853228491","61.8185786921848","0.9921875","127","16256","0.0","raw_results\google_gemma-4-31B-it\semantic\seed_789\xsum\shadow_kv_plus\benchmark_hf_google_gemma-4-31B-it_public_dataset_xsum_semantic_cuda.json"
"google_gemma-4-31B-it","google/gemma-4-31B-it","xsum","semantic","shadow_kv","999","0.9758352528087","1.08819578915616","0.840696214513537","-2.10587699579283","0.0","0","0","0.0","raw_results\google_gemma-4-31B-it\semantic\seed_999\xsum\shadow_kv\benchmark_hf_google_gemma-4-31B-it_public_dataset_xsum_semantic_cuda.json"
"google_gemma-4-31B-it","google/gemma-4-31B-it","xsum","semantic","shadow_kv_plus","999","2.25146709877654","2.85579172284233","62.5639106364413","62.2101577900372","0.9921875","127","16256","0.0","raw_results\google_gemma-4-31B-it\semantic\seed_999\xsum\shadow_kv_plus\benchmark_hf_google_gemma-4-31B-it_public_dataset_xsum_semantic_cuda.json"
"google_gemma-4-E2B-it","google/gemma-4-E2B-it","ag_news","semantic","shadow_kv","42","0.994974727826107","0.988550970723279","-0.541872889414698","1.95923062522235","0.0","0","0","0.0","raw_results\google_gemma-4-E2B-it\semantic\seed_42\ag_news\shadow_kv\benchmark_hf_google_gemma-4-E2B-it_public_dataset_ag_news_semantic_cuda.json"
"google_gemma-4-E2B-it","google/gemma-4-E2B-it","ag_news","semantic","shadow_kv_plus","42","1.09481694239338","1.07266403647868","13.9552743105733","19.5298730262926","0.9921875","127","16256","0.0","raw_results\google_gemma-4-E2B-it\semantic\seed_42\ag_news\shadow_kv_plus\benchmark_hf_google_gemma-4-E2B-it_public_dataset_ag_news_semantic_cuda.json"
"google_gemma-4-E2B-it","google/gemma-4-E2B-it","ag_news","semantic","shadow_kv","123","1.00431395343256","1.00963998070317","-3.02241341728071","2.91907545859757","0.0","0","0","0.0","raw_results\google_gemma-4-E2B-it\semantic\seed_123\ag_news\shadow_kv\benchmark_hf_google_gemma-4-E2B-it_public_dataset_ag_news_semantic_cuda.json"
"google_gemma-4-E2B-it","google/gemma-4-E2B-it","ag_news","semantic","shadow_kv_plus","123","1.11177858503128","1.04651211158969","14.7533422303531","21.3965293723683","0.9921875","127","16256","0.0","raw_results\google_gemma-4-E2B-it\semantic\seed_123\ag_news\shadow_kv_plus\benchmark_hf_google_gemma-4-E2B-it_public_dataset_ag_news_semantic_cuda.json"
"google_gemma-4-E2B-it","google/gemma-4-E2B-it","ag_news","semantic","shadow_kv","456","1.06288712377884","0.946024714647402","5.42039578131193","1.68363216956693","0.0","0","0","0.0","raw_results\google_gemma-4-E2B-it\semantic\seed_456\ag_news\shadow_kv\benchmark_hf_google_gemma-4-E2B-it_public_dataset_ag_news_semantic_cuda.json"
"google_gemma-4-E2B-it","google/gemma-4-E2B-it","ag_news","semantic","shadow_kv_plus","456","1.19289643125734","1.01442157954232","16.3335755167509","19.2647833754421","0.9921875","127","16256","0.0","raw_results\google_gemma-4-E2B-it\semantic\seed_456\ag_news\shadow_kv_plus\benchmark_hf_google_gemma-4-E2B-it_public_dataset_ag_news_semantic_cuda.json"
"google_gemma-4-E2B-it","google/gemma-4-E2B-it","ag_news","semantic","shadow_kv","789","0.992253215394224","1.03145433957673","-3.43136873641817","1.52489994385894","0.0","0","0","0.0","raw_results\google_gemma-4-E2B-it\semantic\seed_789\ag_news\shadow_kv\benchmark_hf_google_gemma-4-E2B-it_public_dataset_ag_news_semantic_cuda.json"
"google_gemma-4-E2B-it","google/gemma-4-E2B-it","ag_news","semantic","shadow_kv_plus","789","1.07136577616903","1.07236292004865","15.7370352506019","19.6171707504188","0.9921875","127","16256","0.0","raw_results\google_gemma-4-E2B-it\semantic\seed_789\ag_news\shadow_kv_plus\benchmark_hf_google_gemma-4-E2B-it_public_dataset_ag_news_semantic_cuda.json"
"google_gemma-4-E2B-it","google/gemma-4-E2B-it","ag_news","semantic","shadow_kv","999","1.01046339435042","0.933000859180493","0.0348904156369473","1.50585251889415","0.0","0","0","0.0","raw_results\google_gemma-4-E2B-it\semantic\seed_999\ag_news\shadow_kv\benchmark_hf_google_gemma-4-E2B-it_public_dataset_ag_news_semantic_cuda.json"
"google_gemma-4-E2B-it","google/gemma-4-E2B-it","ag_news","semantic","shadow_kv_plus","999","1.11402430456055","1.06130194854862","9.85877672109589","25.4983556552853","0.9921875","127","16256","0.0","raw_results\google_gemma-4-E2B-it\semantic\seed_999\ag_news\shadow_kv_plus\benchmark_hf_google_gemma-4-E2B-it_public_dataset_ag_news_semantic_cuda.json"
"google_gemma-4-E2B-it","google/gemma-4-E2B-it","alpaca_eval","semantic","shadow_kv","42","1.00309962424587","1.0099323200057","1.45498945206695","1.91999207587642","0.0","0","0","0.0","raw_results\google_gemma-4-E2B-it\semantic\seed_42\alpaca_eval\shadow_kv\benchmark_hf_google_gemma-4-E2B-it_public_dataset_alpaca_eval_semantic_cuda.json"
"google_gemma-4-E2B-it","google/gemma-4-E2B-it","alpaca_eval","semantic","shadow_kv_plus","42","1.09326847273826","1.06565120022836","14.8440236450478","18.2993765458304","0.9921875","127","16256","0.0","raw_results\google_gemma-4-E2B-it\semantic\seed_42\alpaca_eval\shadow_kv_plus\benchmark_hf_google_gemma-4-E2B-it_public_dataset_alpaca_eval_semantic_cuda.json"
"google_gemma-4-E2B-it","google/gemma-4-E2B-it","alpaca_eval","semantic","shadow_kv","123","0.94668976087295","0.963360531915042","3.88964978152704","0.770325174515759","0.0","0","0","0.0","raw_results\google_gemma-4-E2B-it\semantic\seed_123\alpaca_eval\shadow_kv\benchmark_hf_google_gemma-4-E2B-it_public_dataset_alpaca_eval_semantic_cuda.json"
"google_gemma-4-E2B-it","google/gemma-4-E2B-it","alpaca_eval","semantic","shadow_kv_plus","123","0.99558743481843","1.0353221703199","12.5303934778723","15.7853824108649","0.9921875","127","16256","0.0","raw_results\google_gemma-4-E2B-it\semantic\seed_123\alpaca_eval\shadow_kv_plus\benchmark_hf_google_gemma-4-E2B-it_public_dataset_alpaca_eval_semantic_cuda.json"
"google_gemma-4-E2B-it","google/gemma-4-E2B-it","alpaca_eval","semantic","shadow_kv","456","1.01399403566846","1.02212341777771","-2.76423033338624","0.00558870320414596","0.0","0","0","0.0","raw_results\google_gemma-4-E2B-it\semantic\seed_456\alpaca_eval\shadow_kv\benchmark_hf_google_gemma-4-E2B-it_public_dataset_alpaca_eval_semantic_cuda.json"
"google_gemma-4-E2B-it","google/gemma-4-E2B-it","alpaca_eval","semantic","shadow_kv_plus","456","1.08491847480986","1.12043012460363","14.5057897301219","19.8652868097041","0.9921875","127","16256","0.0","raw_results\google_gemma-4-E2B-it\semantic\seed_456\alpaca_eval\shadow_kv_plus\benchmark_hf_google_gemma-4-E2B-it_public_dataset_alpaca_eval_semantic_cuda.json"
"google_gemma-4-E2B-it","google/gemma-4-E2B-it","alpaca_eval","semantic","shadow_kv","789","1.0672185901566","0.946749639081381","9.57242648787347","4.86779419896784","0.0","0","0","0.0","raw_results\google_gemma-4-E2B-it\semantic\seed_789\alpaca_eval\shadow_kv\benchmark_hf_google_gemma-4-E2B-it_public_dataset_alpaca_eval_semantic_cuda.json"
"google_gemma-4-E2B-it","google/gemma-4-E2B-it","alpaca_eval","semantic","shadow_kv_plus","789","1.14481417724384","1.04297849141528","27.0522170711801","15.4549551018851","0.9921875","127","16256","0.0","raw_results\google_gemma-4-E2B-it\semantic\seed_789\alpaca_eval\shadow_kv_plus\benchmark_hf_google_gemma-4-E2B-it_public_dataset_alpaca_eval_semantic_cuda.json"
"google_gemma-4-E2B-it","google/gemma-4-E2B-it","alpaca_eval","semantic","shadow_kv","999","0.990974123553147","1.03061545496814","-5.61370516408","-0.491733834679809","0.0","0","0","0.0","raw_results\google_gemma-4-E2B-it\semantic\seed_999\alpaca_eval\shadow_kv\benchmark_hf_google_gemma-4-E2B-it_public_dataset_alpaca_eval_semantic_cuda.json"
"google_gemma-4-E2B-it","google/gemma-4-E2B-it","alpaca_eval","semantic","shadow_kv_plus","999","1.10648353426427","1.12751002838621","12.0737068890018","20.7820073499919","0.9921875","127","16256","0.0","raw_results\google_gemma-4-E2B-it\semantic\seed_999\alpaca_eval\shadow_kv_plus\benchmark_hf_google_gemma-4-E2B-it_public_dataset_alpaca_eval_semantic_cuda.json"
"google_gemma-4-E2B-it","google/gemma-4-E2B-it","banking77","semantic","shadow_kv","42","1.00204518588864","1.0046446432513","-1.56085048590229","-2.31612101923313","0.0","0","0","0.0","raw_results\google_gemma-4-E2B-it\semantic\seed_42\banking77\shadow_kv\benchmark_hf_google_gemma-4-E2B-it_public_dataset_banking77_semantic_cuda.json"
"google_gemma-4-E2B-it","google/gemma-4-E2B-it","banking77","semantic","shadow_kv_plus","42","1.09105527286705","1.06886656628006","12.9683787850256","18.3617428822398","0.9921875","127","16256","0.0","raw_results\google_gemma-4-E2B-it\semantic\seed_42\banking77\shadow_kv_plus\benchmark_hf_google_gemma-4-E2B-it_public_dataset_banking77_semantic_cuda.json"
"google_gemma-4-E2B-it","google/gemma-4-E2B-it","banking77","semantic","shadow_kv","123","1.0618885008274","0.981820598168316","-6.40839656773468","1.10144047100652","0.0","0","0","0.0","raw_results\google_gemma-4-E2B-it\semantic\seed_123\banking77\shadow_kv\benchmark_hf_google_gemma-4-E2B-it_public_dataset_banking77_semantic_cuda.json"
"google_gemma-4-E2B-it","google/gemma-4-E2B-it","banking77","semantic","shadow_kv_plus","123","1.09019195449087","1.04514322218902","4.02006598515976","23.623693595205","0.9921875","127","16256","0.0","raw_results\google_gemma-4-E2B-it\semantic\seed_123\banking77\shadow_kv_plus\benchmark_hf_google_gemma-4-E2B-it_public_dataset_banking77_semantic_cuda.json"
"google_gemma-4-E2B-it","google/gemma-4-E2B-it","banking77","semantic","shadow_kv","456","1.0105527743194","1.01791518695446","3.12378717073895","-0.583343142571666","0.0","0","0","0.0","raw_results\google_gemma-4-E2B-it\semantic\seed_456\banking77\shadow_kv\benchmark_hf_google_gemma-4-E2B-it_public_dataset_banking77_semantic_cuda.json"
"google_gemma-4-E2B-it","google/gemma-4-E2B-it","banking77","semantic","shadow_kv_plus","456","1.05021305729459","1.10898903893781","14.5095839404779","15.6049742647626","0.9921875","127","16256","0.0","raw_results\google_gemma-4-E2B-it\semantic\seed_456\banking77\shadow_kv_plus\benchmark_hf_google_gemma-4-E2B-it_public_dataset_banking77_semantic_cuda.json"
"google_gemma-4-E2B-it","google/gemma-4-E2B-it","banking77","semantic","shadow_kv","789","0.998708950766769","1.02406852664155","0.0653300647245083","0.116462568951811","0.0","0","0","0.0","raw_results\google_gemma-4-E2B-it\semantic\seed_789\banking77\shadow_kv\benchmark_hf_google_gemma-4-E2B-it_public_dataset_banking77_semantic_cuda.json"
"google_gemma-4-E2B-it","google/gemma-4-E2B-it","banking77","semantic","shadow_kv_plus","789","1.09421289416117","1.03330669267372","15.3420574925221","22.15492980301","0.9921875","127","16256","0.0","raw_results\google_gemma-4-E2B-it\semantic\seed_789\banking77\shadow_kv_plus\benchmark_hf_google_gemma-4-E2B-it_public_dataset_banking77_semantic_cuda.json"
"google_gemma-4-E2B-it","google/gemma-4-E2B-it","banking77","semantic","shadow_kv","999","0.995499436918706","1.07247369893325","-6.02804498546215","-6.48365780062621","0.0","0","0","0.0","raw_results\google_gemma-4-E2B-it\semantic\seed_999\banking77\shadow_kv\benchmark_hf_google_gemma-4-E2B-it_public_dataset_banking77_semantic_cuda.json"
"google_gemma-4-E2B-it","google/gemma-4-E2B-it","banking77","semantic","shadow_kv_plus","999","1.13286867436212","1.16130093742926","11.6981744124104","20.1149793657134","0.9921875","127","16256","0.0","raw_results\google_gemma-4-E2B-it\semantic\seed_999\banking77\shadow_kv_plus\benchmark_hf_google_gemma-4-E2B-it_public_dataset_banking77_semantic_cuda.json"
"google_gemma-4-E2B-it","google/gemma-4-E2B-it","cnn_dailymail","semantic","shadow_kv","42","0.999348822356614","0.998501547656468","1.04519572147402","1.94301164278322","0.0","0","0","0.0","raw_results\google_gemma-4-E2B-it\semantic\seed_42\cnn_dailymail\shadow_kv\benchmark_hf_google_gemma-4-E2B-it_public_dataset_cnn_dailymail_semantic_cuda.json"
"google_gemma-4-E2B-it","google/gemma-4-E2B-it","cnn_dailymail","semantic","shadow_kv_plus","42","1.68394702139517","1.61922307128757","52.1295549098996","62.6919285368537","0.9921875","127","16256","0.0","raw_results\google_gemma-4-E2B-it\semantic\seed_42\cnn_dailymail\shadow_kv_plus\benchmark_hf_google_gemma-4-E2B-it_public_dataset_cnn_dailymail_semantic_cuda.json"
"google_gemma-4-E2B-it","google/gemma-4-E2B-it","cnn_dailymail","semantic","shadow_kv","123","0.999267479946808","0.980590615328224","1.77209811406129","3.08533021801563","0.0","0","0","0.0","raw_results\google_gemma-4-E2B-it\semantic\seed_123\cnn_dailymail\shadow_kv\benchmark_hf_google_gemma-4-E2B-it_public_dataset_cnn_dailymail_semantic_cuda.json"
"google_gemma-4-E2B-it","google/gemma-4-E2B-it","cnn_dailymail","semantic","shadow_kv_plus","123","1.61293818998874","1.59507426108116","52.4083706247085","63.8046216957432","0.9921875","127","16256","0.0","raw_results\google_gemma-4-E2B-it\semantic\seed_123\cnn_dailymail\shadow_kv_plus\benchmark_hf_google_gemma-4-E2B-it_public_dataset_cnn_dailymail_semantic_cuda.json"
"google_gemma-4-E2B-it","google/gemma-4-E2B-it","cnn_dailymail","semantic","shadow_kv","456","1.02835885827185","0.962374677321475","0.202797421943673","1.05541160568293","0.0","0","0","0.0","raw_results\google_gemma-4-E2B-it\semantic\seed_456\cnn_dailymail\shadow_kv\benchmark_hf_google_gemma-4-E2B-it_public_dataset_cnn_dailymail_semantic_cuda.json"
"google_gemma-4-E2B-it","google/gemma-4-E2B-it","cnn_dailymail","semantic","shadow_kv_plus","456","1.70107209213704","1.65727932670105","51.3312444666832","63.349965134327","0.9921875","127","16256","0.0","raw_results\google_gemma-4-E2B-it\semantic\seed_456\cnn_dailymail\shadow_kv_plus\benchmark_hf_google_gemma-4-E2B-it_public_dataset_cnn_dailymail_semantic_cuda.json"
"google_gemma-4-E2B-it","google/gemma-4-E2B-it","cnn_dailymail","semantic","shadow_kv","789","1.01158312805213","0.920260953331684","9.1556534894678","-7.8060546878384","0.0","0","0","0.0","raw_results\google_gemma-4-E2B-it\semantic\seed_789\cnn_dailymail\shadow_kv\benchmark_hf_google_gemma-4-E2B-it_public_dataset_cnn_dailymail_semantic_cuda.json"
"google_gemma-4-E2B-it","google/gemma-4-E2B-it","cnn_dailymail","semantic","shadow_kv_plus","789","1.62898519023071","1.56091467405672","55.9484552345861","60.5943235591254","0.9921875","127","16256","0.0","raw_results\google_gemma-4-E2B-it\semantic\seed_789\cnn_dailymail\shadow_kv_plus\benchmark_hf_google_gemma-4-E2B-it_public_dataset_cnn_dailymail_semantic_cuda.json"
"google_gemma-4-E2B-it","google/gemma-4-E2B-it","cnn_dailymail","semantic","shadow_kv","999","0.973779377387877","1.09287026924454","3.10025568287834","5.35307051363913","0.0","0","0","0.0","raw_results\google_gemma-4-E2B-it\semantic\seed_999\cnn_dailymail\shadow_kv\benchmark_hf_google_gemma-4-E2B-it_public_dataset_cnn_dailymail_semantic_cuda.json"
"google_gemma-4-E2B-it","google/gemma-4-E2B-it","cnn_dailymail","semantic","shadow_kv_plus","999","1.59386149600438","1.76661221993544","51.1890357500027","65.4774988123089","0.9921875","127","16256","0.0","raw_results\google_gemma-4-E2B-it\semantic\seed_999\cnn_dailymail\shadow_kv_plus\benchmark_hf_google_gemma-4-E2B-it_public_dataset_cnn_dailymail_semantic_cuda.json"
"google_gemma-4-E2B-it","google/gemma-4-E2B-it","daily_dialog","semantic","shadow_kv","42","1.00177237093771","0.98488781515862","-1.55279376083032","-2.61243438959917","0.0","0","0","0.0","raw_results\google_gemma-4-E2B-it\semantic\seed_42\daily_dialog\shadow_kv\benchmark_hf_google_gemma-4-E2B-it_public_dataset_daily_dialog_semantic_cuda.json"
"google_gemma-4-E2B-it","google/gemma-4-E2B-it","daily_dialog","semantic","shadow_kv_plus","42","1.14710111458707","1.1773369028638","14.0725343013905","16.4708205967582","0.9921875","127","16256","0.0","raw_results\google_gemma-4-E2B-it\semantic\seed_42\daily_dialog\shadow_kv_plus\benchmark_hf_google_gemma-4-E2B-it_public_dataset_daily_dialog_semantic_cuda.json"
"google_gemma-4-E2B-it","google/gemma-4-E2B-it","daily_dialog","semantic","shadow_kv","123","1.07261953026312","1.00229720356545","4.23364910702678","1.70816306113431","0.0","0","0","0.0","raw_results\google_gemma-4-E2B-it\semantic\seed_123\daily_dialog\shadow_kv\benchmark_hf_google_gemma-4-E2B-it_public_dataset_daily_dialog_semantic_cuda.json"
"google_gemma-4-E2B-it","google/gemma-4-E2B-it","daily_dialog","semantic","shadow_kv_plus","123","1.24334153288383","1.14067501234123","17.8258070730583","16.5633594626644","0.9921875","127","16256","0.0","raw_results\google_gemma-4-E2B-it\semantic\seed_123\daily_dialog\shadow_kv_plus\benchmark_hf_google_gemma-4-E2B-it_public_dataset_daily_dialog_semantic_cuda.json"
"google_gemma-4-E2B-it","google/gemma-4-E2B-it","daily_dialog","semantic","shadow_kv","456","1.06037360336246","1.05874560741099","-3.40915492019806","-6.88739955028357","0.0","0","0","0.0","raw_results\google_gemma-4-E2B-it\semantic\seed_456\daily_dialog\shadow_kv\benchmark_hf_google_gemma-4-E2B-it_public_dataset_daily_dialog_semantic_cuda.json"
"google_gemma-4-E2B-it","google/gemma-4-E2B-it","daily_dialog","semantic","shadow_kv_plus","456","1.14090132417372","1.20162077532025","9.39667390400405","14.2339695200267","0.9921875","127","16256","0.0","raw_results\google_gemma-4-E2B-it\semantic\seed_456\daily_dialog\shadow_kv_plus\benchmark_hf_google_gemma-4-E2B-it_public_dataset_daily_dialog_semantic_cuda.json"
"google_gemma-4-E2B-it","google/gemma-4-E2B-it","daily_dialog","semantic","shadow_kv","789","0.986963997311072","1.00389526910771","-1.95618525313747","-3.77012107149182","0.0","0","0","0.0","raw_results\google_gemma-4-E2B-it\semantic\seed_789\daily_dialog\shadow_kv\benchmark_hf_google_gemma-4-E2B-it_public_dataset_daily_dialog_semantic_cuda.json"
"google_gemma-4-E2B-it","google/gemma-4-E2B-it","daily_dialog","semantic","shadow_kv_plus","789","1.16599337168284","1.20417473130654","12.4132224196935","14.3385258784129","0.9921875","127","16256","0.0","raw_results\google_gemma-4-E2B-it\semantic\seed_789\daily_dialog\shadow_kv_plus\benchmark_hf_google_gemma-4-E2B-it_public_dataset_daily_dialog_semantic_cuda.json"
"google_gemma-4-E2B-it","google/gemma-4-E2B-it","daily_dialog","semantic","shadow_kv","999","0.976463244987301","0.997962596346251","-4.88966756406588","-1.40794257185247","0.0","0","0","0.0","raw_results\google_gemma-4-E2B-it\semantic\seed_999\daily_dialog\shadow_kv\benchmark_hf_google_gemma-4-E2B-it_public_dataset_daily_dialog_semantic_cuda.json"
"google_gemma-4-E2B-it","google/gemma-4-E2B-it","daily_dialog","semantic","shadow_kv_plus","999","1.16032537157143","1.19458839343753","11.9695660600346","17.3902622360836","0.9921875","127","16256","0.0","raw_results\google_gemma-4-E2B-it\semantic\seed_999\daily_dialog\shadow_kv_plus\benchmark_hf_google_gemma-4-E2B-it_public_dataset_daily_dialog_semantic_cuda.json"
"google_gemma-4-E2B-it","google/gemma-4-E2B-it","dolly","semantic","shadow_kv","42","1.00086838095245","1.00040422942022","-2.93612520740145","-3.72214735542243","0.0","0","0","0.0","raw_results\google_gemma-4-E2B-it\semantic\seed_42\dolly\shadow_kv\benchmark_hf_google_gemma-4-E2B-it_public_dataset_dolly_semantic_cuda.json"
"google_gemma-4-E2B-it","google/gemma-4-E2B-it","dolly","semantic","shadow_kv_plus","42","1.13226340802987","1.22489070656547","11.7864085116489","14.0297614119786","0.9921875","127","16256","0.0","raw_results\google_gemma-4-E2B-it\semantic\seed_42\dolly\shadow_kv_plus\benchmark_hf_google_gemma-4-E2B-it_public_dataset_dolly_semantic_cuda.json"
"google_gemma-4-E2B-it","google/gemma-4-E2B-it","dolly","semantic","shadow_kv","123","1.03803602231118","0.986471263415242","0.01832092870967","1.50222977832579","0.0","0","0","0.0","raw_results\google_gemma-4-E2B-it\semantic\seed_123\dolly\shadow_kv\benchmark_hf_google_gemma-4-E2B-it_public_dataset_dolly_semantic_cuda.json"
"google_gemma-4-E2B-it","google/gemma-4-E2B-it","dolly","semantic","shadow_kv_plus","123","1.15940479663768","1.2040409312527","9.70219831115204","23.3173313291385","0.9921875","127","16256","0.0","raw_results\google_gemma-4-E2B-it\semantic\seed_123\dolly\shadow_kv_plus\benchmark_hf_google_gemma-4-E2B-it_public_dataset_dolly_semantic_cuda.json"
"google_gemma-4-E2B-it","google/gemma-4-E2B-it","dolly","semantic","shadow_kv","456","0.929177303021335","1.03196880917237","-4.07321893936462","-8.65736359800585","0.0","0","0","0.0","raw_results\google_gemma-4-E2B-it\semantic\seed_456\dolly\shadow_kv\benchmark_hf_google_gemma-4-E2B-it_public_dataset_dolly_semantic_cuda.json"
"google_gemma-4-E2B-it","google/gemma-4-E2B-it","dolly","semantic","shadow_kv_plus","456","1.06560398159102","1.25892486659091","13.3644874603906","9.35106555843673","0.9921875","127","16256","0.0","raw_results\google_gemma-4-E2B-it\semantic\seed_456\dolly\shadow_kv_plus\benchmark_hf_google_gemma-4-E2B-it_public_dataset_dolly_semantic_cuda.json"
"google_gemma-4-E2B-it","google/gemma-4-E2B-it","dolly","semantic","shadow_kv","789","0.952472483129845","0.976909143700805","-7.65579219695184","-5.18758893961006","0.0","0","0","0.0","raw_results\google_gemma-4-E2B-it\semantic\seed_789\dolly\shadow_kv\benchmark_hf_google_gemma-4-E2B-it_public_dataset_dolly_semantic_cuda.json"
"google_gemma-4-E2B-it","google/gemma-4-E2B-it","dolly","semantic","shadow_kv_plus","789","1.0860517055183","1.21066926046065","10.8694917836235","8.79356317459363","0.9921875","127","16256","0.0","raw_results\google_gemma-4-E2B-it\semantic\seed_789\dolly\shadow_kv_plus\benchmark_hf_google_gemma-4-E2B-it_public_dataset_dolly_semantic_cuda.json"
"google_gemma-4-E2B-it","google/gemma-4-E2B-it","dolly","semantic","shadow_kv","999","0.947836248888372","0.988362725274742","-0.355938901749441","-4.16157330945005","0.0","0","0","0.0","raw_results\google_gemma-4-E2B-it\semantic\seed_999\dolly\shadow_kv\benchmark_hf_google_gemma-4-E2B-it_public_dataset_dolly_semantic_cuda.json"
"google_gemma-4-E2B-it","google/gemma-4-E2B-it","dolly","semantic","shadow_kv_plus","999","1.14709719524521","1.21845561460982","16.9200321354155","18.2116546856079","0.9921875","127","16256","0.0","raw_results\google_gemma-4-E2B-it\semantic\seed_999\dolly\shadow_kv_plus\benchmark_hf_google_gemma-4-E2B-it_public_dataset_dolly_semantic_cuda.json"
"google_gemma-4-E2B-it","google/gemma-4-E2B-it","oasst1","semantic","shadow_kv","42","0.998679896962574","0.993864758099401","1.76861502616738","2.35575363498688","0.0","0","0","0.0","raw_results\google_gemma-4-E2B-it\semantic\seed_42\oasst1\shadow_kv\benchmark_hf_google_gemma-4-E2B-it_public_dataset_oasst1_semantic_cuda.json"
"google_gemma-4-E2B-it","google/gemma-4-E2B-it","oasst1","semantic","shadow_kv_plus","42","1.15295819720598","1.24864290106859","17.4890785374507","22.2381103951623","0.9921875","127","16256","0.0","raw_results\google_gemma-4-E2B-it\semantic\seed_42\oasst1\shadow_kv_plus\benchmark_hf_google_gemma-4-E2B-it_public_dataset_oasst1_semantic_cuda.json"
"google_gemma-4-E2B-it","google/gemma-4-E2B-it","oasst1","semantic","shadow_kv","123","1.06788432584712","1.00768729228194","2.71670205470474","1.70674872080186","0.0","0","0","0.0","raw_results\google_gemma-4-E2B-it\semantic\seed_123\oasst1\shadow_kv\benchmark_hf_google_gemma-4-E2B-it_public_dataset_oasst1_semantic_cuda.json"
"google_gemma-4-E2B-it","google/gemma-4-E2B-it","oasst1","semantic","shadow_kv_plus","123","1.12150309651169","1.24258522777564","20.1375214956611","20.3026976290452","0.9921875","127","16256","0.0","raw_results\google_gemma-4-E2B-it\semantic\seed_123\oasst1\shadow_kv_plus\benchmark_hf_google_gemma-4-E2B-it_public_dataset_oasst1_semantic_cuda.json"
"google_gemma-4-E2B-it","google/gemma-4-E2B-it","oasst1","semantic","shadow_kv","456","0.992938257567048","0.992089225520268","2.87857538466982","1.43363915735091","0.0","0","0","0.0","raw_results\google_gemma-4-E2B-it\semantic\seed_456\oasst1\shadow_kv\benchmark_hf_google_gemma-4-E2B-it_public_dataset_oasst1_semantic_cuda.json"
"google_gemma-4-E2B-it","google/gemma-4-E2B-it","oasst1","semantic","shadow_kv_plus","456","1.1355243428491","1.26355361998617","23.0502564465449","27.9336020427857","0.9921875","127","16256","0.0","raw_results\google_gemma-4-E2B-it\semantic\seed_456\oasst1\shadow_kv_plus\benchmark_hf_google_gemma-4-E2B-it_public_dataset_oasst1_semantic_cuda.json"
"google_gemma-4-E2B-it","google/gemma-4-E2B-it","oasst1","semantic","shadow_kv","789","0.934426725250477","1.02314174311619","9.79071666566467","-3.17056243895659","0.0","0","0","0.0","raw_results\google_gemma-4-E2B-it\semantic\seed_789\oasst1\shadow_kv\benchmark_hf_google_gemma-4-E2B-it_public_dataset_oasst1_semantic_cuda.json"
"google_gemma-4-E2B-it","google/gemma-4-E2B-it","oasst1","semantic","shadow_kv_plus","789","1.13902737879891","1.28248628766433","14.6901979889421","19.7156611366762","0.9921875","127","16256","0.0","raw_results\google_gemma-4-E2B-it\semantic\seed_789\oasst1\shadow_kv_plus\benchmark_hf_google_gemma-4-E2B-it_public_dataset_oasst1_semantic_cuda.json"
"google_gemma-4-E2B-it","google/gemma-4-E2B-it","oasst1","semantic","shadow_kv","999","0.947765299218218","0.932997983575819","6.08901846029409","3.6377441688855","0.0","0","0","0.0","raw_results\google_gemma-4-E2B-it\semantic\seed_999\oasst1\shadow_kv\benchmark_hf_google_gemma-4-E2B-it_public_dataset_oasst1_semantic_cuda.json"
"google_gemma-4-E2B-it","google/gemma-4-E2B-it","oasst1","semantic","shadow_kv_plus","999","1.17802426278248","1.18318541357676","19.3348084865337","18.7941036411867","0.9921875","127","16256","0.0","raw_results\google_gemma-4-E2B-it\semantic\seed_999\oasst1\shadow_kv_plus\benchmark_hf_google_gemma-4-E2B-it_public_dataset_oasst1_semantic_cuda.json"
"google_gemma-4-E2B-it","google/gemma-4-E2B-it","samsum","semantic","shadow_kv","42","0.997173169221623","0.995248239724001","-1.58929444631708","-2.21873213235152","0.0","0","0","0.0","raw_results\google_gemma-4-E2B-it\semantic\seed_42\samsum\shadow_kv\benchmark_hf_google_gemma-4-E2B-it_public_dataset_samsum_semantic_cuda.json"
"google_gemma-4-E2B-it","google/gemma-4-E2B-it","samsum","semantic","shadow_kv_plus","42","1.28992620350231","1.4239652521575","25.7804154763719","32.1437981582099","0.9921875","127","16256","0.0","raw_results\google_gemma-4-E2B-it\semantic\seed_42\samsum\shadow_kv_plus\benchmark_hf_google_gemma-4-E2B-it_public_dataset_samsum_semantic_cuda.json"
"google_gemma-4-E2B-it","google/gemma-4-E2B-it","samsum","semantic","shadow_kv","123","0.927319732570197","0.959217626504629","2.0429700095577","-2.41845628317589","0.0","0","0","0.0","raw_results\google_gemma-4-E2B-it\semantic\seed_123\samsum\shadow_kv\benchmark_hf_google_gemma-4-E2B-it_public_dataset_samsum_semantic_cuda.json"
"google_gemma-4-E2B-it","google/gemma-4-E2B-it","samsum","semantic","shadow_kv_plus","123","1.22657156757842","1.42124770733665","25.6888234935819","33.0927392630816","0.9921875","127","16256","0.0","raw_results\google_gemma-4-E2B-it\semantic\seed_123\samsum\shadow_kv_plus\benchmark_hf_google_gemma-4-E2B-it_public_dataset_samsum_semantic_cuda.json"
"google_gemma-4-E2B-it","google/gemma-4-E2B-it","samsum","semantic","shadow_kv","456","0.953176773924353","0.938727824842964","-6.96167353415164","-12.8138044380496","0.0","0","0","0.0","raw_results\google_gemma-4-E2B-it\semantic\seed_456\samsum\shadow_kv\benchmark_hf_google_gemma-4-E2B-it_public_dataset_samsum_semantic_cuda.json"
"google_gemma-4-E2B-it","google/gemma-4-E2B-it","samsum","semantic","shadow_kv_plus","456","1.19951282813862","1.36134168914708","22.5269837589702","24.7788162819983","0.9921875","127","16256","0.0","raw_results\google_gemma-4-E2B-it\semantic\seed_456\samsum\shadow_kv_plus\benchmark_hf_google_gemma-4-E2B-it_public_dataset_samsum_semantic_cuda.json"
"google_gemma-4-E2B-it","google/gemma-4-E2B-it","samsum","semantic","shadow_kv","789","0.997202380663835","0.942220842406453","-13.2500718806189","-4.63017322953892","0.0","0","0","0.0","raw_results\google_gemma-4-E2B-it\semantic\seed_789\samsum\shadow_kv\benchmark_hf_google_gemma-4-E2B-it_public_dataset_samsum_semantic_cuda.json"
"google_gemma-4-E2B-it","google/gemma-4-E2B-it","samsum","semantic","shadow_kv_plus","789","1.28289043721572","1.4171530899713","24.3836636748922","26.3676777680331","0.9921875","127","16256","0.0","raw_results\google_gemma-4-E2B-it\semantic\seed_789\samsum\shadow_kv_plus\benchmark_hf_google_gemma-4-E2B-it_public_dataset_samsum_semantic_cuda.json"
"google_gemma-4-E2B-it","google/gemma-4-E2B-it","samsum","semantic","shadow_kv","999","1.01893282701295","0.989732811618979","-3.1631922425911","-5.5147285045518","0.0","0","0","0.0","raw_results\google_gemma-4-E2B-it\semantic\seed_999\samsum\shadow_kv\benchmark_hf_google_gemma-4-E2B-it_public_dataset_samsum_semantic_cuda.json"
"google_gemma-4-E2B-it","google/gemma-4-E2B-it","samsum","semantic","shadow_kv_plus","999","1.31336756202296","1.42119420573334","23.7737678168535","31.1651214812193","0.9921875","127","16256","0.0","raw_results\google_gemma-4-E2B-it\semantic\seed_999\samsum\shadow_kv_plus\benchmark_hf_google_gemma-4-E2B-it_public_dataset_samsum_semantic_cuda.json"
"google_gemma-4-E2B-it","google/gemma-4-E2B-it","ultrachat","semantic","shadow_kv","42","0.997079228214992","1.0046543412648","-3.47914157972721","-5.72618906810426","0.0","0","0","0.0","raw_results\google_gemma-4-E2B-it\semantic\seed_42\ultrachat\shadow_kv\benchmark_hf_google_gemma-4-E2B-it_public_dataset_ultrachat_semantic_cuda.json"
"google_gemma-4-E2B-it","google/gemma-4-E2B-it","ultrachat","semantic","shadow_kv_plus","42","1.50953035772899","1.41893671955309","37.5110782781125","45.8281065911839","0.9921875","127","16256","0.0","raw_results\google_gemma-4-E2B-it\semantic\seed_42\ultrachat\shadow_kv_plus\benchmark_hf_google_gemma-4-E2B-it_public_dataset_ultrachat_semantic_cuda.json"
"google_gemma-4-E2B-it","google/gemma-4-E2B-it","ultrachat","semantic","shadow_kv","123","0.979791220885083","0.998111275032521","4.42168565881039","-1.73348877217527","0.0","0","0","0.0","raw_results\google_gemma-4-E2B-it\semantic\seed_123\ultrachat\shadow_kv\benchmark_hf_google_gemma-4-E2B-it_public_dataset_ultrachat_semantic_cuda.json"
"google_gemma-4-E2B-it","google/gemma-4-E2B-it","ultrachat","semantic","shadow_kv_plus","123","1.47496354010144","1.38857233510113","42.831786798992","41.9666030221998","0.9921875","127","16256","0.0","raw_results\google_gemma-4-E2B-it\semantic\seed_123\ultrachat\shadow_kv_plus\benchmark_hf_google_gemma-4-E2B-it_public_dataset_ultrachat_semantic_cuda.json"
"google_gemma-4-E2B-it","google/gemma-4-E2B-it","ultrachat","semantic","shadow_kv","456","0.953338798381644","1.00600810839821","-5.07602484985486","-10.6037135975883","0.0","0","0","0.0","raw_results\google_gemma-4-E2B-it\semantic\seed_456\ultrachat\shadow_kv\benchmark_hf_google_gemma-4-E2B-it_public_dataset_ultrachat_semantic_cuda.json"
"google_gemma-4-E2B-it","google/gemma-4-E2B-it","ultrachat","semantic","shadow_kv_plus","456","1.43937096954796","1.40114715889797","38.6101705868167","44.3997553599297","0.9921875","127","16256","0.0","raw_results\google_gemma-4-E2B-it\semantic\seed_456\ultrachat\shadow_kv_plus\benchmark_hf_google_gemma-4-E2B-it_public_dataset_ultrachat_semantic_cuda.json"
"google_gemma-4-E2B-it","google/gemma-4-E2B-it","ultrachat","semantic","shadow_kv","789","0.947130482412162","0.976491849499627","3.15798593514589","-5.65980023510323","0.0","0","0","0.0","raw_results\google_gemma-4-E2B-it\semantic\seed_789\ultrachat\shadow_kv\benchmark_hf_google_gemma-4-E2B-it_public_dataset_ultrachat_semantic_cuda.json"
"google_gemma-4-E2B-it","google/gemma-4-E2B-it","ultrachat","semantic","shadow_kv_plus","789","1.47763526447173","1.42196624724638","35.6520350828794","47.2958542390059","0.9921875","127","16256","0.0","raw_results\google_gemma-4-E2B-it\semantic\seed_789\ultrachat\shadow_kv_plus\benchmark_hf_google_gemma-4-E2B-it_public_dataset_ultrachat_semantic_cuda.json"
"google_gemma-4-E2B-it","google/gemma-4-E2B-it","ultrachat","semantic","shadow_kv","999","1.00708144365296","0.970741903878443","-4.9573879590508","-3.60371161769139","0.0","0","0","0.0","raw_results\google_gemma-4-E2B-it\semantic\seed_999\ultrachat\shadow_kv\benchmark_hf_google_gemma-4-E2B-it_public_dataset_ultrachat_semantic_cuda.json"
"google_gemma-4-E2B-it","google/gemma-4-E2B-it","ultrachat","semantic","shadow_kv_plus","999","1.52595172722416","1.45291458845465","37.5184305661896","41.1911155373804","0.9921875","127","16256","0.0","raw_results\google_gemma-4-E2B-it\semantic\seed_999\ultrachat\shadow_kv_plus\benchmark_hf_google_gemma-4-E2B-it_public_dataset_ultrachat_semantic_cuda.json"
"google_gemma-4-E2B-it","google/gemma-4-E2B-it","xsum","semantic","shadow_kv","42","1.0025924562464","0.995199766109428","-1.440374856861","-3.16194957767506","0.0","0","0","0.0","raw_results\google_gemma-4-E2B-it\semantic\seed_42\xsum\shadow_kv\benchmark_hf_google_gemma-4-E2B-it_public_dataset_xsum_semantic_cuda.json"
"google_gemma-4-E2B-it","google/gemma-4-E2B-it","xsum","semantic","shadow_kv_plus","42","1.57747260493822","1.56639335006417","46.7564310102022","56.390803907736","0.9921875","127","16256","0.0","raw_results\google_gemma-4-E2B-it\semantic\seed_42\xsum\shadow_kv_plus\benchmark_hf_google_gemma-4-E2B-it_public_dataset_xsum_semantic_cuda.json"
"google_gemma-4-E2B-it","google/gemma-4-E2B-it","xsum","semantic","shadow_kv","123","1.05470287657413","0.972934331971256","-2.43357857336023","-6.22597179849485","0.0","0","0","0.0","raw_results\google_gemma-4-E2B-it\semantic\seed_123\xsum\shadow_kv\benchmark_hf_google_gemma-4-E2B-it_public_dataset_xsum_semantic_cuda.json"
"google_gemma-4-E2B-it","google/gemma-4-E2B-it","xsum","semantic","shadow_kv_plus","123","1.53877360976261","1.49707072731263","46.9837377617799","56.8497615950084","0.9921875","127","16256","0.0","raw_results\google_gemma-4-E2B-it\semantic\seed_123\xsum\shadow_kv_plus\benchmark_hf_google_gemma-4-E2B-it_public_dataset_xsum_semantic_cuda.json"
"google_gemma-4-E2B-it","google/gemma-4-E2B-it","xsum","semantic","shadow_kv","456","1.06573038524518","1.03558849489372","-3.09482520804086","-7.11636661575828","0.0","0","0","0.0","raw_results\google_gemma-4-E2B-it\semantic\seed_456\xsum\shadow_kv\benchmark_hf_google_gemma-4-E2B-it_public_dataset_xsum_semantic_cuda.json"
"google_gemma-4-E2B-it","google/gemma-4-E2B-it","xsum","semantic","shadow_kv_plus","456","1.67667659969492","1.58139289349444","45.6903523932752","57.5954734824975","0.9921875","127","16256","0.0","raw_results\google_gemma-4-E2B-it\semantic\seed_456\xsum\shadow_kv_plus\benchmark_hf_google_gemma-4-E2B-it_public_dataset_xsum_semantic_cuda.json"
"google_gemma-4-E2B-it","google/gemma-4-E2B-it","xsum","semantic","shadow_kv","789","0.990269440018864","0.953410857185634","2.60888405642211","-1.63305464989617","0.0","0","0","0.0","raw_results\google_gemma-4-E2B-it\semantic\seed_789\xsum\shadow_kv\benchmark_hf_google_gemma-4-E2B-it_public_dataset_xsum_semantic_cuda.json"
"google_gemma-4-E2B-it","google/gemma-4-E2B-it","xsum","semantic","shadow_kv_plus","789","1.63286218848863","1.49268690959288","53.3249126709985","57.3075587000795","0.9921875","127","16256","0.0","raw_results\google_gemma-4-E2B-it\semantic\seed_789\xsum\shadow_kv_plus\benchmark_hf_google_gemma-4-E2B-it_public_dataset_xsum_semantic_cuda.json"
"google_gemma-4-E2B-it","google/gemma-4-E2B-it","xsum","semantic","shadow_kv","999","0.996966274747991","0.9714710216873","-4.73412906221902","-2.23026400754306","0.0","0","0","0.0","raw_results\google_gemma-4-E2B-it\semantic\seed_999\xsum\shadow_kv\benchmark_hf_google_gemma-4-E2B-it_public_dataset_xsum_semantic_cuda.json"
"google_gemma-4-E2B-it","google/gemma-4-E2B-it","xsum","semantic","shadow_kv_plus","999","1.73406436218498","1.58767589769927","44.3381584277767","54.9606399398958","0.9921875","127","16256","0.0","raw_results\google_gemma-4-E2B-it\semantic\seed_999\xsum\shadow_kv_plus\benchmark_hf_google_gemma-4-E2B-it_public_dataset_xsum_semantic_cuda.json"
"gpt2","gpt2","ag_news","semantic","shadow_kv","42","1.08479771486973","1.10685886269262","-0.691979218665137","-2.80900638764728","0.0","0","0","0.0","raw_results\gpt2\semantic\seed_42\ag_news\shadow_kv\benchmark_hf_gpt2_public_dataset_ag_news_semantic_cuda.json"
"gpt2","gpt2","ag_news","semantic","shadow_kv_plus","42","0.854903445966705","0.942005923714058","-0.937912175584409","-0.298521255157883","0.9921875","127","16256","0.0","raw_results\gpt2\semantic\seed_42\ag_news\shadow_kv_plus\benchmark_hf_gpt2_public_dataset_ag_news_semantic_cuda.json"
"gpt2","gpt2","ag_news","semantic","shadow_kv","123","1.05938171611949","1.14869726720013","-5.44959176770769","-3.36927327822916","0.0","0","0","0.0","raw_results\gpt2\semantic\seed_123\ag_news\shadow_kv\benchmark_hf_gpt2_public_dataset_ag_news_semantic_cuda.json"
"gpt2","gpt2","ag_news","semantic","shadow_kv_plus","123","0.841313769111678","0.954307878098375","-8.13312648795899","-4.2962539548101","0.9921875","127","16256","0.0","raw_results\gpt2\semantic\seed_123\ag_news\shadow_kv_plus\benchmark_hf_gpt2_public_dataset_ag_news_semantic_cuda.json"
"gpt2","gpt2","ag_news","semantic","shadow_kv","456","1.10910228615543","1.13411423745826","-0.712232288200635","0.0356143587208841","0.0","0","0","0.0","raw_results\gpt2\semantic\seed_456\ag_news\shadow_kv\benchmark_hf_gpt2_public_dataset_ag_news_semantic_cuda.json"
"gpt2","gpt2","ag_news","semantic","shadow_kv_plus","456","0.865292943865287","0.949547366881711","-6.43532157048229","2.45302170401688","0.9921875","127","16256","0.0","raw_results\gpt2\semantic\seed_456\ag_news\shadow_kv_plus\benchmark_hf_gpt2_public_dataset_ag_news_semantic_cuda.json"
"gpt2","gpt2","ag_news","semantic","shadow_kv","789","1.1109618112505","1.06969259325634","-3.6421805740577","2.55072018950224","0.0","0","0","0.0","raw_results\gpt2\semantic\seed_789\ag_news\shadow_kv\benchmark_hf_gpt2_public_dataset_ag_news_semantic_cuda.json"
"gpt2","gpt2","ag_news","semantic","shadow_kv_plus","789","0.8782672950043","0.909999061807566","-3.17590794166244","-8.59873031235671","0.9921875","127","16256","0.0","raw_results\gpt2\semantic\seed_789\ag_news\shadow_kv_plus\benchmark_hf_gpt2_public_dataset_ag_news_semantic_cuda.json"
"gpt2","gpt2","ag_news","semantic","shadow_kv","999","1.06905374333684","1.01325574305419","-1.77315980820111","-3.02932002495321","0.0","0","0","0.0","raw_results\gpt2\semantic\seed_999\ag_news\shadow_kv\benchmark_hf_gpt2_public_dataset_ag_news_semantic_cuda.json"
"gpt2","gpt2","ag_news","semantic","shadow_kv_plus","999","0.89894484578968","0.90246461041025","0.548572557258133","0.457567985952259","0.9921875","127","16256","0.0","raw_results\gpt2\semantic\seed_999\ag_news\shadow_kv_plus\benchmark_hf_gpt2_public_dataset_ag_news_semantic_cuda.json"
"gpt2","gpt2","alpaca_eval","semantic","shadow_kv","42","1.00915715750652","1.04066493551284","-1.776959047754","-12.7253224089433","0.0","0","0","0.0","raw_results\gpt2\semantic\seed_42\alpaca_eval\shadow_kv\benchmark_hf_gpt2_public_dataset_alpaca_eval_semantic_cuda.json"
"gpt2","gpt2","alpaca_eval","semantic","shadow_kv_plus","42","0.706388055781693","0.7726567862996","-4.58402631206045","-12.4561101803593","0.9921875","127","16256","0.0","raw_results\gpt2\semantic\seed_42\alpaca_eval\shadow_kv_plus\benchmark_hf_gpt2_public_dataset_alpaca_eval_semantic_cuda.json"
"gpt2","gpt2","alpaca_eval","semantic","shadow_kv","123","1.04453106770019","1.01756159649413","-2.32095582643068","-27.5109782378435","0.0","0","0","0.0","raw_results\gpt2\semantic\seed_123\alpaca_eval\shadow_kv\benchmark_hf_gpt2_public_dataset_alpaca_eval_semantic_cuda.json"
"gpt2","gpt2","alpaca_eval","semantic","shadow_kv_plus","123","0.686556302844593","0.724838506058072","0.630462305475333","-19.8685531555897","0.9921875","127","16256","0.0","raw_results\gpt2\semantic\seed_123\alpaca_eval\shadow_kv_plus\benchmark_hf_gpt2_public_dataset_alpaca_eval_semantic_cuda.json"
"gpt2","gpt2","alpaca_eval","semantic","shadow_kv","456","0.969682803447558","1.0604928184628","0.479742082356685","-14.0285983224594","0.0","0","0","0.0","raw_results\gpt2\semantic\seed_456\alpaca_eval\shadow_kv\benchmark_hf_gpt2_public_dataset_alpaca_eval_semantic_cuda.json"
"gpt2","gpt2","alpaca_eval","semantic","shadow_kv_plus","456","0.700032201277882","0.786365878662618","-6.20122452337035","-14.6248977494522","0.9921875","127","16256","0.0","raw_results\gpt2\semantic\seed_456\alpaca_eval\shadow_kv_plus\benchmark_hf_gpt2_public_dataset_alpaca_eval_semantic_cuda.json"
"gpt2","gpt2","alpaca_eval","semantic","shadow_kv","789","1.04501762525141","1.03497781018601","-3.69801961087091","-10.1659691621545","0.0","0","0","0.0","raw_results\gpt2\semantic\seed_789\alpaca_eval\shadow_kv\benchmark_hf_gpt2_public_dataset_alpaca_eval_semantic_cuda.json"
"gpt2","gpt2","alpaca_eval","semantic","shadow_kv_plus","789","0.717568720202398","0.763891166711653","-4.98654647930822","-6.16336879405543","0.9921875","127","16256","0.0","raw_results\gpt2\semantic\seed_789\alpaca_eval\shadow_kv_plus\benchmark_hf_gpt2_public_dataset_alpaca_eval_semantic_cuda.json"
"gpt2","gpt2","alpaca_eval","semantic","shadow_kv","999","1.09304321767776","1.06149141438336","-2.00230554161925","-11.1982511491652","0.0","0","0","0.0","raw_results\gpt2\semantic\seed_999\alpaca_eval\shadow_kv\benchmark_hf_gpt2_public_dataset_alpaca_eval_semantic_cuda.json"
"gpt2","gpt2","alpaca_eval","semantic","shadow_kv_plus","999","0.715196032276592","0.748946151896508","-8.32273511072883","-10.7847475855099","0.9921875","127","16256","0.0","raw_results\gpt2\semantic\seed_999\alpaca_eval\shadow_kv_plus\benchmark_hf_gpt2_public_dataset_alpaca_eval_semantic_cuda.json"
"gpt2","gpt2","banking77","semantic","shadow_kv","42","0.955711230821337","0.962766891568713","0.386859594565169","8.74035929071679","0.0","0","0","0.0","raw_results\gpt2\semantic\seed_42\banking77\shadow_kv\benchmark_hf_gpt2_public_dataset_banking77_semantic_cuda.json"
"gpt2","gpt2","banking77","semantic","shadow_kv_plus","42","0.704303725314798","0.783238614936483","-1.43712003530188","-1.36426348666921","0.9921875","127","16256","0.0","raw_results\gpt2\semantic\seed_42\banking77\shadow_kv_plus\benchmark_hf_gpt2_public_dataset_banking77_semantic_cuda.json"
"gpt2","gpt2","banking77","semantic","shadow_kv","123","0.978579433704225","0.931572298038482","3.39402256590555","14.7614765187378","0.0","0","0","0.0","raw_results\gpt2\semantic\seed_123\banking77\shadow_kv\benchmark_hf_gpt2_public_dataset_banking77_semantic_cuda.json"
"gpt2","gpt2","banking77","semantic","shadow_kv_plus","123","0.74115987558786","0.769168145137571","4.20969535387941","-1.2262785627339","0.9921875","127","16256","0.0","raw_results\gpt2\semantic\seed_123\banking77\shadow_kv_plus\benchmark_hf_gpt2_public_dataset_banking77_semantic_cuda.json"
"gpt2","gpt2","banking77","semantic","shadow_kv","456","0.973196307240907","0.918433097963079","5.63032005985287","3.69755143615316","0.0","0","0","0.0","raw_results\gpt2\semantic\seed_456\banking77\shadow_kv\benchmark_hf_gpt2_public_dataset_banking77_semantic_cuda.json"
"gpt2","gpt2","banking77","semantic","shadow_kv_plus","456","0.677944164153436","0.80324333971169","-0.426050564389764","-2.79306799795906","0.9921875","127","16256","0.0","raw_results\gpt2\semantic\seed_456\banking77\shadow_kv_plus\benchmark_hf_gpt2_public_dataset_banking77_semantic_cuda.json"
"gpt2","gpt2","banking77","semantic","shadow_kv","789","0.959018772712302","0.989984976498873","-1.58285799987422","6.30556321917542","0.0","0","0","0.0","raw_results\gpt2\semantic\seed_789\banking77\shadow_kv\benchmark_hf_gpt2_public_dataset_banking77_semantic_cuda.json"
"gpt2","gpt2","banking77","semantic","shadow_kv_plus","789","0.6570483041499","0.798408997534465","1.50653371843809","-6.20814833987032","0.9921875","127","16256","0.0","raw_results\gpt2\semantic\seed_789\banking77\shadow_kv_plus\benchmark_hf_gpt2_public_dataset_banking77_semantic_cuda.json"
"gpt2","gpt2","banking77","semantic","shadow_kv","999","0.992264937342524","0.943206289523158","1.43973215763817","11.5011734081856","0.0","0","0","0.0","raw_results\gpt2\semantic\seed_999\banking77\shadow_kv\benchmark_hf_gpt2_public_dataset_banking77_semantic_cuda.json"
"gpt2","gpt2","banking77","semantic","shadow_kv_plus","999","0.767013349849717","0.785047039179182","-1.85221938447794","-0.407257310195567","0.9921875","127","16256","0.0","raw_results\gpt2\semantic\seed_999\banking77\shadow_kv_plus\benchmark_hf_gpt2_public_dataset_banking77_semantic_cuda.json"
"gpt2","gpt2","cnn_dailymail","semantic","shadow_kv","42","1.03500395094014","1.05493972428255","-1.03320583133712","-1.45247493414998","0.0","0","0","0.0","raw_results\gpt2\semantic\seed_42\cnn_dailymail\shadow_kv\benchmark_hf_gpt2_public_dataset_cnn_dailymail_semantic_cuda.json"
"gpt2","gpt2","cnn_dailymail","semantic","shadow_kv_plus","42","0.795577840195157","0.822148316618482","7.60317521100234","29.2852200743355","0.9921875","127","16256","0.0","raw_results\gpt2\semantic\seed_42\cnn_dailymail\shadow_kv_plus\benchmark_hf_gpt2_public_dataset_cnn_dailymail_semantic_cuda.json"
"gpt2","gpt2","cnn_dailymail","semantic","shadow_kv","123","1.04192180336311","1.07450525971658","4.84873376911535","-4.24356200099572","0.0","0","0","0.0","raw_results\gpt2\semantic\seed_123\cnn_dailymail\shadow_kv\benchmark_hf_gpt2_public_dataset_cnn_dailymail_semantic_cuda.json"
"gpt2","gpt2","cnn_dailymail","semantic","shadow_kv_plus","123","0.759505130934172","0.828146374868099","12.5261521975285","29.103073144493","0.9921875","127","16256","0.0","raw_results\gpt2\semantic\seed_123\cnn_dailymail\shadow_kv_plus\benchmark_hf_gpt2_public_dataset_cnn_dailymail_semantic_cuda.json"
"gpt2","gpt2","cnn_dailymail","semantic","shadow_kv","456","1.02102933794724","1.02754457066836","-7.69112302218659","-10.8773270392441","0.0","0","0","0.0","raw_results\gpt2\semantic\seed_456\cnn_dailymail\shadow_kv\benchmark_hf_gpt2_public_dataset_cnn_dailymail_semantic_cuda.json"
"gpt2","gpt2","cnn_dailymail","semantic","shadow_kv_plus","456","0.772943371773296","0.873808439469866","3.96053050471044","26.5677132327909","0.9921875","127","16256","0.0","raw_results\gpt2\semantic\seed_456\cnn_dailymail\shadow_kv_plus\benchmark_hf_gpt2_public_dataset_cnn_dailymail_semantic_cuda.json"
"gpt2","gpt2","cnn_dailymail","semantic","shadow_kv","789","1.10626212119166","1.09527137569629","1.54696575389138","-1.95726077784751","0.0","0","0","0.0","raw_results\gpt2\semantic\seed_789\cnn_dailymail\shadow_kv\benchmark_hf_gpt2_public_dataset_cnn_dailymail_semantic_cuda.json"
"gpt2","gpt2","cnn_dailymail","semantic","shadow_kv_plus","789","0.816461410848448","0.847445307114165","6.51066905196425","29.9646023311393","0.9921875","127","16256","0.0","raw_results\gpt2\semantic\seed_789\cnn_dailymail\shadow_kv_plus\benchmark_hf_gpt2_public_dataset_cnn_dailymail_semantic_cuda.json"
"gpt2","gpt2","cnn_dailymail","semantic","shadow_kv","999","1.04175757936384","1.05395514084575","-2.613067847687","2.83813060218722","0.0","0","0","0.0","raw_results\gpt2\semantic\seed_999\cnn_dailymail\shadow_kv\benchmark_hf_gpt2_public_dataset_cnn_dailymail_semantic_cuda.json"
"gpt2","gpt2","cnn_dailymail","semantic","shadow_kv_plus","999","0.789171614362454","0.830503165873922","6.2913398925177","28.2089871837611","0.9921875","127","16256","0.0","raw_results\gpt2\semantic\seed_999\cnn_dailymail\shadow_kv_plus\benchmark_hf_gpt2_public_dataset_cnn_dailymail_semantic_cuda.json"
"gpt2","gpt2","daily_dialog","semantic","shadow_kv","42","1.09309904174381","1.0677477699344","-0.548244962915895","-1.25085154853744","0.0","0","0","0.0","raw_results\gpt2\semantic\seed_42\daily_dialog\shadow_kv\benchmark_hf_gpt2_public_dataset_daily_dialog_semantic_cuda.json"
"gpt2","gpt2","daily_dialog","semantic","shadow_kv_plus","42","0.757888035601154","0.810678473298884","-6.82730506350911","0.916930115075915","0.9921875","127","16256","0.0","raw_results\gpt2\semantic\seed_42\daily_dialog\shadow_kv_plus\benchmark_hf_gpt2_public_dataset_daily_dialog_semantic_cuda.json"
"gpt2","gpt2","daily_dialog","semantic","shadow_kv","123","1.11798760435157","1.07846799179876","0.266030364632086","0.188676031099774","0.0","0","0","0.0","raw_results\gpt2\semantic\seed_123\daily_dialog\shadow_kv\benchmark_hf_gpt2_public_dataset_daily_dialog_semantic_cuda.json"
"gpt2","gpt2","daily_dialog","semantic","shadow_kv_plus","123","0.767487563013415","0.833805977126118","-3.14457644417856","2.34896594208871","0.9921875","127","16256","0.0","raw_results\gpt2\semantic\seed_123\daily_dialog\shadow_kv_plus\benchmark_hf_gpt2_public_dataset_daily_dialog_semantic_cuda.json"
"gpt2","gpt2","daily_dialog","semantic","shadow_kv","456","1.15700039434569","1.12488365107231","3.15977528166406","0.750434605216748","0.0","0","0","0.0","raw_results\gpt2\semantic\seed_456\daily_dialog\shadow_kv\benchmark_hf_gpt2_public_dataset_daily_dialog_semantic_cuda.json"
"gpt2","gpt2","daily_dialog","semantic","shadow_kv_plus","456","0.776879481016784","0.894072655402723","-11.2161864092245","5.14170151485649","0.9921875","127","16256","0.0","raw_results\gpt2\semantic\seed_456\daily_dialog\shadow_kv_plus\benchmark_hf_gpt2_public_dataset_daily_dialog_semantic_cuda.json"
"gpt2","gpt2","daily_dialog","semantic","shadow_kv","789","1.10003852214769","1.09974906499985","2.77144136924815","-5.71178741889564","0.0","0","0","0.0","raw_results\gpt2\semantic\seed_789\daily_dialog\shadow_kv\benchmark_hf_gpt2_public_dataset_daily_dialog_semantic_cuda.json"
"gpt2","gpt2","daily_dialog","semantic","shadow_kv_plus","789","0.753903047951999","0.857396483229974","-1.9888810436084","-0.239258749308739","0.9921875","127","16256","0.0","raw_results\gpt2\semantic\seed_789\daily_dialog\shadow_kv_plus\benchmark_hf_gpt2_public_dataset_daily_dialog_semantic_cuda.json"
"gpt2","gpt2","daily_dialog","semantic","shadow_kv","999","1.12145482521382","1.17273876672003","-5.39256064648986","1.7631786751829","0.0","0","0","0.0","raw_results\gpt2\semantic\seed_999\daily_dialog\shadow_kv\benchmark_hf_gpt2_public_dataset_daily_dialog_semantic_cuda.json"
"gpt2","gpt2","daily_dialog","semantic","shadow_kv_plus","999","0.814621431340018","0.894105663497003","-1.23750052338881","-3.50120099731829","0.9921875","127","16256","0.0","raw_results\gpt2\semantic\seed_999\daily_dialog\shadow_kv_plus\benchmark_hf_gpt2_public_dataset_daily_dialog_semantic_cuda.json"
"gpt2","gpt2","dolly","semantic","shadow_kv","42","1.01229083946477","0.98001664746459","-0.605651801444111","-3.38218056640132","0.0","0","0","0.0","raw_results\gpt2\semantic\seed_42\dolly\shadow_kv\benchmark_hf_gpt2_public_dataset_dolly_semantic_cuda.json"
"gpt2","gpt2","dolly","semantic","shadow_kv_plus","42","0.758709976000986","0.816608271741781","-1.16106979510868","3.84267633753143","0.9921875","127","16256","0.0","raw_results\gpt2\semantic\seed_42\dolly\shadow_kv_plus\benchmark_hf_gpt2_public_dataset_dolly_semantic_cuda.json"
"gpt2","gpt2","dolly","semantic","shadow_kv","123","1.09465828617897","0.954349318218098","-2.38759664206135","3.1140307015979","0.0","0","0","0.0","raw_results\gpt2\semantic\seed_123\dolly\shadow_kv\benchmark_hf_gpt2_public_dataset_dolly_semantic_cuda.json"
"gpt2","gpt2","dolly","semantic","shadow_kv_plus","123","0.767915671216245","0.84105540657022","-4.49936157914418","6.98160587639057","0.9921875","127","16256","0.0","raw_results\gpt2\semantic\seed_123\dolly\shadow_kv_plus\benchmark_hf_gpt2_public_dataset_dolly_semantic_cuda.json"
"gpt2","gpt2","dolly","semantic","shadow_kv","456","1.00621666056503","0.902291902642576","2.04424994939624","1.5296814212958","0.0","0","0","0.0","raw_results\gpt2\semantic\seed_456\dolly\shadow_kv\benchmark_hf_gpt2_public_dataset_dolly_semantic_cuda.json"
"gpt2","gpt2","dolly","semantic","shadow_kv_plus","456","0.771938437180324","0.754074512746001","1.44284134652656","1.46785690425165","0.9921875","127","16256","0.0","raw_results\gpt2\semantic\seed_456\dolly\shadow_kv_plus\benchmark_hf_gpt2_public_dataset_dolly_semantic_cuda.json"
"gpt2","gpt2","dolly","semantic","shadow_kv","789","0.99060496751101","0.986636279452879","-5.92149182409386","-4.11051473038644","0.0","0","0","0.0","raw_results\gpt2\semantic\seed_789\dolly\shadow_kv\benchmark_hf_gpt2_public_dataset_dolly_semantic_cuda.json"
"gpt2","gpt2","dolly","semantic","shadow_kv_plus","789","0.75779428027408","0.853183076582569","-10.6533402419914","-3.44188332357488","0.9921875","127","16256","0.0","raw_results\gpt2\semantic\seed_789\dolly\shadow_kv_plus\benchmark_hf_gpt2_public_dataset_dolly_semantic_cuda.json"
"gpt2","gpt2","dolly","semantic","shadow_kv","999","1.03184721498671","0.95986208904545","-4.7113858646535","-5.5292642349545","0.0","0","0","0.0","raw_results\gpt2\semantic\seed_999\dolly\shadow_kv\benchmark_hf_gpt2_public_dataset_dolly_semantic_cuda.json"
"gpt2","gpt2","dolly","semantic","shadow_kv_plus","999","0.74804916963886","0.771332711331352","5.91197950172456","-0.941220410293577","0.9921875","127","16256","0.0","raw_results\gpt2\semantic\seed_999\dolly\shadow_kv_plus\benchmark_hf_gpt2_public_dataset_dolly_semantic_cuda.json"
"gpt2","gpt2","oasst1","semantic","shadow_kv","42","0.896775821944338","0.917944263461817","-1.74395207022053","11.1080989643383","0.0","0","0","0.0","raw_results\gpt2\semantic\seed_42\oasst1\shadow_kv\benchmark_hf_gpt2_public_dataset_oasst1_semantic_cuda.json"
"gpt2","gpt2","oasst1","semantic","shadow_kv_plus","42","0.708924057308494","0.784464660997774","0.420292887947744","-3.49543993932071","0.9921875","127","16256","0.0","raw_results\gpt2\semantic\seed_42\oasst1\shadow_kv_plus\benchmark_hf_gpt2_public_dataset_oasst1_semantic_cuda.json"
"gpt2","gpt2","oasst1","semantic","shadow_kv","123","0.890735740374189","0.956548736788157","-9.19081840592756","10.1937373815847","0.0","0","0","0.0","raw_results\gpt2\semantic\seed_123\oasst1\shadow_kv\benchmark_hf_gpt2_public_dataset_oasst1_semantic_cuda.json"
"gpt2","gpt2","oasst1","semantic","shadow_kv_plus","123","0.695823385821767","0.869471757885113","-3.59020667887866","-8.92471916180088","0.9921875","127","16256","0.0","raw_results\gpt2\semantic\seed_123\oasst1\shadow_kv_plus\benchmark_hf_gpt2_public_dataset_oasst1_semantic_cuda.json"
"gpt2","gpt2","oasst1","semantic","shadow_kv","456","0.894185822746891","0.93238668722574","-9.22965480865952","10.4435575275125","0.0","0","0","0.0","raw_results\gpt2\semantic\seed_456\oasst1\shadow_kv\benchmark_hf_gpt2_public_dataset_oasst1_semantic_cuda.json"
"gpt2","gpt2","oasst1","semantic","shadow_kv_plus","456","0.714941515821185","0.785072129211831","-0.0377729167006881","-9.69787705851725","0.9921875","127","16256","0.0","raw_results\gpt2\semantic\seed_456\oasst1\shadow_kv_plus\benchmark_hf_gpt2_public_dataset_oasst1_semantic_cuda.json"
"gpt2","gpt2","oasst1","semantic","shadow_kv","789","0.866582347845046","0.956691598409157","6.13497677033885","10.302585683829","0.0","0","0","0.0","raw_results\gpt2\semantic\seed_789\oasst1\shadow_kv\benchmark_hf_gpt2_public_dataset_oasst1_semantic_cuda.json"
"gpt2","gpt2","oasst1","semantic","shadow_kv_plus","789","0.663639905471073","0.849525620619546","1.74225676429308","-2.37766597121486","0.9921875","127","16256","0.0","raw_results\gpt2\semantic\seed_789\oasst1\shadow_kv_plus\benchmark_hf_gpt2_public_dataset_oasst1_semantic_cuda.json"
"gpt2","gpt2","oasst1","semantic","shadow_kv","999","0.965644370537761","0.97057186811978","-4.66277813630724","11.709094813741","0.0","0","0","0.0","raw_results\gpt2\semantic\seed_999\oasst1\shadow_kv\benchmark_hf_gpt2_public_dataset_oasst1_semantic_cuda.json"
"gpt2","gpt2","oasst1","semantic","shadow_kv_plus","999","0.734863898037148","0.809061362843104","-2.06436766247978","-3.60081533133942","0.9921875","127","16256","0.0","raw_results\gpt2\semantic\seed_999\oasst1\shadow_kv_plus\benchmark_hf_gpt2_public_dataset_oasst1_semantic_cuda.json"
"gpt2","gpt2","samsum","semantic","shadow_kv","42","0.995864144271657","0.982418145609972","-0.808730134369352","0.603062336940897","0.0","0","0","0.0","raw_results\gpt2\semantic\seed_42\samsum\shadow_kv\benchmark_hf_gpt2_public_dataset_samsum_semantic_cuda.json"
"gpt2","gpt2","samsum","semantic","shadow_kv_plus","42","0.778431205744422","0.828969854563997","1.42598431066462","1.67481607240587","0.9921875","127","16256","0.0","raw_results\gpt2\semantic\seed_42\samsum\shadow_kv_plus\benchmark_hf_gpt2_public_dataset_samsum_semantic_cuda.json"
"gpt2","gpt2","samsum","semantic","shadow_kv","123","1.02119071409694","0.972184424518776","3.73510126452296","-1.75063719642166","0.0","0","0","0.0","raw_results\gpt2\semantic\seed_123\samsum\shadow_kv\benchmark_hf_gpt2_public_dataset_samsum_semantic_cuda.json"
"gpt2","gpt2","samsum","semantic","shadow_kv_plus","123","0.789146114800996","0.899372020316479","1.38430440819522","-0.0341333913839692","0.9921875","127","16256","0.0","raw_results\gpt2\semantic\seed_123\samsum\shadow_kv_plus\benchmark_hf_gpt2_public_dataset_samsum_semantic_cuda.json"
"gpt2","gpt2","samsum","semantic","shadow_kv","456","1.03856787031516","0.977331602640228","-1.65642850050675","5.32674962629513","0.0","0","0","0.0","raw_results\gpt2\semantic\seed_456\samsum\shadow_kv\benchmark_hf_gpt2_public_dataset_samsum_semantic_cuda.json"
"gpt2","gpt2","samsum","semantic","shadow_kv_plus","456","0.838770676548115","0.846625594937418","-3.40287418015051","5.87789569120357","0.9921875","127","16256","0.0","raw_results\gpt2\semantic\seed_456\samsum\shadow_kv_plus\benchmark_hf_gpt2_public_dataset_samsum_semantic_cuda.json"
"gpt2","gpt2","samsum","semantic","shadow_kv","789","1.09681989700745","0.985362476510731","3.28087300567263","5.23739518497538","0.0","0","0","0.0","raw_results\gpt2\semantic\seed_789\samsum\shadow_kv\benchmark_hf_gpt2_public_dataset_samsum_semantic_cuda.json"
"gpt2","gpt2","samsum","semantic","shadow_kv_plus","789","0.839112058947608","0.905566010446375","4.3139287446034","3.91602543204113","0.9921875","127","16256","0.0","raw_results\gpt2\semantic\seed_789\samsum\shadow_kv_plus\benchmark_hf_gpt2_public_dataset_samsum_semantic_cuda.json"
"gpt2","gpt2","samsum","semantic","shadow_kv","999","0.994086429206906","0.973101179647218","7.21187760101206","-2.11367234455975","0.0","0","0","0.0","raw_results\gpt2\semantic\seed_999\samsum\shadow_kv\benchmark_hf_gpt2_public_dataset_samsum_semantic_cuda.json"
"gpt2","gpt2","samsum","semantic","shadow_kv_plus","999","0.802973707941865","0.890370298623847","7.62613158433555","-1.4585778842105","0.9921875","127","16256","0.0","raw_results\gpt2\semantic\seed_999\samsum\shadow_kv_plus\benchmark_hf_gpt2_public_dataset_samsum_semantic_cuda.json"
"gpt2","gpt2","ultrachat","semantic","shadow_kv","42","1.00957446114145","0.939514909909192","-3.14348634573575","-4.60261651252499","0.0","0","0","0.0","raw_results\gpt2\semantic\seed_42\ultrachat\shadow_kv\benchmark_hf_gpt2_public_dataset_ultrachat_semantic_cuda.json"
"gpt2","gpt2","ultrachat","semantic","shadow_kv_plus","42","0.765854961272778","0.767205060304713","0.885237889249057","21.9331684259623","0.9921875","127","16256","0.0","raw_results\gpt2\semantic\seed_42\ultrachat\shadow_kv_plus\benchmark_hf_gpt2_public_dataset_ultrachat_semantic_cuda.json"
"gpt2","gpt2","ultrachat","semantic","shadow_kv","123","1.03280100346564","0.890159293357936","-2.71450413375817","-4.92398104776453","0.0","0","0","0.0","raw_results\gpt2\semantic\seed_123\ultrachat\shadow_kv\benchmark_hf_gpt2_public_dataset_ultrachat_semantic_cuda.json"
"gpt2","gpt2","ultrachat","semantic","shadow_kv_plus","123","0.780817957397477","0.803960690906882","3.17478609846773","25.5860396619486","0.9921875","127","16256","0.0","raw_results\gpt2\semantic\seed_123\ultrachat\shadow_kv_plus\benchmark_hf_gpt2_public_dataset_ultrachat_semantic_cuda.json"
"gpt2","gpt2","ultrachat","semantic","shadow_kv","456","1.07485262289799","0.988985293036214","-1.11451467647207","-7.8103531909598","0.0","0","0","0.0","raw_results\gpt2\semantic\seed_456\ultrachat\shadow_kv\benchmark_hf_gpt2_public_dataset_ultrachat_semantic_cuda.json"
"gpt2","gpt2","ultrachat","semantic","shadow_kv_plus","456","0.769745911270508","0.778611891881238","5.01552100660459","22.681731948709","0.9921875","127","16256","0.0","raw_results\gpt2\semantic\seed_456\ultrachat\shadow_kv_plus\benchmark_hf_gpt2_public_dataset_ultrachat_semantic_cuda.json"
"gpt2","gpt2","ultrachat","semantic","shadow_kv","789","0.998293375938416","0.94343907666301","-4.85367942170559","-13.6555366196734","0.0","0","0","0.0","raw_results\gpt2\semantic\seed_789\ultrachat\shadow_kv\benchmark_hf_gpt2_public_dataset_ultrachat_semantic_cuda.json"
"gpt2","gpt2","ultrachat","semantic","shadow_kv_plus","789","0.771801058628836","0.785438423049496","5.44756084093827","20.6884945028859","0.9921875","127","16256","0.0","raw_results\gpt2\semantic\seed_789\ultrachat\shadow_kv_plus\benchmark_hf_gpt2_public_dataset_ultrachat_semantic_cuda.json"
"gpt2","gpt2","ultrachat","semantic","shadow_kv","999","1.05701268676162","0.928182683550092","-1.11710944054834","-1.37586829249733","0.0","0","0","0.0","raw_results\gpt2\semantic\seed_999\ultrachat\shadow_kv\benchmark_hf_gpt2_public_dataset_ultrachat_semantic_cuda.json"
"gpt2","gpt2","ultrachat","semantic","shadow_kv_plus","999","0.851476686092448","0.733461349194463","-2.41484147405675","25.5552605415134","0.9921875","127","16256","0.0","raw_results\gpt2\semantic\seed_999\ultrachat\shadow_kv_plus\benchmark_hf_gpt2_public_dataset_ultrachat_semantic_cuda.json"
"gpt2","gpt2","xsum","semantic","shadow_kv","42","0.930701279666852","0.971908849308481","-2.82474181280256","-6.89884755693138","0.0","0","0","0.0","raw_results\gpt2\semantic\seed_42\xsum\shadow_kv\benchmark_hf_gpt2_public_dataset_xsum_semantic_cuda.json"
"gpt2","gpt2","xsum","semantic","shadow_kv_plus","42","0.788328966603016","0.850614573087701","5.53067059674223","22.8963944734967","0.9921875","127","16256","0.0","raw_results\gpt2\semantic\seed_42\xsum\shadow_kv_plus\benchmark_hf_gpt2_public_dataset_xsum_semantic_cuda.json"
"gpt2","gpt2","xsum","semantic","shadow_kv","123","1.01945298268733","0.987533208054638","-7.93772521397333","-7.15835269571815","0.0","0","0","0.0","raw_results\gpt2\semantic\seed_123\xsum\shadow_kv\benchmark_hf_gpt2_public_dataset_xsum_semantic_cuda.json"
"gpt2","gpt2","xsum","semantic","shadow_kv_plus","123","0.876829367422804","0.882373945735411","6.07186497107452","23.8858725717989","0.9921875","127","16256","0.0","raw_results\gpt2\semantic\seed_123\xsum\shadow_kv_plus\benchmark_hf_gpt2_public_dataset_xsum_semantic_cuda.json"
"gpt2","gpt2","xsum","semantic","shadow_kv","456","0.936064240275315","0.991076563465504","-6.09129985125943","-12.8029086411379","0.0","0","0","0.0","raw_results\gpt2\semantic\seed_456\xsum\shadow_kv\benchmark_hf_gpt2_public_dataset_xsum_semantic_cuda.json"
"gpt2","gpt2","xsum","semantic","shadow_kv_plus","456","0.817748358658006","0.853035179487307","6.63149502999999","20.7108515455896","0.9921875","127","16256","0.0","raw_results\gpt2\semantic\seed_456\xsum\shadow_kv_plus\benchmark_hf_gpt2_public_dataset_xsum_semantic_cuda.json"
"gpt2","gpt2","xsum","semantic","shadow_kv","789","0.913614903514253","0.94900644874007","-4.30982316241353","-6.29166747745262","0.0","0","0","0.0","raw_results\gpt2\semantic\seed_789\xsum\shadow_kv\benchmark_hf_gpt2_public_dataset_xsum_semantic_cuda.json"
"gpt2","gpt2","xsum","semantic","shadow_kv_plus","789","0.772582156128001","0.811352262010266","7.43514162961026","22.3322729043872","0.9921875","127","16256","0.0","raw_results\gpt2\semantic\seed_789\xsum\shadow_kv_plus\benchmark_hf_gpt2_public_dataset_xsum_semantic_cuda.json"
"gpt2","gpt2","xsum","semantic","shadow_kv","999","0.982508813640758","1.01053512101014","2.51707705342533","-4.46474115744621","0.0","0","0","0.0","raw_results\gpt2\semantic\seed_999\xsum\shadow_kv\benchmark_hf_gpt2_public_dataset_xsum_semantic_cuda.json"
"gpt2","gpt2","xsum","semantic","shadow_kv_plus","999","0.809651843183148","0.853939098225622","5.43447840170851","19.1770188581363","0.9921875","127","16256","0.0","raw_results\gpt2\semantic\seed_999\xsum\shadow_kv_plus\benchmark_hf_gpt2_public_dataset_xsum_semantic_cuda.json"
"microsoft_Phi-3-mini-4k-instruct","microsoft/Phi-3-mini-4k-instruct","ag_news","semantic","shadow_kv","42","1.00102842335977","0.994309289282629","-0.590828136486371","-1.56044579091837","0.0","0","0","0.0","raw_results\microsoft_Phi-3-mini-4k-instruct\semantic\seed_42\ag_news\shadow_kv\benchmark_hf_microsoft_Phi-3-mini-4k-instruct_public_dataset_ag_news_semantic_cuda.json"
"microsoft_Phi-3-mini-4k-instruct","microsoft/Phi-3-mini-4k-instruct","ag_news","semantic","shadow_kv_plus","42","0.921446880784915","0.998860438570155","2.27214494223187","4.80013605059096","0.9921875","127","16256","0.0","raw_results\microsoft_Phi-3-mini-4k-instruct\semantic\seed_42\ag_news\shadow_kv_plus\benchmark_hf_microsoft_Phi-3-mini-4k-instruct_public_dataset_ag_news_semantic_cuda.json"
"microsoft_Phi-3-mini-4k-instruct","microsoft/Phi-3-mini-4k-instruct","ag_news","semantic","shadow_kv","123","1.0541701481135","0.967193194651549","2.81395451294708","3.25617259644728","0.0","0","0","0.0","raw_results\microsoft_Phi-3-mini-4k-instruct\semantic\seed_123\ag_news\shadow_kv\benchmark_hf_microsoft_Phi-3-mini-4k-instruct_public_dataset_ag_news_semantic_cuda.json"
"microsoft_Phi-3-mini-4k-instruct","microsoft/Phi-3-mini-4k-instruct","ag_news","semantic","shadow_kv_plus","123","0.992965667358258","0.917634373571649","5.95296155516728","1.0170042802155","0.9921875","127","16256","0.0","raw_results\microsoft_Phi-3-mini-4k-instruct\semantic\seed_123\ag_news\shadow_kv_plus\benchmark_hf_microsoft_Phi-3-mini-4k-instruct_public_dataset_ag_news_semantic_cuda.json"
"microsoft_Phi-3-mini-4k-instruct","microsoft/Phi-3-mini-4k-instruct","ag_news","semantic","shadow_kv","456","0.95840152222315","1.0225427103809","-4.98923016272241","-3.429503408651","0.0","0","0","0.0","raw_results\microsoft_Phi-3-mini-4k-instruct\semantic\seed_456\ag_news\shadow_kv\benchmark_hf_microsoft_Phi-3-mini-4k-instruct_public_dataset_ag_news_semantic_cuda.json"
"microsoft_Phi-3-mini-4k-instruct","microsoft/Phi-3-mini-4k-instruct","ag_news","semantic","shadow_kv_plus","456","0.930117657130195","0.973870957567404","-5.95047949749359","0.211493196889346","0.9921875","127","16256","0.0","raw_results\microsoft_Phi-3-mini-4k-instruct\semantic\seed_456\ag_news\shadow_kv_plus\benchmark_hf_microsoft_Phi-3-mini-4k-instruct_public_dataset_ag_news_semantic_cuda.json"
"microsoft_Phi-3-mini-4k-instruct","microsoft/Phi-3-mini-4k-instruct","ag_news","semantic","shadow_kv","789","1.02830540125905","0.985135015939369","1.91742963543935","3.11463814204217","0.0","0","0","0.0","raw_results\microsoft_Phi-3-mini-4k-instruct\semantic\seed_789\ag_news\shadow_kv\benchmark_hf_microsoft_Phi-3-mini-4k-instruct_public_dataset_ag_news_semantic_cuda.json"
"microsoft_Phi-3-mini-4k-instruct","microsoft/Phi-3-mini-4k-instruct","ag_news","semantic","shadow_kv_plus","789","0.945345921816349","0.99702778896962","-1.12269132082157","10.9479419262553","0.9921875","127","16256","0.0","raw_results\microsoft_Phi-3-mini-4k-instruct\semantic\seed_789\ag_news\shadow_kv_plus\benchmark_hf_microsoft_Phi-3-mini-4k-instruct_public_dataset_ag_news_semantic_cuda.json"
"microsoft_Phi-3-mini-4k-instruct","microsoft/Phi-3-mini-4k-instruct","ag_news","semantic","shadow_kv","999","0.871008154600624","0.970594272297056","-5.84418663506634","-5.49741647210095","0.0","0","0","0.0","raw_results\microsoft_Phi-3-mini-4k-instruct\semantic\seed_999\ag_news\shadow_kv\benchmark_hf_microsoft_Phi-3-mini-4k-instruct_public_dataset_ag_news_semantic_cuda.json"
"microsoft_Phi-3-mini-4k-instruct","microsoft/Phi-3-mini-4k-instruct","ag_news","semantic","shadow_kv_plus","999","0.882921589646036","0.964265591229461","4.36780578287176","2.42911682592662","0.9921875","127","16256","0.0","raw_results\microsoft_Phi-3-mini-4k-instruct\semantic\seed_999\ag_news\shadow_kv_plus\benchmark_hf_microsoft_Phi-3-mini-4k-instruct_public_dataset_ag_news_semantic_cuda.json"
"microsoft_Phi-3-mini-4k-instruct","microsoft/Phi-3-mini-4k-instruct","alpaca_eval","semantic","shadow_kv","42","1.00188924383177","1.00321210333391","0.209498358654587","-2.02461962259805","0.0","0","0","0.0","raw_results\microsoft_Phi-3-mini-4k-instruct\semantic\seed_42\alpaca_eval\shadow_kv\benchmark_hf_microsoft_Phi-3-mini-4k-instruct_public_dataset_alpaca_eval_semantic_cuda.json"
"microsoft_Phi-3-mini-4k-instruct","microsoft/Phi-3-mini-4k-instruct","alpaca_eval","semantic","shadow_kv_plus","42","0.935629068777505","0.981656208118189","6.31935081660906","10.7617211514769","0.9921875","127","16256","0.0","raw_results\microsoft_Phi-3-mini-4k-instruct\semantic\seed_42\alpaca_eval\shadow_kv_plus\benchmark_hf_microsoft_Phi-3-mini-4k-instruct_public_dataset_alpaca_eval_semantic_cuda.json"
"microsoft_Phi-3-mini-4k-instruct","microsoft/Phi-3-mini-4k-instruct","alpaca_eval","semantic","shadow_kv","123","0.960933830676489","0.944478453682644","5.40476657161975","-4.87123906961095","0.0","0","0","0.0","raw_results\microsoft_Phi-3-mini-4k-instruct\semantic\seed_123\alpaca_eval\shadow_kv\benchmark_hf_microsoft_Phi-3-mini-4k-instruct_public_dataset_alpaca_eval_semantic_cuda.json"
"microsoft_Phi-3-mini-4k-instruct","microsoft/Phi-3-mini-4k-instruct","alpaca_eval","semantic","shadow_kv_plus","123","0.906195676179367","0.986940608980423","6.91752997114625","16.5309786832095","0.9921875","127","16256","0.0","raw_results\microsoft_Phi-3-mini-4k-instruct\semantic\seed_123\alpaca_eval\shadow_kv_plus\benchmark_hf_microsoft_Phi-3-mini-4k-instruct_public_dataset_alpaca_eval_semantic_cuda.json"
"microsoft_Phi-3-mini-4k-instruct","microsoft/Phi-3-mini-4k-instruct","alpaca_eval","semantic","shadow_kv","456","0.942841840268461","1.03659317491446","4.28630312330454","0.0418553653797649","0.0","0","0","0.0","raw_results\microsoft_Phi-3-mini-4k-instruct\semantic\seed_456\alpaca_eval\shadow_kv\benchmark_hf_microsoft_Phi-3-mini-4k-instruct_public_dataset_alpaca_eval_semantic_cuda.json"
"microsoft_Phi-3-mini-4k-instruct","microsoft/Phi-3-mini-4k-instruct","alpaca_eval","semantic","shadow_kv_plus","456","0.929738063794952","1.03877209595823","0.77872588906644","11.1608828916605","0.9921875","127","16256","0.0","raw_results\microsoft_Phi-3-mini-4k-instruct\semantic\seed_456\alpaca_eval\shadow_kv_plus\benchmark_hf_microsoft_Phi-3-mini-4k-instruct_public_dataset_alpaca_eval_semantic_cuda.json"
"microsoft_Phi-3-mini-4k-instruct","microsoft/Phi-3-mini-4k-instruct","alpaca_eval","semantic","shadow_kv","789","1.03498125238056","0.96773866597557","-0.364983143519184","1.55875760224982","0.0","0","0","0.0","raw_results\microsoft_Phi-3-mini-4k-instruct\semantic\seed_789\alpaca_eval\shadow_kv\benchmark_hf_microsoft_Phi-3-mini-4k-instruct_public_dataset_alpaca_eval_semantic_cuda.json"
"microsoft_Phi-3-mini-4k-instruct","microsoft/Phi-3-mini-4k-instruct","alpaca_eval","semantic","shadow_kv_plus","789","0.931061113587675","1.00405058605399","7.031098569406","8.44841067873044","0.9921875","127","16256","0.0","raw_results\microsoft_Phi-3-mini-4k-instruct\semantic\seed_789\alpaca_eval\shadow_kv_plus\benchmark_hf_microsoft_Phi-3-mini-4k-instruct_public_dataset_alpaca_eval_semantic_cuda.json"
"microsoft_Phi-3-mini-4k-instruct","microsoft/Phi-3-mini-4k-instruct","alpaca_eval","semantic","shadow_kv","999","1.00871128826762","0.929619194433237","-6.0164552068853","-6.06150174568094","0.0","0","0","0.0","raw_results\microsoft_Phi-3-mini-4k-instruct\semantic\seed_999\alpaca_eval\shadow_kv\benchmark_hf_microsoft_Phi-3-mini-4k-instruct_public_dataset_alpaca_eval_semantic_cuda.json"
"microsoft_Phi-3-mini-4k-instruct","microsoft/Phi-3-mini-4k-instruct","alpaca_eval","semantic","shadow_kv_plus","999","0.904730987488076","0.909454349039762","9.69226770586302","5.76134737354485","0.9921875","127","16256","0.0","raw_results\microsoft_Phi-3-mini-4k-instruct\semantic\seed_999\alpaca_eval\shadow_kv_plus\benchmark_hf_microsoft_Phi-3-mini-4k-instruct_public_dataset_alpaca_eval_semantic_cuda.json"
"microsoft_Phi-3-mini-4k-instruct","microsoft/Phi-3-mini-4k-instruct","banking77","semantic","shadow_kv","42","0.997463288448683","1.00075501470792","-3.1294364128745","-5.40574503324011","0.0","0","0","0.0","raw_results\microsoft_Phi-3-mini-4k-instruct\semantic\seed_42\banking77\shadow_kv\benchmark_hf_microsoft_Phi-3-mini-4k-instruct_public_dataset_banking77_semantic_cuda.json"
"microsoft_Phi-3-mini-4k-instruct","microsoft/Phi-3-mini-4k-instruct","banking77","semantic","shadow_kv_plus","42","0.92008767091074","0.924724030310523","1.24891416652499","4.57994261391618","0.9921875","127","16256","0.0","raw_results\microsoft_Phi-3-mini-4k-instruct\semantic\seed_42\banking77\shadow_kv_plus\benchmark_hf_microsoft_Phi-3-mini-4k-instruct_public_dataset_banking77_semantic_cuda.json"
"microsoft_Phi-3-mini-4k-instruct","microsoft/Phi-3-mini-4k-instruct","banking77","semantic","shadow_kv","123","0.923044274055705","1.03963136814663","-1.53771247510562","1.80037580403767","0.0","0","0","0.0","raw_results\microsoft_Phi-3-mini-4k-instruct\semantic\seed_123\banking77\shadow_kv\benchmark_hf_microsoft_Phi-3-mini-4k-instruct_public_dataset_banking77_semantic_cuda.json"
"microsoft_Phi-3-mini-4k-instruct","microsoft/Phi-3-mini-4k-instruct","banking77","semantic","shadow_kv_plus","123","0.945460493764449","0.952458394603205","5.57283584923208","9.77916674486143","0.9921875","127","16256","0.0","raw_results\microsoft_Phi-3-mini-4k-instruct\semantic\seed_123\banking77\shadow_kv_plus\benchmark_hf_microsoft_Phi-3-mini-4k-instruct_public_dataset_banking77_semantic_cuda.json"
"microsoft_Phi-3-mini-4k-instruct","microsoft/Phi-3-mini-4k-instruct","banking77","semantic","shadow_kv","456","1.06311420179172","1.00811398025179","-6.54410538394013","-8.20966810824302","0.0","0","0","0.0","raw_results\microsoft_Phi-3-mini-4k-instruct\semantic\seed_456\banking77\shadow_kv\benchmark_hf_microsoft_Phi-3-mini-4k-instruct_public_dataset_banking77_semantic_cuda.json"
"microsoft_Phi-3-mini-4k-instruct","microsoft/Phi-3-mini-4k-instruct","banking77","semantic","shadow_kv_plus","456","0.896469084691709","0.911232381653578","2.40200625837903","9.63136555317837","0.9921875","127","16256","0.0","raw_results\microsoft_Phi-3-mini-4k-instruct\semantic\seed_456\banking77\shadow_kv_plus\benchmark_hf_microsoft_Phi-3-mini-4k-instruct_public_dataset_banking77_semantic_cuda.json"
"microsoft_Phi-3-mini-4k-instruct","microsoft/Phi-3-mini-4k-instruct","banking77","semantic","shadow_kv","789","1.0199874980529","0.949505276642848","4.28745775703712","-8.26811575856264","0.0","0","0","0.0","raw_results\microsoft_Phi-3-mini-4k-instruct\semantic\seed_789\banking77\shadow_kv\benchmark_hf_microsoft_Phi-3-mini-4k-instruct_public_dataset_banking77_semantic_cuda.json"
"microsoft_Phi-3-mini-4k-instruct","microsoft/Phi-3-mini-4k-instruct","banking77","semantic","shadow_kv_plus","789","0.865767797307319","0.964608026879171","5.56899520839574","4.12836695162362","0.9921875","127","16256","0.0","raw_results\microsoft_Phi-3-mini-4k-instruct\semantic\seed_789\banking77\shadow_kv_plus\benchmark_hf_microsoft_Phi-3-mini-4k-instruct_public_dataset_banking77_semantic_cuda.json"
"microsoft_Phi-3-mini-4k-instruct","microsoft/Phi-3-mini-4k-instruct","banking77","semantic","shadow_kv","999","1.08108609719202","0.969293641439868","-3.25615489027997","-11.4333684171999","0.0","0","0","0.0","raw_results\microsoft_Phi-3-mini-4k-instruct\semantic\seed_999\banking77\shadow_kv\benchmark_hf_microsoft_Phi-3-mini-4k-instruct_public_dataset_banking77_semantic_cuda.json"
"microsoft_Phi-3-mini-4k-instruct","microsoft/Phi-3-mini-4k-instruct","banking77","semantic","shadow_kv_plus","999","0.977280594765011","0.921671453389929","4.02445669890909","2.59702970578122","0.9921875","127","16256","0.0","raw_results\microsoft_Phi-3-mini-4k-instruct\semantic\seed_999\banking77\shadow_kv_plus\benchmark_hf_microsoft_Phi-3-mini-4k-instruct_public_dataset_banking77_semantic_cuda.json"
"microsoft_Phi-3-mini-4k-instruct","microsoft/Phi-3-mini-4k-instruct","cnn_dailymail","semantic","shadow_kv","42","1.04269351045753","1.03873631810201","1.4067380388608","-0.216843477463555","0.0","0","0","0.0","raw_results\microsoft_Phi-3-mini-4k-instruct\semantic\seed_42\cnn_dailymail\shadow_kv\benchmark_hf_microsoft_Phi-3-mini-4k-instruct_public_dataset_cnn_dailymail_semantic_cuda.json"
"microsoft_Phi-3-mini-4k-instruct","microsoft/Phi-3-mini-4k-instruct","cnn_dailymail","semantic","shadow_kv_plus","42","0.868366487864426","0.9085954800633","-5.46815854174629","-9.43477899919461","0.9921875","127","16256","0.0","raw_results\microsoft_Phi-3-mini-4k-instruct\semantic\seed_42\cnn_dailymail\shadow_kv_plus\benchmark_hf_microsoft_Phi-3-mini-4k-instruct_public_dataset_cnn_dailymail_semantic_cuda.json"
"microsoft_Phi-3-mini-4k-instruct","microsoft/Phi-3-mini-4k-instruct","cnn_dailymail","semantic","shadow_kv","123","1.13062507795165","1.03988424959376","2.30362225896412","-8.36155417704718","0.0","0","0","0.0","raw_results\microsoft_Phi-3-mini-4k-instruct\semantic\seed_123\cnn_dailymail\shadow_kv\benchmark_hf_microsoft_Phi-3-mini-4k-instruct_public_dataset_cnn_dailymail_semantic_cuda.json"
"microsoft_Phi-3-mini-4k-instruct","microsoft/Phi-3-mini-4k-instruct","cnn_dailymail","semantic","shadow_kv_plus","123","0.920441437925943","0.984104117078528","-4.72340882617742","-14.923436114422","0.9921875","127","16256","0.0","raw_results\microsoft_Phi-3-mini-4k-instruct\semantic\seed_123\cnn_dailymail\shadow_kv_plus\benchmark_hf_microsoft_Phi-3-mini-4k-instruct_public_dataset_cnn_dailymail_semantic_cuda.json"
"microsoft_Phi-3-mini-4k-instruct","microsoft/Phi-3-mini-4k-instruct","cnn_dailymail","semantic","shadow_kv","456","1.00104905494163","0.992239590707441","-1.70330233315051","1.53854018067173","0.0","0","0","0.0","raw_results\microsoft_Phi-3-mini-4k-instruct\semantic\seed_456\cnn_dailymail\shadow_kv\benchmark_hf_microsoft_Phi-3-mini-4k-instruct_public_dataset_cnn_dailymail_semantic_cuda.json"
"microsoft_Phi-3-mini-4k-instruct","microsoft/Phi-3-mini-4k-instruct","cnn_dailymail","semantic","shadow_kv_plus","456","0.785044538302532","0.845945017153567","-6.19367951688858","-14.9960623132513","0.9921875","127","16256","0.0","raw_results\microsoft_Phi-3-mini-4k-instruct\semantic\seed_456\cnn_dailymail\shadow_kv_plus\benchmark_hf_microsoft_Phi-3-mini-4k-instruct_public_dataset_cnn_dailymail_semantic_cuda.json"
"microsoft_Phi-3-mini-4k-instruct","microsoft/Phi-3-mini-4k-instruct","cnn_dailymail","semantic","shadow_kv","789","1.11244500624065","1.04583901831002","1.84279512266685","-3.99324786898054","0.0","0","0","0.0","raw_results\microsoft_Phi-3-mini-4k-instruct\semantic\seed_789\cnn_dailymail\shadow_kv\benchmark_hf_microsoft_Phi-3-mini-4k-instruct_public_dataset_cnn_dailymail_semantic_cuda.json"
"microsoft_Phi-3-mini-4k-instruct","microsoft/Phi-3-mini-4k-instruct","cnn_dailymail","semantic","shadow_kv_plus","789","0.916924608805622","0.926756666403159","-10.9753464091119","-10.98940446492","0.9921875","127","16256","0.0","raw_results\microsoft_Phi-3-mini-4k-instruct\semantic\seed_789\cnn_dailymail\shadow_kv_plus\benchmark_hf_microsoft_Phi-3-mini-4k-instruct_public_dataset_cnn_dailymail_semantic_cuda.json"
"microsoft_Phi-3-mini-4k-instruct","microsoft/Phi-3-mini-4k-instruct","cnn_dailymail","semantic","shadow_kv","999","1.01959459300949","1.04380686608904","3.94711975423787","-1.58260847261322","0.0","0","0","0.0","raw_results\microsoft_Phi-3-mini-4k-instruct\semantic\seed_999\cnn_dailymail\shadow_kv\benchmark_hf_microsoft_Phi-3-mini-4k-instruct_public_dataset_cnn_dailymail_semantic_cuda.json"
"microsoft_Phi-3-mini-4k-instruct","microsoft/Phi-3-mini-4k-instruct","cnn_dailymail","semantic","shadow_kv_plus","999","0.862168675629981","0.909264490204813","-0.685915293399981","-13.0423630661346","0.9921875","127","16256","0.0","raw_results\microsoft_Phi-3-mini-4k-instruct\semantic\seed_999\cnn_dailymail\shadow_kv_plus\benchmark_hf_microsoft_Phi-3-mini-4k-instruct_public_dataset_cnn_dailymail_semantic_cuda.json"
"microsoft_Phi-3-mini-4k-instruct","microsoft/Phi-3-mini-4k-instruct","daily_dialog","semantic","shadow_kv","42","1.00088232417836","1.00593880780587","-1.21238000809483","-1.35751431084865","0.0","0","0","0.0","raw_results\microsoft_Phi-3-mini-4k-instruct\semantic\seed_42\daily_dialog\shadow_kv\benchmark_hf_microsoft_Phi-3-mini-4k-instruct_public_dataset_daily_dialog_semantic_cuda.json"
"microsoft_Phi-3-mini-4k-instruct","microsoft/Phi-3-mini-4k-instruct","daily_dialog","semantic","shadow_kv_plus","42","0.949797826294545","0.991850644404235","5.45693885184097","7.67893827595092","0.9921875","127","16256","0.0","raw_results\microsoft_Phi-3-mini-4k-instruct\semantic\seed_42\daily_dialog\shadow_kv_plus\benchmark_hf_microsoft_Phi-3-mini-4k-instruct_public_dataset_daily_dialog_semantic_cuda.json"
"microsoft_Phi-3-mini-4k-instruct","microsoft/Phi-3-mini-4k-instruct","daily_dialog","semantic","shadow_kv","123","1.0015766294014","1.01516828993851","-1.76694429007022","-5.67071507460413","0.0","0","0","0.0","raw_results\microsoft_Phi-3-mini-4k-instruct\semantic\seed_123\daily_dialog\shadow_kv\benchmark_hf_microsoft_Phi-3-mini-4k-instruct_public_dataset_daily_dialog_semantic_cuda.json"
"microsoft_Phi-3-mini-4k-instruct","microsoft/Phi-3-mini-4k-instruct","daily_dialog","semantic","shadow_kv_plus","123","0.957431352541","1.00452583466717","7.896864694862","1.35992651134507","0.9921875","127","16256","0.0","raw_results\microsoft_Phi-3-mini-4k-instruct\semantic\seed_123\daily_dialog\shadow_kv_plus\benchmark_hf_microsoft_Phi-3-mini-4k-instruct_public_dataset_daily_dialog_semantic_cuda.json"
"microsoft_Phi-3-mini-4k-instruct","microsoft/Phi-3-mini-4k-instruct","daily_dialog","semantic","shadow_kv","456","1.0124435119451","0.988197745328022","-3.26203616685212","-3.92538874834083","0.0","0","0","0.0","raw_results\microsoft_Phi-3-mini-4k-instruct\semantic\seed_456\daily_dialog\shadow_kv\benchmark_hf_microsoft_Phi-3-mini-4k-instruct_public_dataset_daily_dialog_semantic_cuda.json"
"microsoft_Phi-3-mini-4k-instruct","microsoft/Phi-3-mini-4k-instruct","daily_dialog","semantic","shadow_kv_plus","456","0.978021934010303","0.949471752229202","0.409125319389884","6.25224324865785","0.9921875","127","16256","0.0","raw_results\microsoft_Phi-3-mini-4k-instruct\semantic\seed_456\daily_dialog\shadow_kv_plus\benchmark_hf_microsoft_Phi-3-mini-4k-instruct_public_dataset_daily_dialog_semantic_cuda.json"
"microsoft_Phi-3-mini-4k-instruct","microsoft/Phi-3-mini-4k-instruct","daily_dialog","semantic","shadow_kv","789","1.04161423719379","1.01086871754315","-2.44520188907857","-4.70282940606805","0.0","0","0","0.0","raw_results\microsoft_Phi-3-mini-4k-instruct\semantic\seed_789\daily_dialog\shadow_kv\benchmark_hf_microsoft_Phi-3-mini-4k-instruct_public_dataset_daily_dialog_semantic_cuda.json"
"microsoft_Phi-3-mini-4k-instruct","microsoft/Phi-3-mini-4k-instruct","daily_dialog","semantic","shadow_kv_plus","789","0.984054366981673","0.948637427464225","5.81227532572088","6.58510273496394","0.9921875","127","16256","0.0","raw_results\microsoft_Phi-3-mini-4k-instruct\semantic\seed_789\daily_dialog\shadow_kv_plus\benchmark_hf_microsoft_Phi-3-mini-4k-instruct_public_dataset_daily_dialog_semantic_cuda.json"
"microsoft_Phi-3-mini-4k-instruct","microsoft/Phi-3-mini-4k-instruct","daily_dialog","semantic","shadow_kv","999","1.01911431401587","1.00999790473634","-4.69647219834058","-3.57750457718136","0.0","0","0","0.0","raw_results\microsoft_Phi-3-mini-4k-instruct\semantic\seed_999\daily_dialog\shadow_kv\benchmark_hf_microsoft_Phi-3-mini-4k-instruct_public_dataset_daily_dialog_semantic_cuda.json"
"microsoft_Phi-3-mini-4k-instruct","microsoft/Phi-3-mini-4k-instruct","daily_dialog","semantic","shadow_kv_plus","999","0.942329108921761","0.968384085277932","-7.37180347670848","10.6604119492073","0.9921875","127","16256","0.0","raw_results\microsoft_Phi-3-mini-4k-instruct\semantic\seed_999\daily_dialog\shadow_kv_plus\benchmark_hf_microsoft_Phi-3-mini-4k-instruct_public_dataset_daily_dialog_semantic_cuda.json"
"microsoft_Phi-3-mini-4k-instruct","microsoft/Phi-3-mini-4k-instruct","dolly","semantic","shadow_kv","42","1.00184804010622","0.993335271150937","-0.605783637877424","-3.11183980748615","0.0","0","0","0.0","raw_results\microsoft_Phi-3-mini-4k-instruct\semantic\seed_42\dolly\shadow_kv\benchmark_hf_microsoft_Phi-3-mini-4k-instruct_public_dataset_dolly_semantic_cuda.json"
"microsoft_Phi-3-mini-4k-instruct","microsoft/Phi-3-mini-4k-instruct","dolly","semantic","shadow_kv_plus","42","0.93598120201886","0.920523615356405","0.120374915270087","1.26857022669313","0.9921875","127","16256","0.0","raw_results\microsoft_Phi-3-mini-4k-instruct\semantic\seed_42\dolly\shadow_kv_plus\benchmark_hf_microsoft_Phi-3-mini-4k-instruct_public_dataset_dolly_semantic_cuda.json"
"microsoft_Phi-3-mini-4k-instruct","microsoft/Phi-3-mini-4k-instruct","dolly","semantic","shadow_kv","123","1.03950165953713","0.908559319386595","-2.08807155035919","-6.39945555178783","0.0","0","0","0.0","raw_results\microsoft_Phi-3-mini-4k-instruct\semantic\seed_123\dolly\shadow_kv\benchmark_hf_microsoft_Phi-3-mini-4k-instruct_public_dataset_dolly_semantic_cuda.json"
"microsoft_Phi-3-mini-4k-instruct","microsoft/Phi-3-mini-4k-instruct","dolly","semantic","shadow_kv_plus","123","0.959466444652299","0.884860812164382","3.60693710398509","-4.07661315510026","0.9921875","127","16256","0.0","raw_results\microsoft_Phi-3-mini-4k-instruct\semantic\seed_123\dolly\shadow_kv_plus\benchmark_hf_microsoft_Phi-3-mini-4k-instruct_public_dataset_dolly_semantic_cuda.json"
"microsoft_Phi-3-mini-4k-instruct","microsoft/Phi-3-mini-4k-instruct","dolly","semantic","shadow_kv","456","0.972045779401472","1.00251545691147","5.3742224422737","-5.32949853298683","0.0","0","0","0.0","raw_results\microsoft_Phi-3-mini-4k-instruct\semantic\seed_456\dolly\shadow_kv\benchmark_hf_microsoft_Phi-3-mini-4k-instruct_public_dataset_dolly_semantic_cuda.json"
"microsoft_Phi-3-mini-4k-instruct","microsoft/Phi-3-mini-4k-instruct","dolly","semantic","shadow_kv_plus","456","0.928360757117679","0.894960506028806","4.94864437758481","0.799332029214337","0.9921875","127","16256","0.0","raw_results\microsoft_Phi-3-mini-4k-instruct\semantic\seed_456\dolly\shadow_kv_plus\benchmark_hf_microsoft_Phi-3-mini-4k-instruct_public_dataset_dolly_semantic_cuda.json"
"microsoft_Phi-3-mini-4k-instruct","microsoft/Phi-3-mini-4k-instruct","dolly","semantic","shadow_kv","789","0.920301129318717","1.05927835282674","1.65478568110665","-3.26467444383158","0.0","0","0","0.0","raw_results\microsoft_Phi-3-mini-4k-instruct\semantic\seed_789\dolly\shadow_kv\benchmark_hf_microsoft_Phi-3-mini-4k-instruct_public_dataset_dolly_semantic_cuda.json"
"microsoft_Phi-3-mini-4k-instruct","microsoft/Phi-3-mini-4k-instruct","dolly","semantic","shadow_kv_plus","789","0.896565878168901","0.926947582667264","-1.80587102632598","-1.91699775888374","0.9921875","127","16256","0.0","raw_results\microsoft_Phi-3-mini-4k-instruct\semantic\seed_789\dolly\shadow_kv_plus\benchmark_hf_microsoft_Phi-3-mini-4k-instruct_public_dataset_dolly_semantic_cuda.json"
"microsoft_Phi-3-mini-4k-instruct","microsoft/Phi-3-mini-4k-instruct","dolly","semantic","shadow_kv","999","0.959590807091773","0.987533236727467","1.67236556200543","0.915278400428487","0.0","0","0","0.0","raw_results\microsoft_Phi-3-mini-4k-instruct\semantic\seed_999\dolly\shadow_kv\benchmark_hf_microsoft_Phi-3-mini-4k-instruct_public_dataset_dolly_semantic_cuda.json"
"microsoft_Phi-3-mini-4k-instruct","microsoft/Phi-3-mini-4k-instruct","dolly","semantic","shadow_kv_plus","999","0.902150664454728","0.879207865059937","4.28391759046611","-7.43661154337878","0.9921875","127","16256","0.0","raw_results\microsoft_Phi-3-mini-4k-instruct\semantic\seed_999\dolly\shadow_kv_plus\benchmark_hf_microsoft_Phi-3-mini-4k-instruct_public_dataset_dolly_semantic_cuda.json"
"microsoft_Phi-3-mini-4k-instruct","microsoft/Phi-3-mini-4k-instruct","oasst1","semantic","shadow_kv","42","0.997660802858794","1.00246285073333","0.373826281671027","1.5943230511772","0.0","0","0","0.0","raw_results\microsoft_Phi-3-mini-4k-instruct\semantic\seed_42\oasst1\shadow_kv\benchmark_hf_microsoft_Phi-3-mini-4k-instruct_public_dataset_oasst1_semantic_cuda.json"
"microsoft_Phi-3-mini-4k-instruct","microsoft/Phi-3-mini-4k-instruct","oasst1","semantic","shadow_kv_plus","42","0.936867387984138","0.915779202244115","4.04467592433541","6.46899046229111","0.9921875","127","16256","0.0","raw_results\microsoft_Phi-3-mini-4k-instruct\semantic\seed_42\oasst1\shadow_kv_plus\benchmark_hf_microsoft_Phi-3-mini-4k-instruct_public_dataset_oasst1_semantic_cuda.json"
"microsoft_Phi-3-mini-4k-instruct","microsoft/Phi-3-mini-4k-instruct","oasst1","semantic","shadow_kv","123","1.00136753763614","1.01776505084228","2.78244370553523","3.50899931620707","0.0","0","0","0.0","raw_results\microsoft_Phi-3-mini-4k-instruct\semantic\seed_123\oasst1\shadow_kv\benchmark_hf_microsoft_Phi-3-mini-4k-instruct_public_dataset_oasst1_semantic_cuda.json"
"microsoft_Phi-3-mini-4k-instruct","microsoft/Phi-3-mini-4k-instruct","oasst1","semantic","shadow_kv_plus","123","0.942967758467795","0.940054133315634","7.65493439294147","11.4166275341863","0.9921875","127","16256","0.0","raw_results\microsoft_Phi-3-mini-4k-instruct\semantic\seed_123\oasst1\shadow_kv_plus\benchmark_hf_microsoft_Phi-3-mini-4k-instruct_public_dataset_oasst1_semantic_cuda.json"
"microsoft_Phi-3-mini-4k-instruct","microsoft/Phi-3-mini-4k-instruct","oasst1","semantic","shadow_kv","456","1.00580917344307","1.06481435606244","-0.411616755912535","1.66411343664552","0.0","0","0","0.0","raw_results\microsoft_Phi-3-mini-4k-instruct\semantic\seed_456\oasst1\shadow_kv\benchmark_hf_microsoft_Phi-3-mini-4k-instruct_public_dataset_oasst1_semantic_cuda.json"
"microsoft_Phi-3-mini-4k-instruct","microsoft/Phi-3-mini-4k-instruct","oasst1","semantic","shadow_kv_plus","456","0.926075541994315","0.939575415476911","7.48210355530335","6.57393877693449","0.9921875","127","16256","0.0","raw_results\microsoft_Phi-3-mini-4k-instruct\semantic\seed_456\oasst1\shadow_kv_plus\benchmark_hf_microsoft_Phi-3-mini-4k-instruct_public_dataset_oasst1_semantic_cuda.json"
"microsoft_Phi-3-mini-4k-instruct","microsoft/Phi-3-mini-4k-instruct","oasst1","semantic","shadow_kv","789","0.961685852395524","0.983675223622443","-0.120334482717884","-6.12615371594173","0.0","0","0","0.0","raw_results\microsoft_Phi-3-mini-4k-instruct\semantic\seed_789\oasst1\shadow_kv\benchmark_hf_microsoft_Phi-3-mini-4k-instruct_public_dataset_oasst1_semantic_cuda.json"
"microsoft_Phi-3-mini-4k-instruct","microsoft/Phi-3-mini-4k-instruct","oasst1","semantic","shadow_kv_plus","789","0.901763718100502","0.895174939264109","0.845176855135877","5.69647761086027","0.9921875","127","16256","0.0","raw_results\microsoft_Phi-3-mini-4k-instruct\semantic\seed_789\oasst1\shadow_kv_plus\benchmark_hf_microsoft_Phi-3-mini-4k-instruct_public_dataset_oasst1_semantic_cuda.json"
"microsoft_Phi-3-mini-4k-instruct","microsoft/Phi-3-mini-4k-instruct","oasst1","semantic","shadow_kv","999","0.995551312245616","0.992962867064969","-0.108380353752844","0.07494753034481","0.0","0","0","0.0","raw_results\microsoft_Phi-3-mini-4k-instruct\semantic\seed_999\oasst1\shadow_kv\benchmark_hf_microsoft_Phi-3-mini-4k-instruct_public_dataset_oasst1_semantic_cuda.json"
"microsoft_Phi-3-mini-4k-instruct","microsoft/Phi-3-mini-4k-instruct","oasst1","semantic","shadow_kv_plus","999","0.972332961358522","0.891805731880563","3.35804054992363","0.140114854855873","0.9921875","127","16256","0.0","raw_results\microsoft_Phi-3-mini-4k-instruct\semantic\seed_999\oasst1\shadow_kv_plus\benchmark_hf_microsoft_Phi-3-mini-4k-instruct_public_dataset_oasst1_semantic_cuda.json"
"microsoft_Phi-3-mini-4k-instruct","microsoft/Phi-3-mini-4k-instruct","samsum","semantic","shadow_kv","42","0.99653266575251","1.00693183157739","0.0466317840488573","2.11553585723013","0.0","0","0","0.0","raw_results\microsoft_Phi-3-mini-4k-instruct\semantic\seed_42\samsum\shadow_kv\benchmark_hf_microsoft_Phi-3-mini-4k-instruct_public_dataset_samsum_semantic_cuda.json"
"microsoft_Phi-3-mini-4k-instruct","microsoft/Phi-3-mini-4k-instruct","samsum","semantic","shadow_kv_plus","42","0.934435360219241","0.865148460618496","-0.845575088848508","0.00270229136825317","0.9921875","127","16256","0.0","raw_results\microsoft_Phi-3-mini-4k-instruct\semantic\seed_42\samsum\shadow_kv_plus\benchmark_hf_microsoft_Phi-3-mini-4k-instruct_public_dataset_samsum_semantic_cuda.json"
"microsoft_Phi-3-mini-4k-instruct","microsoft/Phi-3-mini-4k-instruct","samsum","semantic","shadow_kv","123","0.976184671389509","1.02166791202357","5.70008770927577","0.300719346833936","0.0","0","0","0.0","raw_results\microsoft_Phi-3-mini-4k-instruct\semantic\seed_123\samsum\shadow_kv\benchmark_hf_microsoft_Phi-3-mini-4k-instruct_public_dataset_samsum_semantic_cuda.json"
"microsoft_Phi-3-mini-4k-instruct","microsoft/Phi-3-mini-4k-instruct","samsum","semantic","shadow_kv_plus","123","0.980103527740763","0.90044038209605","6.55005016856585","-0.414653461340309","0.9921875","127","16256","0.0","raw_results\microsoft_Phi-3-mini-4k-instruct\semantic\seed_123\samsum\shadow_kv_plus\benchmark_hf_microsoft_Phi-3-mini-4k-instruct_public_dataset_samsum_semantic_cuda.json"
"microsoft_Phi-3-mini-4k-instruct","microsoft/Phi-3-mini-4k-instruct","samsum","semantic","shadow_kv","456","1.0473777258409","0.975559099310574","-0.470361339375657","-0.0887508622069692","0.0","0","0","0.0","raw_results\microsoft_Phi-3-mini-4k-instruct\semantic\seed_456\samsum\shadow_kv\benchmark_hf_microsoft_Phi-3-mini-4k-instruct_public_dataset_samsum_semantic_cuda.json"
"microsoft_Phi-3-mini-4k-instruct","microsoft/Phi-3-mini-4k-instruct","samsum","semantic","shadow_kv_plus","456","0.927921599565691","0.869075438278199","4.1167536165138","1.46047870251241","0.9921875","127","16256","0.0","raw_results\microsoft_Phi-3-mini-4k-instruct\semantic\seed_456\samsum\shadow_kv_plus\benchmark_hf_microsoft_Phi-3-mini-4k-instruct_public_dataset_samsum_semantic_cuda.json"
"microsoft_Phi-3-mini-4k-instruct","microsoft/Phi-3-mini-4k-instruct","samsum","semantic","shadow_kv","789","1.00626279305218","0.985305633666821","4.14414986546886","3.93625936341926","0.0","0","0","0.0","raw_results\microsoft_Phi-3-mini-4k-instruct\semantic\seed_789\samsum\shadow_kv\benchmark_hf_microsoft_Phi-3-mini-4k-instruct_public_dataset_samsum_semantic_cuda.json"
"microsoft_Phi-3-mini-4k-instruct","microsoft/Phi-3-mini-4k-instruct","samsum","semantic","shadow_kv_plus","789","0.894862114387911","0.817014905860743","1.60598471651537","0.610557155466778","0.9921875","127","16256","0.0","raw_results\microsoft_Phi-3-mini-4k-instruct\semantic\seed_789\samsum\shadow_kv_plus\benchmark_hf_microsoft_Phi-3-mini-4k-instruct_public_dataset_samsum_semantic_cuda.json"
"microsoft_Phi-3-mini-4k-instruct","microsoft/Phi-3-mini-4k-instruct","samsum","semantic","shadow_kv","999","1.01964818012461","0.979411616847206","1.2805856163548","4.97722870972667","0.0","0","0","0.0","raw_results\microsoft_Phi-3-mini-4k-instruct\semantic\seed_999\samsum\shadow_kv\benchmark_hf_microsoft_Phi-3-mini-4k-instruct_public_dataset_samsum_semantic_cuda.json"
"microsoft_Phi-3-mini-4k-instruct","microsoft/Phi-3-mini-4k-instruct","samsum","semantic","shadow_kv_plus","999","0.930811338739594","0.819634582092401","6.53092273471553","-0.0234448199580331","0.9921875","127","16256","0.0","raw_results\microsoft_Phi-3-mini-4k-instruct\semantic\seed_999\samsum\shadow_kv_plus\benchmark_hf_microsoft_Phi-3-mini-4k-instruct_public_dataset_samsum_semantic_cuda.json"
"microsoft_Phi-3-mini-4k-instruct","microsoft/Phi-3-mini-4k-instruct","ultrachat","semantic","shadow_kv","42","1.00520576147978","0.99364131533073","-1.51584505746994","-1.40273003024494","0.0","0","0","0.0","raw_results\microsoft_Phi-3-mini-4k-instruct\semantic\seed_42\ultrachat\shadow_kv\benchmark_hf_microsoft_Phi-3-mini-4k-instruct_public_dataset_ultrachat_semantic_cuda.json"
"microsoft_Phi-3-mini-4k-instruct","microsoft/Phi-3-mini-4k-instruct","ultrachat","semantic","shadow_kv_plus","42","0.863557303485947","0.846292379315174","-7.39341119676238","-7.22027178799036","0.9921875","127","16256","0.0","raw_results\microsoft_Phi-3-mini-4k-instruct\semantic\seed_42\ultrachat\shadow_kv_plus\benchmark_hf_microsoft_Phi-3-mini-4k-instruct_public_dataset_ultrachat_semantic_cuda.json"
"microsoft_Phi-3-mini-4k-instruct","microsoft/Phi-3-mini-4k-instruct","ultrachat","semantic","shadow_kv","123","0.9905690383364","1.02800833788952","-0.563591322540945","-1.71147384242594","0.0","0","0","0.0","raw_results\microsoft_Phi-3-mini-4k-instruct\semantic\seed_123\ultrachat\shadow_kv\benchmark_hf_microsoft_Phi-3-mini-4k-instruct_public_dataset_ultrachat_semantic_cuda.json"
"microsoft_Phi-3-mini-4k-instruct","microsoft/Phi-3-mini-4k-instruct","ultrachat","semantic","shadow_kv_plus","123","0.862475416012999","0.844229450197608","-8.7595485520435","-7.24453345456524","0.9921875","127","16256","0.0","raw_results\microsoft_Phi-3-mini-4k-instruct\semantic\seed_123\ultrachat\shadow_kv_plus\benchmark_hf_microsoft_Phi-3-mini-4k-instruct_public_dataset_ultrachat_semantic_cuda.json"
"microsoft_Phi-3-mini-4k-instruct","microsoft/Phi-3-mini-4k-instruct","ultrachat","semantic","shadow_kv","456","1.00995221351682","0.99085628087627","-4.63026171913103","-0.397109574359285","0.0","0","0","0.0","raw_results\microsoft_Phi-3-mini-4k-instruct\semantic\seed_456\ultrachat\shadow_kv\benchmark_hf_microsoft_Phi-3-mini-4k-instruct_public_dataset_ultrachat_semantic_cuda.json"
"microsoft_Phi-3-mini-4k-instruct","microsoft/Phi-3-mini-4k-instruct","ultrachat","semantic","shadow_kv_plus","456","0.873178409269632","0.839977395259289","-6.40049616777694","-6.40694884510733","0.9921875","127","16256","0.0","raw_results\microsoft_Phi-3-mini-4k-instruct\semantic\seed_456\ultrachat\shadow_kv_plus\benchmark_hf_microsoft_Phi-3-mini-4k-instruct_public_dataset_ultrachat_semantic_cuda.json"
"microsoft_Phi-3-mini-4k-instruct","microsoft/Phi-3-mini-4k-instruct","ultrachat","semantic","shadow_kv","789","0.926067109186315","1.01837682297377","0.50614709763544","-4.16701117728225","0.0","0","0","0.0","raw_results\microsoft_Phi-3-mini-4k-instruct\semantic\seed_789\ultrachat\shadow_kv\benchmark_hf_microsoft_Phi-3-mini-4k-instruct_public_dataset_ultrachat_semantic_cuda.json"
"microsoft_Phi-3-mini-4k-instruct","microsoft/Phi-3-mini-4k-instruct","ultrachat","semantic","shadow_kv_plus","789","0.88248902320688","0.889150788912715","-4.92111587664654","-10.095912281018","0.9921875","127","16256","0.0","raw_results\microsoft_Phi-3-mini-4k-instruct\semantic\seed_789\ultrachat\shadow_kv_plus\benchmark_hf_microsoft_Phi-3-mini-4k-instruct_public_dataset_ultrachat_semantic_cuda.json"
"microsoft_Phi-3-mini-4k-instruct","microsoft/Phi-3-mini-4k-instruct","ultrachat","semantic","shadow_kv","999","1.03697231310378","1.00193324297435","4.36654578249495","0.374942387002459","0.0","0","0","0.0","raw_results\microsoft_Phi-3-mini-4k-instruct\semantic\seed_999\ultrachat\shadow_kv\benchmark_hf_microsoft_Phi-3-mini-4k-instruct_public_dataset_ultrachat_semantic_cuda.json"
"microsoft_Phi-3-mini-4k-instruct","microsoft/Phi-3-mini-4k-instruct","ultrachat","semantic","shadow_kv_plus","999","0.890286376392504","0.843522691111152","-5.90453823816999","-9.42076249288827","0.9921875","127","16256","0.0","raw_results\microsoft_Phi-3-mini-4k-instruct\semantic\seed_999\ultrachat\shadow_kv_plus\benchmark_hf_microsoft_Phi-3-mini-4k-instruct_public_dataset_ultrachat_semantic_cuda.json"
"microsoft_Phi-3-mini-4k-instruct","microsoft/Phi-3-mini-4k-instruct","xsum","semantic","shadow_kv","42","0.999750162388301","0.996146835722072","-0.840723833030077","-0.164008379406675","0.0","0","0","0.0","raw_results\microsoft_Phi-3-mini-4k-instruct\semantic\seed_42\xsum\shadow_kv\benchmark_hf_microsoft_Phi-3-mini-4k-instruct_public_dataset_xsum_semantic_cuda.json"
"microsoft_Phi-3-mini-4k-instruct","microsoft/Phi-3-mini-4k-instruct","xsum","semantic","shadow_kv_plus","42","0.863281489604111","0.835843930862829","-3.50344665888067","-1.81025524791478","0.9921875","127","16256","0.0","raw_results\microsoft_Phi-3-mini-4k-instruct\semantic\seed_42\xsum\shadow_kv_plus\benchmark_hf_microsoft_Phi-3-mini-4k-instruct_public_dataset_xsum_semantic_cuda.json"
"microsoft_Phi-3-mini-4k-instruct","microsoft/Phi-3-mini-4k-instruct","xsum","semantic","shadow_kv","123","1.02965729338068","1.03793336803538","-0.143110119225236","-7.87208538884573","0.0","0","0","0.0","raw_results\microsoft_Phi-3-mini-4k-instruct\semantic\seed_123\xsum\shadow_kv\benchmark_hf_microsoft_Phi-3-mini-4k-instruct_public_dataset_xsum_semantic_cuda.json"
"microsoft_Phi-3-mini-4k-instruct","microsoft/Phi-3-mini-4k-instruct","xsum","semantic","shadow_kv_plus","123","0.903143558990666","0.875734778513199","-0.128980909718735","-2.70472404882508","0.9921875","127","16256","0.0","raw_results\microsoft_Phi-3-mini-4k-instruct\semantic\seed_123\xsum\shadow_kv_plus\benchmark_hf_microsoft_Phi-3-mini-4k-instruct_public_dataset_xsum_semantic_cuda.json"
"microsoft_Phi-3-mini-4k-instruct","microsoft/Phi-3-mini-4k-instruct","xsum","semantic","shadow_kv","456","0.944428921899629","1.06591741443147","-6.67041813790798","4.1447146710592","0.0","0","0","0.0","raw_results\microsoft_Phi-3-mini-4k-instruct\semantic\seed_456\xsum\shadow_kv\benchmark_hf_microsoft_Phi-3-mini-4k-instruct_public_dataset_xsum_semantic_cuda.json"
"microsoft_Phi-3-mini-4k-instruct","microsoft/Phi-3-mini-4k-instruct","xsum","semantic","shadow_kv_plus","456","0.820774222993881","0.888885132649688","-8.83321998176024","-1.14774039241991","0.9921875","127","16256","0.0","raw_results\microsoft_Phi-3-mini-4k-instruct\semantic\seed_456\xsum\shadow_kv_plus\benchmark_hf_microsoft_Phi-3-mini-4k-instruct_public_dataset_xsum_semantic_cuda.json"
"microsoft_Phi-3-mini-4k-instruct","microsoft/Phi-3-mini-4k-instruct","xsum","semantic","shadow_kv","789","0.962831906185402","1.01066076987533","-0.489027140514234","-0.889918710475019","0.0","0","0","0.0","raw_results\microsoft_Phi-3-mini-4k-instruct\semantic\seed_789\xsum\shadow_kv\benchmark_hf_microsoft_Phi-3-mini-4k-instruct_public_dataset_xsum_semantic_cuda.json"
"microsoft_Phi-3-mini-4k-instruct","microsoft/Phi-3-mini-4k-instruct","xsum","semantic","shadow_kv_plus","789","0.846286892623771","0.814837017978085","0.688647049481396","-8.52404560816125","0.9921875","127","16256","0.0","raw_results\microsoft_Phi-3-mini-4k-instruct\semantic\seed_789\xsum\shadow_kv_plus\benchmark_hf_microsoft_Phi-3-mini-4k-instruct_public_dataset_xsum_semantic_cuda.json"
"microsoft_Phi-3-mini-4k-instruct","microsoft/Phi-3-mini-4k-instruct","xsum","semantic","shadow_kv","999","0.963631621680829","1.01670789847653","2.09844683594134","-9.46755637044458","0.0","0","0","0.0","raw_results\microsoft_Phi-3-mini-4k-instruct\semantic\seed_999\xsum\shadow_kv\benchmark_hf_microsoft_Phi-3-mini-4k-instruct_public_dataset_xsum_semantic_cuda.json"
"microsoft_Phi-3-mini-4k-instruct","microsoft/Phi-3-mini-4k-instruct","xsum","semantic","shadow_kv_plus","999","0.845089851384011","0.877058635407361","-6.92813795191467","-2.37755186949407","0.9921875","127","16256","0.0","raw_results\microsoft_Phi-3-mini-4k-instruct\semantic\seed_999\xsum\shadow_kv_plus\benchmark_hf_microsoft_Phi-3-mini-4k-instruct_public_dataset_xsum_semantic_cuda.json"
"Qwen_Qwen2_5-1_5B-Instruct","Qwen/Qwen2.5-1.5B-Instruct","ag_news","semantic","shadow_kv","42","1.01469657323047","1.01199406721539","-5.01979985625727","-5.72567896810719","0.0","0","0","0.0","raw_results\Qwen_Qwen2_5-1_5B-Instruct\semantic\seed_42\ag_news\shadow_kv\benchmark_hf_Qwen_Qwen2.5-1.5B-Instruct_public_dataset_ag_news_semantic_cuda.json"
"Qwen_Qwen2_5-1_5B-Instruct","Qwen/Qwen2.5-1.5B-Instruct","ag_news","semantic","shadow_kv_plus","42","0.814172188763718","0.823390781857024","-4.37233124713258","-0.935647459511574","0.9921875","127","16256","0.0","raw_results\Qwen_Qwen2_5-1_5B-Instruct\semantic\seed_42\ag_news\shadow_kv_plus\benchmark_hf_Qwen_Qwen2.5-1.5B-Instruct_public_dataset_ag_news_semantic_cuda.json"
"Qwen_Qwen2_5-1_5B-Instruct","Qwen/Qwen2.5-1.5B-Instruct","ag_news","semantic","shadow_kv","123","1.06708158594637","0.978139656849411","-6.06507843038253","-1.55092277597556","0.0","0","0","0.0","raw_results\Qwen_Qwen2_5-1_5B-Instruct\semantic\seed_123\ag_news\shadow_kv\benchmark_hf_Qwen_Qwen2_5-1_5B-Instruct_public_dataset_ag_news_semantic_cuda.json"
"Qwen_Qwen2_5-1_5B-Instruct","Qwen/Qwen2.5-1.5B-Instruct","ag_news","semantic","shadow_kv_plus","123","0.844570403112343","0.827078931336583","-1.66873260274185","0.744574252356864","0.9921875","127","16256","0.0","raw_results\Qwen_Qwen2_5-1_5B-Instruct\semantic\seed_123\ag_news\shadow_kv_plus\benchmark_hf_Qwen_Qwen2_5-1_5B-Instruct_public_dataset_ag_news_semantic_cuda.json"
"Qwen_Qwen2_5-1_5B-Instruct","Qwen/Qwen2.5-1.5B-Instruct","ag_news","semantic","shadow_kv","456","1.02402048168634","1.02181543912398","-4.14718580142136","-6.23336174149498","0.0","0","0","0.0","raw_results\Qwen_Qwen2_5-1_5B-Instruct\semantic\seed_456\ag_news\shadow_kv\benchmark_hf_Qwen_Qwen2_5-1_5B-Instruct_public_dataset_ag_news_semantic_cuda.json"
"Qwen_Qwen2_5-1_5B-Instruct","Qwen/Qwen2.5-1.5B-Instruct","ag_news","semantic","shadow_kv_plus","456","0.751484694842312","0.806964073194719","4.2252210050052","0.648696847893068","0.9921875","127","16256","0.0","raw_results\Qwen_Qwen2_5-1_5B-Instruct\semantic\seed_456\ag_news\shadow_kv_plus\benchmark_hf_Qwen_Qwen2_5-1_5B-Instruct_public_dataset_ag_news_semantic_cuda.json"
"Qwen_Qwen2_5-1_5B-Instruct","Qwen/Qwen2.5-1.5B-Instruct","ag_news","semantic","shadow_kv","789","1.00289807465722","1.0488630199043","-6.48132341875485","1.50301693170253","0.0","0","0","0.0","raw_results\Qwen_Qwen2_5-1_5B-Instruct\semantic\seed_789\ag_news\shadow_kv\benchmark_hf_Qwen_Qwen2_5-1_5B-Instruct_public_dataset_ag_news_semantic_cuda.json"
"Qwen_Qwen2_5-1_5B-Instruct","Qwen/Qwen2.5-1.5B-Instruct","ag_news","semantic","shadow_kv_plus","789","0.781654954246249","0.816229288543949","-0.774730637901816","5.85999474668268","0.9921875","127","16256","0.0","raw_results\Qwen_Qwen2_5-1_5B-Instruct\semantic\seed_789\ag_news\shadow_kv_plus\benchmark_hf_Qwen_Qwen2_5-1_5B-Instruct_public_dataset_ag_news_semantic_cuda.json"
"Qwen_Qwen2_5-1_5B-Instruct","Qwen/Qwen2.5-1.5B-Instruct","ag_news","semantic","shadow_kv","999","1.03940922108762","1.03739039606427","-4.47896689321424","-2.48130788991881","0.0","0","0","0.0","raw_results\Qwen_Qwen2_5-1_5B-Instruct\semantic\seed_999\ag_news\shadow_kv\benchmark_hf_Qwen_Qwen2_5-1_5B-Instruct_public_dataset_ag_news_semantic_cuda.json"
"Qwen_Qwen2_5-1_5B-Instruct","Qwen/Qwen2.5-1.5B-Instruct","ag_news","semantic","shadow_kv_plus","999","0.824648938533372","0.878454662624804","0.414480082631695","-0.990751362359297","0.9921875","127","16256","0.0","raw_results\Qwen_Qwen2_5-1_5B-Instruct\semantic\seed_999\ag_news\shadow_kv_plus\benchmark_hf_Qwen_Qwen2_5-1_5B-Instruct_public_dataset_ag_news_semantic_cuda.json"
"Qwen_Qwen2_5-1_5B-Instruct","Qwen/Qwen2.5-1.5B-Instruct","alpaca_eval","semantic","shadow_kv","42","1.00853344401108","1.00706730529364","-0.365593581801565","0.0168437097279834","0.0","0","0","0.0","raw_results\Qwen_Qwen2_5-1_5B-Instruct\semantic\seed_42\alpaca_eval\shadow_kv\benchmark_hf_Qwen_Qwen2.5-1.5B-Instruct_public_dataset_alpaca_eval_semantic_cuda.json"
"Qwen_Qwen2_5-1_5B-Instruct","Qwen/Qwen2.5-1.5B-Instruct","alpaca_eval","semantic","shadow_kv_plus","42","0.858267967170141","0.857166669181763","1.31916126961489","4.52601900825703","0.9921875","127","16256","0.0","raw_results\Qwen_Qwen2_5-1_5B-Instruct\semantic\seed_42\alpaca_eval\shadow_kv_plus\benchmark_hf_Qwen_Qwen2.5-1.5B-Instruct_public_dataset_alpaca_eval_semantic_cuda.json"
"Qwen_Qwen2_5-1_5B-Instruct","Qwen/Qwen2.5-1.5B-Instruct","alpaca_eval","semantic","shadow_kv","123","1.08314856552366","0.956576745794839","2.08468431176554","0.883795938554264","0.0","0","0","0.0","raw_results\Qwen_Qwen2_5-1_5B-Instruct\semantic\seed_123\alpaca_eval\shadow_kv\benchmark_hf_Qwen_Qwen2_5-1_5B-Instruct_public_dataset_alpaca_eval_semantic_cuda.json"
"Qwen_Qwen2_5-1_5B-Instruct","Qwen/Qwen2.5-1.5B-Instruct","alpaca_eval","semantic","shadow_kv_plus","123","0.905398610903478","0.798974832552267","3.81061121961809","6.28068288187226","0.9921875","127","16256","0.0","raw_results\Qwen_Qwen2_5-1_5B-Instruct\semantic\seed_123\alpaca_eval\shadow_kv_plus\benchmark_hf_Qwen_Qwen2_5-1_5B-Instruct_public_dataset_alpaca_eval_semantic_cuda.json"
"Qwen_Qwen2_5-1_5B-Instruct","Qwen/Qwen2.5-1.5B-Instruct","alpaca_eval","semantic","shadow_kv","456","1.05073625605279","0.955261370489252","0.837575121110737","2.73074238470756","0.0","0","0","0.0","raw_results\Qwen_Qwen2_5-1_5B-Instruct\semantic\seed_456\alpaca_eval\shadow_kv\benchmark_hf_Qwen_Qwen2_5-1_5B-Instruct_public_dataset_alpaca_eval_semantic_cuda.json"
"Qwen_Qwen2_5-1_5B-Instruct","Qwen/Qwen2.5-1.5B-Instruct","alpaca_eval","semantic","shadow_kv_plus","456","0.875023397498452","0.811777692002958","-2.7558727429816","2.70063021372083","0.9921875","127","16256","0.0","raw_results\Qwen_Qwen2_5-1_5B-Instruct\semantic\seed_456\alpaca_eval\shadow_kv_plus\benchmark_hf_Qwen_Qwen2_5-1_5B-Instruct_public_dataset_alpaca_eval_semantic_cuda.json"
"Qwen_Qwen2_5-1_5B-Instruct","Qwen/Qwen2.5-1.5B-Instruct","alpaca_eval","semantic","shadow_kv","789","0.991542350078367","0.988609409511441","3.52137357165412","-3.63233834643866","0.0","0","0","0.0","raw_results\Qwen_Qwen2_5-1_5B-Instruct\semantic\seed_789\alpaca_eval\shadow_kv\benchmark_hf_Qwen_Qwen2_5-1_5B-Instruct_public_dataset_alpaca_eval_semantic_cuda.json"
"Qwen_Qwen2_5-1_5B-Instruct","Qwen/Qwen2.5-1.5B-Instruct","alpaca_eval","semantic","shadow_kv_plus","789","0.873440951417437","0.859688831563946","-1.01493187006559","1.10728190810641","0.9921875","127","16256","0.0","raw_results\Qwen_Qwen2_5-1_5B-Instruct\semantic\seed_789\alpaca_eval\shadow_kv_plus\benchmark_hf_Qwen_Qwen2_5-1_5B-Instruct_public_dataset_alpaca_eval_semantic_cuda.json"
"Qwen_Qwen2_5-1_5B-Instruct","Qwen/Qwen2.5-1.5B-Instruct","alpaca_eval","semantic","shadow_kv","999","1.06136758593471","0.996641749467059","-2.61329428300263","-0.00991397836764265","0.0","0","0","0.0","raw_results\Qwen_Qwen2_5-1_5B-Instruct\semantic\seed_999\alpaca_eval\shadow_kv\benchmark_hf_Qwen_Qwen2_5-1_5B-Instruct_public_dataset_alpaca_eval_semantic_cuda.json"
"Qwen_Qwen2_5-1_5B-Instruct","Qwen/Qwen2.5-1.5B-Instruct","alpaca_eval","semantic","shadow_kv_plus","999","0.815074345065062","0.808147735049858","0.783229135194186","-4.34210497691038","0.9921875","127","16256","0.0","raw_results\Qwen_Qwen2_5-1_5B-Instruct\semantic\seed_999\alpaca_eval\shadow_kv_plus\benchmark_hf_Qwen_Qwen2_5-1_5B-Instruct_public_dataset_alpaca_eval_semantic_cuda.json"
"Qwen_Qwen2_5-1_5B-Instruct","Qwen/Qwen2.5-1.5B-Instruct","banking77","semantic","shadow_kv","42","1.00973696609496","1.03126096295068","1.49492909680388","2.54855324301442","0.0","0","0","0.0","raw_results\Qwen_Qwen2_5-1_5B-Instruct\semantic\seed_42\banking77\shadow_kv\benchmark_hf_Qwen_Qwen2.5-1.5B-Instruct_public_dataset_banking77_semantic_cuda.json"
"Qwen_Qwen2_5-1_5B-Instruct","Qwen/Qwen2.5-1.5B-Instruct","banking77","semantic","shadow_kv_plus","42","0.850714064607806","0.862802644526899","-0.249622306971013","4.46845218057391","0.9921875","127","16256","0.0","raw_results\Qwen_Qwen2_5-1_5B-Instruct\semantic\seed_42\banking77\shadow_kv_plus\benchmark_hf_Qwen_Qwen2.5-1.5B-Instruct_public_dataset_banking77_semantic_cuda.json"
"Qwen_Qwen2_5-1_5B-Instruct","Qwen/Qwen2.5-1.5B-Instruct","banking77","semantic","shadow_kv","123","0.966603027295578","1.038895524431","-1.96787267990614","5.20017607156755","0.0","0","0","0.0","raw_results\Qwen_Qwen2_5-1_5B-Instruct\semantic\seed_123\banking77\shadow_kv\benchmark_hf_Qwen_Qwen2_5-1_5B-Instruct_public_dataset_banking77_semantic_cuda.json"
"Qwen_Qwen2_5-1_5B-Instruct","Qwen/Qwen2.5-1.5B-Instruct","banking77","semantic","shadow_kv_plus","123","0.835149509894541","0.86327621977393","1.62291819541749","7.53331586236924","0.9921875","127","16256","0.0","raw_results\Qwen_Qwen2_5-1_5B-Instruct\semantic\seed_123\banking77\shadow_kv_plus\benchmark_hf_Qwen_Qwen2_5-1_5B-Instruct_public_dataset_banking77_semantic_cuda.json"
"Qwen_Qwen2_5-1_5B-Instruct","Qwen/Qwen2.5-1.5B-Instruct","banking77","semantic","shadow_kv","456","1.05035966841355","1.09913817457238","-0.309651881824437","3.87095669797047","0.0","0","0","0.0","raw_results\Qwen_Qwen2_5-1_5B-Instruct\semantic\seed_456\banking77\shadow_kv\benchmark_hf_Qwen_Qwen2_5-1_5B-Instruct_public_dataset_banking77_semantic_cuda.json"
"Qwen_Qwen2_5-1_5B-Instruct","Qwen/Qwen2.5-1.5B-Instruct","banking77","semantic","shadow_kv_plus","456","0.873860052643088","0.875299525551384","2.64211602872737","5.69083956825795","0.9921875","127","16256","0.0","raw_results\Qwen_Qwen2_5-1_5B-Instruct\semantic\seed_456\banking77\shadow_kv_plus\benchmark_hf_Qwen_Qwen2_5-1_5B-Instruct_public_dataset_banking77_semantic_cuda.json"
"Qwen_Qwen2_5-1_5B-Instruct","Qwen/Qwen2.5-1.5B-Instruct","banking77","semantic","shadow_kv","789","1.02944239358671","1.10277172364037","-0.187194378392017","-1.17195976872962","0.0","0","0","0.0","raw_results\Qwen_Qwen2_5-1_5B-Instruct\semantic\seed_789\banking77\shadow_kv\benchmark_hf_Qwen_Qwen2_5-1_5B-Instruct_public_dataset_banking77_semantic_cuda.json"
"Qwen_Qwen2_5-1_5B-Instruct","Qwen/Qwen2.5-1.5B-Instruct","banking77","semantic","shadow_kv_plus","789","0.824888812700173","0.916990838904069","-3.40626634742922","5.24478162657139","0.9921875","127","16256","0.0","raw_results\Qwen_Qwen2_5-1_5B-Instruct\semantic\seed_789\banking77\shadow_kv_plus\benchmark_hf_Qwen_Qwen2_5-1_5B-Instruct_public_dataset_banking77_semantic_cuda.json"
"Qwen_Qwen2_5-1_5B-Instruct","Qwen/Qwen2.5-1.5B-Instruct","banking77","semantic","shadow_kv","999","0.9444476825756","0.988383549037714","1.50127847696866","3.3543319553142","0.0","0","0","0.0","raw_results\Qwen_Qwen2_5-1_5B-Instruct\semantic\seed_999\banking77\shadow_kv\benchmark_hf_Qwen_Qwen2_5-1_5B-Instruct_public_dataset_banking77_semantic_cuda.json"
"Qwen_Qwen2_5-1_5B-Instruct","Qwen/Qwen2.5-1.5B-Instruct","banking77","semantic","shadow_kv_plus","999","0.783934634888836","0.786565390352036","2.26292741287175","1.36868751453437","0.9921875","127","16256","0.0","raw_results\Qwen_Qwen2_5-1_5B-Instruct\semantic\seed_999\banking77\shadow_kv_plus\benchmark_hf_Qwen_Qwen2_5-1_5B-Instruct_public_dataset_banking77_semantic_cuda.json"
"Qwen_Qwen2_5-1_5B-Instruct","Qwen/Qwen2.5-1.5B-Instruct","cnn_dailymail","semantic","shadow_kv","42","1.00995198069105","1.00593256181591","-1.46620081994934","-2.75285851408685","0.0","0","0","0.0","raw_results\Qwen_Qwen2_5-1_5B-Instruct\semantic\seed_42\cnn_dailymail\shadow_kv\benchmark_hf_Qwen_Qwen2.5-1.5B-Instruct_public_dataset_cnn_dailymail_semantic_cuda.json"
"Qwen_Qwen2_5-1_5B-Instruct","Qwen/Qwen2.5-1.5B-Instruct","cnn_dailymail","semantic","shadow_kv_plus","42","0.828138290868889","0.831488796763815","-2.85169125207389","-1.25791322885117","0.9921875","127","16256","0.0","raw_results\Qwen_Qwen2_5-1_5B-Instruct\semantic\seed_42\cnn_dailymail\shadow_kv_plus\benchmark_hf_Qwen_Qwen2.5-1.5B-Instruct_public_dataset_cnn_dailymail_semantic_cuda.json"
"Qwen_Qwen2_5-1_5B-Instruct","Qwen/Qwen2.5-1.5B-Instruct","cnn_dailymail","semantic","shadow_kv","123","0.99793385758566","0.941479068527571","-8.87360891111042","3.42239808726502","0.0","0","0","0.0","raw_results\Qwen_Qwen2_5-1_5B-Instruct\semantic\seed_123\cnn_dailymail\shadow_kv\benchmark_hf_Qwen_Qwen2_5-1_5B-Instruct_public_dataset_cnn_dailymail_semantic_cuda.json"
"Qwen_Qwen2_5-1_5B-Instruct","Qwen/Qwen2.5-1.5B-Instruct","cnn_dailymail","semantic","shadow_kv_plus","123","0.800374799841223","0.788195982047932","-0.303424742070991","1.66070075804202","0.9921875","127","16256","0.0","raw_results\Qwen_Qwen2_5-1_5B-Instruct\semantic\seed_123\cnn_dailymail\shadow_kv_plus\benchmark_hf_Qwen_Qwen2_5-1_5B-Instruct_public_dataset_cnn_dailymail_semantic_cuda.json"
"Qwen_Qwen2_5-1_5B-Instruct","Qwen/Qwen2.5-1.5B-Instruct","cnn_dailymail","semantic","shadow_kv","456","0.996873212283574","1.00767850493824","2.3818856743427","0.989033923665028","0.0","0","0","0.0","raw_results\Qwen_Qwen2_5-1_5B-Instruct\semantic\seed_456\cnn_dailymail\shadow_kv\benchmark_hf_Qwen_Qwen2_5-1_5B-Instruct_public_dataset_cnn_dailymail_semantic_cuda.json"
"Qwen_Qwen2_5-1_5B-Instruct","Qwen/Qwen2.5-1.5B-Instruct","cnn_dailymail","semantic","shadow_kv_plus","456","0.835387481998051","0.843882676995309","-0.97741125635219","3.82687516022439","0.9921875","127","16256","0.0","raw_results\Qwen_Qwen2_5-1_5B-Instruct\semantic\seed_456\cnn_dailymail\shadow_kv_plus\benchmark_hf_Qwen_Qwen2_5-1_5B-Instruct_public_dataset_cnn_dailymail_semantic_cuda.json"
"Qwen_Qwen2_5-1_5B-Instruct","Qwen/Qwen2.5-1.5B-Instruct","cnn_dailymail","semantic","shadow_kv","789","1.04045918281149","1.11206308772257","-7.65291193204903","-4.09381553357742","0.0","0","0","0.0","raw_results\Qwen_Qwen2_5-1_5B-Instruct\semantic\seed_789\cnn_dailymail\shadow_kv\benchmark_hf_Qwen_Qwen2_5-1_5B-Instruct_public_dataset_cnn_dailymail_semantic_cuda.json"
"Qwen_Qwen2_5-1_5B-Instruct","Qwen/Qwen2.5-1.5B-Instruct","cnn_dailymail","semantic","shadow_kv_plus","789","0.832277608058169","0.88810592334702","-6.84615825951168","-1.5556979174597","0.9921875","127","16256","0.0","raw_results\Qwen_Qwen2_5-1_5B-Instruct\semantic\seed_789\cnn_dailymail\shadow_kv_plus\benchmark_hf_Qwen_Qwen2_5-1_5B-Instruct_public_dataset_cnn_dailymail_semantic_cuda.json"
"Qwen_Qwen2_5-1_5B-Instruct","Qwen/Qwen2.5-1.5B-Instruct","cnn_dailymail","semantic","shadow_kv","999","1.03939059799208","1.06075034631857","-3.86444457242949","2.23522358399679","0.0","0","0","0.0","raw_results\Qwen_Qwen2_5-1_5B-Instruct\semantic\seed_999\cnn_dailymail\shadow_kv\benchmark_hf_Qwen_Qwen2_5-1_5B-Instruct_public_dataset_cnn_dailymail_semantic_cuda.json"
"Qwen_Qwen2_5-1_5B-Instruct","Qwen/Qwen2.5-1.5B-Instruct","cnn_dailymail","semantic","shadow_kv_plus","999","0.85524688791818","0.864752970732902","1.44236780449855","6.06332686609698","0.9921875","127","16256","0.0","raw_results\Qwen_Qwen2_5-1_5B-Instruct\semantic\seed_999\cnn_dailymail\shadow_kv_plus\benchmark_hf_Qwen_Qwen2_5-1_5B-Instruct_public_dataset_cnn_dailymail_semantic_cuda.json"
"Qwen_Qwen2_5-1_5B-Instruct","Qwen/Qwen2.5-1.5B-Instruct","daily_dialog","semantic","shadow_kv","42","0.991015485027314","0.941903752915654","0.0832300096292653","2.19190469158982","0.0","0","0","0.0","raw_results\Qwen_Qwen2_5-1_5B-Instruct\semantic\seed_42\daily_dialog\shadow_kv\benchmark_hf_Qwen_Qwen2.5-1.5B-Instruct_public_dataset_daily_dialog_semantic_cuda.json"
"Qwen_Qwen2_5-1_5B-Instruct","Qwen/Qwen2.5-1.5B-Instruct","daily_dialog","semantic","shadow_kv_plus","42","0.848549912802254","0.901624794256184","2.98171866400844","9.20183624561452","0.9921875","127","16256","0.0","raw_results\Qwen_Qwen2_5-1_5B-Instruct\semantic\seed_42\daily_dialog\shadow_kv_plus\benchmark_hf_Qwen_Qwen2.5-1.5B-Instruct_public_dataset_daily_dialog_semantic_cuda.json"
"Qwen_Qwen2_5-1_5B-Instruct","Qwen/Qwen2.5-1.5B-Instruct","daily_dialog","semantic","shadow_kv","123","1.01288865775798","0.912101052489656","-3.50231406140289","-2.89256677346127","0.0","0","0","0.0","raw_results\Qwen_Qwen2_5-1_5B-Instruct\semantic\seed_123\daily_dialog\shadow_kv\benchmark_hf_Qwen_Qwen2_5-1_5B-Instruct_public_dataset_daily_dialog_semantic_cuda.json"
"Qwen_Qwen2_5-1_5B-Instruct","Qwen/Qwen2.5-1.5B-Instruct","daily_dialog","semantic","shadow_kv_plus","123","0.851515681837618","0.883117538370922","1.0151609995505","1.60626599906621","0.9921875","127","16256","0.0","raw_results\Qwen_Qwen2_5-1_5B-Instruct\semantic\seed_123\daily_dialog\shadow_kv_plus\benchmark_hf_Qwen_Qwen2_5-1_5B-Instruct_public_dataset_daily_dialog_semantic_cuda.json"
"Qwen_Qwen2_5-1_5B-Instruct","Qwen/Qwen2.5-1.5B-Instruct","daily_dialog","semantic","shadow_kv","456","0.979333257485518","0.941869355917795","6.9627889367796","-3.0427676755545","0.0","0","0","0.0","raw_results\Qwen_Qwen2_5-1_5B-Instruct\semantic\seed_456\daily_dialog\shadow_kv\benchmark_hf_Qwen_Qwen2_5-1_5B-Instruct_public_dataset_daily_dialog_semantic_cuda.json"
"Qwen_Qwen2_5-1_5B-Instruct","Qwen/Qwen2.5-1.5B-Instruct","daily_dialog","semantic","shadow_kv_plus","456","0.844514782747407","0.930137818992997","7.56881719506011","9.04477211638881","0.9921875","127","16256","0.0","raw_results\Qwen_Qwen2_5-1_5B-Instruct\semantic\seed_456\daily_dialog\shadow_kv_plus\benchmark_hf_Qwen_Qwen2_5-1_5B-Instruct_public_dataset_daily_dialog_semantic_cuda.json"
"Qwen_Qwen2_5-1_5B-Instruct","Qwen/Qwen2.5-1.5B-Instruct","daily_dialog","semantic","shadow_kv","789","1.00589393285832","0.914194642015377","5.14020934550853","1.82611586325566","0.0","0","0","0.0","raw_results\Qwen_Qwen2_5-1_5B-Instruct\semantic\seed_789\daily_dialog\shadow_kv\benchmark_hf_Qwen_Qwen2_5-1_5B-Instruct_public_dataset_daily_dialog_semantic_cuda.json"
"Qwen_Qwen2_5-1_5B-Instruct","Qwen/Qwen2.5-1.5B-Instruct","daily_dialog","semantic","shadow_kv_plus","789","0.88532694400514","0.901405219222133","3.86165673435564","8.30252059269533","0.9921875","127","16256","0.0","raw_results\Qwen_Qwen2_5-1_5B-Instruct\semantic\seed_789\daily_dialog\shadow_kv_plus\benchmark_hf_Qwen_Qwen2_5-1_5B-Instruct_public_dataset_daily_dialog_semantic_cuda.json"
"Qwen_Qwen2_5-1_5B-Instruct","Qwen/Qwen2.5-1.5B-Instruct","daily_dialog","semantic","shadow_kv","999","1.07135004115315","0.934645987036616","7.58259477906652","0.207998543236294","0.0","0","0","0.0","raw_results\Qwen_Qwen2_5-1_5B-Instruct\semantic\seed_999\daily_dialog\shadow_kv\benchmark_hf_Qwen_Qwen2_5-1_5B-Instruct_public_dataset_daily_dialog_semantic_cuda.json"
"Qwen_Qwen2_5-1_5B-Instruct","Qwen/Qwen2.5-1.5B-Instruct","daily_dialog","semantic","shadow_kv_plus","999","0.903693479746921","0.890569769977954","8.75139107751171","11.124940249926","0.9921875","127","16256","0.0","raw_results\Qwen_Qwen2_5-1_5B-Instruct\semantic\seed_999\daily_dialog\shadow_kv_plus\benchmark_hf_Qwen_Qwen2_5-1_5B-Instruct_public_dataset_daily_dialog_semantic_cuda.json"
"Qwen_Qwen2_5-1_5B-Instruct","Qwen/Qwen2.5-1.5B-Instruct","dolly","semantic","shadow_kv","42","1.00154882868983","1.0064722617597","-0.897601874993755","-2.89877975420315","0.0","0","0","0.0","raw_results\Qwen_Qwen2_5-1_5B-Instruct\semantic\seed_42\dolly\shadow_kv\benchmark_hf_Qwen_Qwen2.5-1.5B-Instruct_public_dataset_dolly_semantic_cuda.json"
"Qwen_Qwen2_5-1_5B-Instruct","Qwen/Qwen2.5-1.5B-Instruct","dolly","semantic","shadow_kv_plus","42","0.872015972763365","0.937646796506505","1.624062039227","3.3281881068031","0.9921875","127","16256","0.0","raw_results\Qwen_Qwen2_5-1_5B-Instruct\semantic\seed_42\dolly\shadow_kv_plus\benchmark_hf_Qwen_Qwen2.5-1.5B-Instruct_public_dataset_dolly_semantic_cuda.json"
"Qwen_Qwen2_5-1_5B-Instruct","Qwen/Qwen2.5-1.5B-Instruct","dolly","semantic","shadow_kv","123","1.01718623835962","1.01744918180191","-2.17045432330546","-1.03242227438663","0.0","0","0","0.0","raw_results\Qwen_Qwen2_5-1_5B-Instruct\semantic\seed_123\dolly\shadow_kv\benchmark_hf_Qwen_Qwen2_5-1_5B-Instruct_public_dataset_dolly_semantic_cuda.json"
"Qwen_Qwen2_5-1_5B-Instruct","Qwen/Qwen2.5-1.5B-Instruct","dolly","semantic","shadow_kv_plus","123","0.864692041079486","0.898145895505517","3.34945448095387","2.61839332861899","0.9921875","127","16256","0.0","raw_results\Qwen_Qwen2_5-1_5B-Instruct\semantic\seed_123\dolly\shadow_kv_plus\benchmark_hf_Qwen_Qwen2_5-1_5B-Instruct_public_dataset_dolly_semantic_cuda.json"
"Qwen_Qwen2_5-1_5B-Instruct","Qwen/Qwen2.5-1.5B-Instruct","dolly","semantic","shadow_kv","456","1.05413379915996","1.06077020243462","-1.79482629479077","-5.34685498830544","0.0","0","0","0.0","raw_results\Qwen_Qwen2_5-1_5B-Instruct\semantic\seed_456\dolly\shadow_kv\benchmark_hf_Qwen_Qwen2_5-1_5B-Instruct_public_dataset_dolly_semantic_cuda.json"
"Qwen_Qwen2_5-1_5B-Instruct","Qwen/Qwen2.5-1.5B-Instruct","dolly","semantic","shadow_kv_plus","456","0.846221992962359","1.00763843265548","-0.32373483455752","3.46966172485383","0.9921875","127","16256","0.0","raw_results\Qwen_Qwen2_5-1_5B-Instruct\semantic\seed_456\dolly\shadow_kv_plus\benchmark_hf_Qwen_Qwen2_5-1_5B-Instruct_public_dataset_dolly_semantic_cuda.json"
"Qwen_Qwen2_5-1_5B-Instruct","Qwen/Qwen2.5-1.5B-Instruct","dolly","semantic","shadow_kv","789","1.00530233318612","1.00474630610396","-1.20699311124948","-8.40976776941548","0.0","0","0","0.0","raw_results\Qwen_Qwen2_5-1_5B-Instruct\semantic\seed_789\dolly\shadow_kv\benchmark_hf_Qwen_Qwen2_5-1_5B-Instruct_public_dataset_dolly_semantic_cuda.json"
"Qwen_Qwen2_5-1_5B-Instruct","Qwen/Qwen2.5-1.5B-Instruct","dolly","semantic","shadow_kv_plus","789","0.928238901266267","0.929604710426442","0.358334739681493","2.00945024714507","0.9921875","127","16256","0.0","raw_results\Qwen_Qwen2_5-1_5B-Instruct\semantic\seed_789\dolly\shadow_kv_plus\benchmark_hf_Qwen_Qwen2_5-1_5B-Instruct_public_dataset_dolly_semantic_cuda.json"
"Qwen_Qwen2_5-1_5B-Instruct","Qwen/Qwen2.5-1.5B-Instruct","dolly","semantic","shadow_kv","999","0.953665606844151","1.03003241088309","4.3662650946028","-3.54040813327934","0.0","0","0","0.0","raw_results\Qwen_Qwen2_5-1_5B-Instruct\semantic\seed_999\dolly\shadow_kv\benchmark_hf_Qwen_Qwen2_5-1_5B-Instruct_public_dataset_dolly_semantic_cuda.json"
"Qwen_Qwen2_5-1_5B-Instruct","Qwen/Qwen2.5-1.5B-Instruct","dolly","semantic","shadow_kv_plus","999","0.87562722153075","1.01437486648405","4.77600407127585","1.45309257771975","0.9921875","127","16256","0.0","raw_results\Qwen_Qwen2_5-1_5B-Instruct\semantic\seed_999\dolly\shadow_kv_plus\benchmark_hf_Qwen_Qwen2_5-1_5B-Instruct_public_dataset_dolly_semantic_cuda.json"
"Qwen_Qwen2_5-1_5B-Instruct","Qwen/Qwen2.5-1.5B-Instruct","oasst1","semantic","shadow_kv","42","1.01538817373321","1.00338964532958","-1.36759215059896","15.2658190913203","0.0","0","0","0.0","raw_results\Qwen_Qwen2_5-1_5B-Instruct\semantic\seed_42\oasst1\shadow_kv\benchmark_hf_Qwen_Qwen2.5-1.5B-Instruct_public_dataset_oasst1_semantic_cuda.json"
"Qwen_Qwen2_5-1_5B-Instruct","Qwen/Qwen2.5-1.5B-Instruct","oasst1","semantic","shadow_kv_plus","42","0.877806076090792","0.908438769872647","1.60064453219742","4.80065777399918","0.9921875","127","16256","0.0","raw_results\Qwen_Qwen2_5-1_5B-Instruct\semantic\seed_42\oasst1\shadow_kv_plus\benchmark_hf_Qwen_Qwen2.5-1.5B-Instruct_public_dataset_oasst1_semantic_cuda.json"
"Qwen_Qwen2_5-1_5B-Instruct","Qwen/Qwen2.5-1.5B-Instruct","oasst1","semantic","shadow_kv","123","1.01440177357646","1.0208945953311","-5.57591386800617","6.46778881222819","0.0","0","0","0.0","raw_results\Qwen_Qwen2_5-1_5B-Instruct\semantic\seed_123\oasst1\shadow_kv\benchmark_hf_Qwen_Qwen2_5-1_5B-Instruct_public_dataset_oasst1_semantic_cuda.json"
"Qwen_Qwen2_5-1_5B-Instruct","Qwen/Qwen2.5-1.5B-Instruct","oasst1","semantic","shadow_kv_plus","123","0.878542225811637","0.930259263411798","-6.51098140107143","-3.14628118512315","0.9921875","127","16256","0.0","raw_results\Qwen_Qwen2_5-1_5B-Instruct\semantic\seed_123\oasst1\shadow_kv_plus\benchmark_hf_Qwen_Qwen2_5-1_5B-Instruct_public_dataset_oasst1_semantic_cuda.json"
"Qwen_Qwen2_5-1_5B-Instruct","Qwen/Qwen2.5-1.5B-Instruct","oasst1","semantic","shadow_kv","456","1.02021474967213","0.973616229933798","1.87581802437007","19.0420974420877","0.0","0","0","0.0","raw_results\Qwen_Qwen2_5-1_5B-Instruct\semantic\seed_456\oasst1\shadow_kv\benchmark_hf_Qwen_Qwen2_5-1_5B-Instruct_public_dataset_oasst1_semantic_cuda.json"
"Qwen_Qwen2_5-1_5B-Instruct","Qwen/Qwen2.5-1.5B-Instruct","oasst1","semantic","shadow_kv_plus","456","0.875157789682979","0.853181325250754","3.22258267275777","8.65863506552612","0.9921875","127","16256","0.0","raw_results\Qwen_Qwen2_5-1_5B-Instruct\semantic\seed_456\oasst1\shadow_kv_plus\benchmark_hf_Qwen_Qwen2_5-1_5B-Instruct_public_dataset_oasst1_semantic_cuda.json"
"Qwen_Qwen2_5-1_5B-Instruct","Qwen/Qwen2.5-1.5B-Instruct","oasst1","semantic","shadow_kv","789","1.00498291132175","0.988515136109663","2.78325842061156","13.0403715664659","0.0","0","0","0.0","raw_results\Qwen_Qwen2_5-1_5B-Instruct\semantic\seed_789\oasst1\shadow_kv\benchmark_hf_Qwen_Qwen2_5-1_5B-Instruct_public_dataset_oasst1_semantic_cuda.json"
"Qwen_Qwen2_5-1_5B-Instruct","Qwen/Qwen2.5-1.5B-Instruct","oasst1","semantic","shadow_kv_plus","789","0.888899489158749","0.963361824233408","2.29979535404466","2.48326901264423","0.9921875","127","16256","0.0","raw_results\Qwen_Qwen2_5-1_5B-Instruct\semantic\seed_789\oasst1\shadow_kv_plus\benchmark_hf_Qwen_Qwen2_5-1_5B-Instruct_public_dataset_oasst1_semantic_cuda.json"
"Qwen_Qwen2_5-1_5B-Instruct","Qwen/Qwen2.5-1.5B-Instruct","oasst1","semantic","shadow_kv","999","1.00612769099751","0.986208294270005","-5.1055943077902","16.8134308989047","0.0","0","0","0.0","raw_results\Qwen_Qwen2_5-1_5B-Instruct\semantic\seed_999\oasst1\shadow_kv\benchmark_hf_Qwen_Qwen2_5-1_5B-Instruct_public_dataset_oasst1_semantic_cuda.json"
"Qwen_Qwen2_5-1_5B-Instruct","Qwen/Qwen2.5-1.5B-Instruct","oasst1","semantic","shadow_kv_plus","999","0.834054555170232","0.884273227523668","0.40564960343667","6.2839220871685","0.9921875","127","16256","0.0","raw_results\Qwen_Qwen2_5-1_5B-Instruct\semantic\seed_999\oasst1\shadow_kv_plus\benchmark_hf_Qwen_Qwen2_5-1_5B-Instruct_public_dataset_oasst1_semantic_cuda.json"
"Qwen_Qwen2_5-1_5B-Instruct","Qwen/Qwen2.5-1.5B-Instruct","samsum","semantic","shadow_kv","42","1.00300494184478","0.998802989593894","-0.55545164103862","0.609876842323176","0.0","0","0","0.0","raw_results\Qwen_Qwen2_5-1_5B-Instruct\semantic\seed_42\samsum\shadow_kv\benchmark_hf_Qwen_Qwen2.5-1.5B-Instruct_public_dataset_samsum_semantic_cuda.json"
"Qwen_Qwen2_5-1_5B-Instruct","Qwen/Qwen2.5-1.5B-Instruct","samsum","semantic","shadow_kv_plus","42","0.882413560806915","0.8551208091632","0.802174394138389","4.60330343387297","0.9921875","127","16256","0.0","raw_results\Qwen_Qwen2_5-1_5B-Instruct\semantic\seed_42\samsum\shadow_kv_plus\benchmark_hf_Qwen_Qwen2.5-1.5B-Instruct_public_dataset_samsum_semantic_cuda.json"
"Qwen_Qwen2_5-1_5B-Instruct","Qwen/Qwen2.5-1.5B-Instruct","samsum","semantic","shadow_kv","123","0.990296080584709","0.96996288540465","1.62988453515337","2.47599834827343","0.0","0","0","0.0","raw_results\Qwen_Qwen2_5-1_5B-Instruct\semantic\seed_123\samsum\shadow_kv\benchmark_hf_Qwen_Qwen2_5-1_5B-Instruct_public_dataset_samsum_semantic_cuda.json"
"Qwen_Qwen2_5-1_5B-Instruct","Qwen/Qwen2.5-1.5B-Instruct","samsum","semantic","shadow_kv_plus","123","0.858925653171442","0.825626706212953","4.73921562238864","-0.629677741263908","0.9921875","127","16256","0.0","raw_results\Qwen_Qwen2_5-1_5B-Instruct\semantic\seed_123\samsum\shadow_kv_plus\benchmark_hf_Qwen_Qwen2_5-1_5B-Instruct_public_dataset_samsum_semantic_cuda.json"
"Qwen_Qwen2_5-1_5B-Instruct","Qwen/Qwen2.5-1.5B-Instruct","samsum","semantic","shadow_kv","456","1.00452412739173","0.996495506749507","-6.44925952771796","3.60697838861598","0.0","0","0","0.0","raw_results\Qwen_Qwen2_5-1_5B-Instruct\semantic\seed_456\samsum\shadow_kv\benchmark_hf_Qwen_Qwen2_5-1_5B-Instruct_public_dataset_samsum_semantic_cuda.json"
"Qwen_Qwen2_5-1_5B-Instruct","Qwen/Qwen2.5-1.5B-Instruct","samsum","semantic","shadow_kv_plus","456","0.899038128756444","0.887133152929686","-3.19415723310663","1.77576982556889","0.9921875","127","16256","0.0","raw_results\Qwen_Qwen2_5-1_5B-Instruct\semantic\seed_456\samsum\shadow_kv_plus\benchmark_hf_Qwen_Qwen2_5-1_5B-Instruct_public_dataset_samsum_semantic_cuda.json"
"Qwen_Qwen2_5-1_5B-Instruct","Qwen/Qwen2.5-1.5B-Instruct","samsum","semantic","shadow_kv","789","0.913121752164991","0.977840407096193","-1.1702795735406","4.10763351508545","0.0","0","0","0.0","raw_results\Qwen_Qwen2_5-1_5B-Instruct\semantic\seed_789\samsum\shadow_kv\benchmark_hf_Qwen_Qwen2_5-1_5B-Instruct_public_dataset_samsum_semantic_cuda.json"
"Qwen_Qwen2_5-1_5B-Instruct","Qwen/Qwen2.5-1.5B-Instruct","samsum","semantic","shadow_kv_plus","789","0.834678231604374","0.897571671724927","-5.42409856451637","1.38849082937531","0.9921875","127","16256","0.0","raw_results\Qwen_Qwen2_5-1_5B-Instruct\semantic\seed_789\samsum\shadow_kv_plus\benchmark_hf_Qwen_Qwen2_5-1_5B-Instruct_public_dataset_samsum_semantic_cuda.json"
"Qwen_Qwen2_5-1_5B-Instruct","Qwen/Qwen2.5-1.5B-Instruct","samsum","semantic","shadow_kv","999","0.987463575996603","0.970224118575915","1.9324069870873","0.332360673667019","0.0","0","0","0.0","raw_results\Qwen_Qwen2_5-1_5B-Instruct\semantic\seed_999\samsum\shadow_kv\benchmark_hf_Qwen_Qwen2_5-1_5B-Instruct_public_dataset_samsum_semantic_cuda.json"
"Qwen_Qwen2_5-1_5B-Instruct","Qwen/Qwen2.5-1.5B-Instruct","samsum","semantic","shadow_kv_plus","999","0.772605150157055","0.862727136486189","3.40484922921148","1.13894832810763","0.9921875","127","16256","0.0","raw_results\Qwen_Qwen2_5-1_5B-Instruct\semantic\seed_999\samsum\shadow_kv_plus\benchmark_hf_Qwen_Qwen2_5-1_5B-Instruct_public_dataset_samsum_semantic_cuda.json"
"Qwen_Qwen2_5-1_5B-Instruct","Qwen/Qwen2.5-1.5B-Instruct","ultrachat","semantic","shadow_kv","42","1.0129037556384","1.01154819220381","-2.52386499026512","-7.60482444444941","0.0","0","0","0.0","raw_results\Qwen_Qwen2_5-1_5B-Instruct\semantic\seed_42\ultrachat\shadow_kv\benchmark_hf_Qwen_Qwen2.5-1.5B-Instruct_public_dataset_ultrachat_semantic_cuda.json"
"Qwen_Qwen2_5-1_5B-Instruct","Qwen/Qwen2.5-1.5B-Instruct","ultrachat","semantic","shadow_kv_plus","42","0.868526621546301","0.853282350174502","-0.392301209837559","0.522195122684897","0.9921875","127","16256","0.0","raw_results\Qwen_Qwen2_5-1_5B-Instruct\semantic\seed_42\ultrachat\shadow_kv_plus\benchmark_hf_Qwen_Qwen2.5-1.5B-Instruct_public_dataset_ultrachat_semantic_cuda.json"
"Qwen_Qwen2_5-1_5B-Instruct","Qwen/Qwen2.5-1.5B-Instruct","ultrachat","semantic","shadow_kv","123","1.0513028059717","1.07046658407553","-5.40677208889882","-6.99440630587077","0.0","0","0","0.0","raw_results\Qwen_Qwen2_5-1_5B-Instruct\semantic\seed_123\ultrachat\shadow_kv\benchmark_hf_Qwen_Qwen2_5-1_5B-Instruct_public_dataset_ultrachat_semantic_cuda.json"
"Qwen_Qwen2_5-1_5B-Instruct","Qwen/Qwen2.5-1.5B-Instruct","ultrachat","semantic","shadow_kv_plus","123","0.892971932707032","0.884832494068046","-3.03949708289508","-3.79978048808249","0.9921875","127","16256","0.0","raw_results\Qwen_Qwen2_5-1_5B-Instruct\semantic\seed_123\ultrachat\shadow_kv_plus\benchmark_hf_Qwen_Qwen2_5-1_5B-Instruct_public_dataset_ultrachat_semantic_cuda.json"
"Qwen_Qwen2_5-1_5B-Instruct","Qwen/Qwen2.5-1.5B-Instruct","ultrachat","semantic","shadow_kv","456","0.953772172541382","0.985696994924321","2.75705058295857","-12.5166705004427","0.0","0","0","0.0","raw_results\Qwen_Qwen2_5-1_5B-Instruct\semantic\seed_456\ultrachat\shadow_kv\benchmark_hf_Qwen_Qwen2_5-1_5B-Instruct_public_dataset_ultrachat_semantic_cuda.json"
"Qwen_Qwen2_5-1_5B-Instruct","Qwen/Qwen2.5-1.5B-Instruct","ultrachat","semantic","shadow_kv_plus","456","0.849583495471022","0.802379908790477","2.24020497543469","-4.78749529345092","0.9921875","127","16256","0.0","raw_results\Qwen_Qwen2_5-1_5B-Instruct\semantic\seed_456\ultrachat\shadow_kv_plus\benchmark_hf_Qwen_Qwen2_5-1_5B-Instruct_public_dataset_ultrachat_semantic_cuda.json"
"Qwen_Qwen2_5-1_5B-Instruct","Qwen/Qwen2.5-1.5B-Instruct","ultrachat","semantic","shadow_kv","789","1.06019489808514","0.998094359237065","0.714983841165438","-0.103958683815556","0.0","0","0","0.0","raw_results\Qwen_Qwen2_5-1_5B-Instruct\semantic\seed_789\ultrachat\shadow_kv\benchmark_hf_Qwen_Qwen2_5-1_5B-Instruct_public_dataset_ultrachat_semantic_cuda.json"
"Qwen_Qwen2_5-1_5B-Instruct","Qwen/Qwen2.5-1.5B-Instruct","ultrachat","semantic","shadow_kv_plus","789","0.948549605069647","0.81284096199556","3.39730907624484","3.94612262631067","0.9921875","127","16256","0.0","raw_results\Qwen_Qwen2_5-1_5B-Instruct\semantic\seed_789\ultrachat\shadow_kv_plus\benchmark_hf_Qwen_Qwen2_5-1_5B-Instruct_public_dataset_ultrachat_semantic_cuda.json"
"Qwen_Qwen2_5-1_5B-Instruct","Qwen/Qwen2.5-1.5B-Instruct","ultrachat","semantic","shadow_kv","999","1.07384522127477","0.973571643410367","2.651176107753","-9.79294337408595","0.0","0","0","0.0","raw_results\Qwen_Qwen2_5-1_5B-Instruct\semantic\seed_999\ultrachat\shadow_kv\benchmark_hf_Qwen_Qwen2_5-1_5B-Instruct_public_dataset_ultrachat_semantic_cuda.json"
"Qwen_Qwen2_5-1_5B-Instruct","Qwen/Qwen2.5-1.5B-Instruct","ultrachat","semantic","shadow_kv_plus","999","0.852446729111545","0.834822762784263","4.86668211204388","0.549193419414653","0.9921875","127","16256","0.0","raw_results\Qwen_Qwen2_5-1_5B-Instruct\semantic\seed_999\ultrachat\shadow_kv_plus\benchmark_hf_Qwen_Qwen2_5-1_5B-Instruct_public_dataset_ultrachat_semantic_cuda.json"
"Qwen_Qwen2_5-1_5B-Instruct","Qwen/Qwen2.5-1.5B-Instruct","xsum","semantic","shadow_kv","42","1.00247051893069","0.990406756149001","-0.957939152642953","0.477524119946326","0.0","0","0","0.0","raw_results\Qwen_Qwen2_5-1_5B-Instruct\semantic\seed_42\xsum\shadow_kv\benchmark_hf_Qwen_Qwen2.5-1.5B-Instruct_public_dataset_xsum_semantic_cuda.json"
"Qwen_Qwen2_5-1_5B-Instruct","Qwen/Qwen2.5-1.5B-Instruct","xsum","semantic","shadow_kv_plus","42","0.847925780296624","0.829910340638694","-2.64543741516578","-1.52061009219209","0.9921875","127","16256","0.0","raw_results\Qwen_Qwen2_5-1_5B-Instruct\semantic\seed_42\xsum\shadow_kv_plus\benchmark_hf_Qwen_Qwen2.5-1.5B-Instruct_public_dataset_xsum_semantic_cuda.json"
"Qwen_Qwen2_5-1_5B-Instruct","Qwen/Qwen2.5-1.5B-Instruct","xsum","semantic","shadow_kv","123","1.09773901002874","0.886529304282243","-4.76657170546397","4.2396364334152","0.0","0","0","0.0","raw_results\Qwen_Qwen2_5-1_5B-Instruct\semantic\seed_123\xsum\shadow_kv\benchmark_hf_Qwen_Qwen2_5-1_5B-Instruct_public_dataset_xsum_semantic_cuda.json"
"Qwen_Qwen2_5-1_5B-Instruct","Qwen/Qwen2.5-1.5B-Instruct","xsum","semantic","shadow_kv_plus","123","0.846991162158522","0.771921463291886","-9.85802352008014","1.91929759086664","0.9921875","127","16256","0.0","raw_results\Qwen_Qwen2_5-1_5B-Instruct\semantic\seed_123\xsum\shadow_kv_plus\benchmark_hf_Qwen_Qwen2_5-1_5B-Instruct_public_dataset_xsum_semantic_cuda.json"
"Qwen_Qwen2_5-1_5B-Instruct","Qwen/Qwen2.5-1.5B-Instruct","xsum","semantic","shadow_kv","456","0.974521546899539","0.969514526631581","-8.70383942666865","-0.141718049027016","0.0","0","0","0.0","raw_results\Qwen_Qwen2_5-1_5B-Instruct\semantic\seed_456\xsum\shadow_kv\benchmark_hf_Qwen_Qwen2_5-1_5B-Instruct_public_dataset_xsum_semantic_cuda.json"
"Qwen_Qwen2_5-1_5B-Instruct","Qwen/Qwen2.5-1.5B-Instruct","xsum","semantic","shadow_kv_plus","456","0.905983543450139","0.804224324573706","-4.02742839870447","-4.89902868674765","0.9921875","127","16256","0.0","raw_results\Qwen_Qwen2_5-1_5B-Instruct\semantic\seed_456\xsum\shadow_kv_plus\benchmark_hf_Qwen_Qwen2_5-1_5B-Instruct_public_dataset_xsum_semantic_cuda.json"
"Qwen_Qwen2_5-1_5B-Instruct","Qwen/Qwen2.5-1.5B-Instruct","xsum","semantic","shadow_kv","789","1.02950342396428","1.02399094089522","-1.34112160015949","2.77549568634094","0.0","0","0","0.0","raw_results\Qwen_Qwen2_5-1_5B-Instruct\semantic\seed_789\xsum\shadow_kv\benchmark_hf_Qwen_Qwen2_5-1_5B-Instruct_public_dataset_xsum_semantic_cuda.json"
"Qwen_Qwen2_5-1_5B-Instruct","Qwen/Qwen2.5-1.5B-Instruct","xsum","semantic","shadow_kv_plus","789","0.832351628593715","0.819541073842931","-5.9272670055531","-1.83469430953402","0.9921875","127","16256","0.0","raw_results\Qwen_Qwen2_5-1_5B-Instruct\semantic\seed_789\xsum\shadow_kv_plus\benchmark_hf_Qwen_Qwen2_5-1_5B-Instruct_public_dataset_xsum_semantic_cuda.json"
"Qwen_Qwen2_5-1_5B-Instruct","Qwen/Qwen2.5-1.5B-Instruct","xsum","semantic","shadow_kv","999","1.06013600439022","1.00036119736666","0.283697795024805","-0.209320438383569","0.0","0","0","0.0","raw_results\Qwen_Qwen2_5-1_5B-Instruct\semantic\seed_999\xsum\shadow_kv\benchmark_hf_Qwen_Qwen2_5-1_5B-Instruct_public_dataset_xsum_semantic_cuda.json"
"Qwen_Qwen2_5-1_5B-Instruct","Qwen/Qwen2.5-1.5B-Instruct","xsum","semantic","shadow_kv_plus","999","0.858226404360227","0.788315032728334","2.21865121945651","2.72785221084739","0.9921875","127","16256","0.0","raw_results\Qwen_Qwen2_5-1_5B-Instruct\semantic\seed_999\xsum\shadow_kv_plus\benchmark_hf_Qwen_Qwen2_5-1_5B-Instruct_public_dataset_xsum_semantic_cuda.json"
"Qwen_Qwen2_5-14B-Instruct","Qwen/Qwen2.5-14B-Instruct","ag_news","semantic","shadow_kv","42","0.998005332858733","0.998333216418334","0.322851292876535","4.88948638936714","0.0","0","0","0.0","raw_results\Qwen_Qwen2_5-14B-Instruct\semantic\seed_42\ag_news\shadow_kv\benchmark_hf_Qwen_Qwen2.5-14B-Instruct_public_dataset_ag_news_semantic_cuda.json"
"Qwen_Qwen2_5-14B-Instruct","Qwen/Qwen2.5-14B-Instruct","ag_news","semantic","shadow_kv_plus","42","1.0874413161865","1.08612983118041","11.8741036903923","17.9112273205607","0.9921875","127","16256","0.0","raw_results\Qwen_Qwen2_5-14B-Instruct\semantic\seed_42\ag_news\shadow_kv_plus\benchmark_hf_Qwen_Qwen2.5-14B-Instruct_public_dataset_ag_news_semantic_cuda.json"
"Qwen_Qwen2_5-14B-Instruct","Qwen/Qwen2.5-14B-Instruct","ag_news","semantic","shadow_kv","123","0.985559037627377","1.00850370600884","-1.78708770051042","4.37381468144196","0.0","0","0","0.0","raw_results\Qwen_Qwen2_5-14B-Instruct\semantic\seed_123\ag_news\shadow_kv\benchmark_hf_Qwen_Qwen2_5-14B-Instruct_public_dataset_ag_news_semantic_cuda.json"
"Qwen_Qwen2_5-14B-Instruct","Qwen/Qwen2.5-14B-Instruct","ag_news","semantic","shadow_kv_plus","123","1.0178298266092","1.07189390284252","13.2974176859786","19.1100757666345","0.9921875","127","16256","0.0","raw_results\Qwen_Qwen2_5-14B-Instruct\semantic\seed_123\ag_news\shadow_kv_plus\benchmark_hf_Qwen_Qwen2_5-14B-Instruct_public_dataset_ag_news_semantic_cuda.json"
"Qwen_Qwen2_5-14B-Instruct","Qwen/Qwen2.5-14B-Instruct","ag_news","semantic","shadow_kv","456","0.969592951435224","1.00002919267297","3.24161222444347","7.54897452671316","0.0","0","0","0.0","raw_results\Qwen_Qwen2_5-14B-Instruct\semantic\seed_456\ag_news\shadow_kv\benchmark_hf_Qwen_Qwen2_5-14B-Instruct_public_dataset_ag_news_semantic_cuda.json"
"Qwen_Qwen2_5-14B-Instruct","Qwen/Qwen2.5-14B-Instruct","ag_news","semantic","shadow_kv_plus","456","1.03291275247921","1.06490581692763","10.9047567414439","17.1869094990598","0.9921875","127","16256","0.0","raw_results\Qwen_Qwen2_5-14B-Instruct\semantic\seed_456\ag_news\shadow_kv_plus\benchmark_hf_Qwen_Qwen2_5-14B-Instruct_public_dataset_ag_news_semantic_cuda.json"
"Qwen_Qwen2_5-14B-Instruct","Qwen/Qwen2.5-14B-Instruct","ag_news","semantic","shadow_kv","789","0.988918998559934","1.04092143434903","6.5799627461682","4.65529419687054","0.0","0","0","0.0","raw_results\Qwen_Qwen2_5-14B-Instruct\semantic\seed_789\ag_news\shadow_kv\benchmark_hf_Qwen_Qwen2_5-14B-Instruct_public_dataset_ag_news_semantic_cuda.json"
"Qwen_Qwen2_5-14B-Instruct","Qwen/Qwen2.5-14B-Instruct","ag_news","semantic","shadow_kv_plus","789","1.06973578282283","1.13326501965917","17.5397752381778","22.5107822199067","0.9921875","127","16256","0.0","raw_results\Qwen_Qwen2_5-14B-Instruct\semantic\seed_789\ag_news\shadow_kv_plus\benchmark_hf_Qwen_Qwen2_5-14B-Instruct_public_dataset_ag_news_semantic_cuda.json"
"Qwen_Qwen2_5-14B-Instruct","Qwen/Qwen2.5-14B-Instruct","ag_news","semantic","shadow_kv","999","1.05141558142344","1.01248119469121","3.89728794555811","4.58570265475236","0.0","0","0","0.0","raw_results\Qwen_Qwen2_5-14B-Instruct\semantic\seed_999\ag_news\shadow_kv\benchmark_hf_Qwen_Qwen2_5-14B-Instruct_public_dataset_ag_news_semantic_cuda.json"
"Qwen_Qwen2_5-14B-Instruct","Qwen/Qwen2.5-14B-Instruct","ag_news","semantic","shadow_kv_plus","999","1.10308243636285","1.01446905818387","12.7849642821046","20.1219239583252","0.9921875","127","16256","0.0","raw_results\Qwen_Qwen2_5-14B-Instruct\semantic\seed_999\ag_news\shadow_kv_plus\benchmark_hf_Qwen_Qwen2_5-14B-Instruct_public_dataset_ag_news_semantic_cuda.json"
"Qwen_Qwen2_5-14B-Instruct","Qwen/Qwen2.5-14B-Instruct","alpaca_eval","semantic","shadow_kv","42","0.999339050024941","0.996391131913652","-0.691064833473178","-1.08663680826458","0.0","0","0","0.0","raw_results\Qwen_Qwen2_5-14B-Instruct\semantic\seed_42\alpaca_eval\shadow_kv\benchmark_hf_Qwen_Qwen2.5-14B-Instruct_public_dataset_alpaca_eval_semantic_cuda.json"
"Qwen_Qwen2_5-14B-Instruct","Qwen/Qwen2.5-14B-Instruct","alpaca_eval","semantic","shadow_kv_plus","42","1.08716136728591","1.0964598696674","12.0366583640003","13.9194988027972","0.9921875","127","16256","0.0","raw_results\Qwen_Qwen2_5-14B-Instruct\semantic\seed_42\alpaca_eval\shadow_kv_plus\benchmark_hf_Qwen_Qwen2.5-14B-Instruct_public_dataset_alpaca_eval_semantic_cuda.json"
"Qwen_Qwen2_5-14B-Instruct","Qwen/Qwen2.5-14B-Instruct","alpaca_eval","semantic","shadow_kv","123","0.944102629272787","1.02832612643147","1.97065796445799","-0.727544685226822","0.0","0","0","0.0","raw_results\Qwen_Qwen2_5-14B-Instruct\semantic\seed_123\alpaca_eval\shadow_kv\benchmark_hf_Qwen_Qwen2_5-14B-Instruct_public_dataset_alpaca_eval_semantic_cuda.json"
"Qwen_Qwen2_5-14B-Instruct","Qwen/Qwen2.5-14B-Instruct","alpaca_eval","semantic","shadow_kv_plus","123","1.10577683036274","1.13630189749032","17.5962478863987","16.8973117054726","0.9921875","127","16256","0.0","raw_results\Qwen_Qwen2_5-14B-Instruct\semantic\seed_123\alpaca_eval\shadow_kv_plus\benchmark_hf_Qwen_Qwen2_5-14B-Instruct_public_dataset_alpaca_eval_semantic_cuda.json"
"Qwen_Qwen2_5-14B-Instruct","Qwen/Qwen2.5-14B-Instruct","alpaca_eval","semantic","shadow_kv","456","1.06155917249089","0.946451581073918","-5.14057482690195","2.38971250257061","0.0","0","0","0.0","raw_results\Qwen_Qwen2_5-14B-Instruct\semantic\seed_456\alpaca_eval\shadow_kv\benchmark_hf_Qwen_Qwen2_5-14B-Instruct_public_dataset_alpaca_eval_semantic_cuda.json"
"Qwen_Qwen2_5-14B-Instruct","Qwen/Qwen2.5-14B-Instruct","alpaca_eval","semantic","shadow_kv_plus","456","1.13534969988094","1.00538121924494","6.804515050868","12.3287145295408","0.9921875","127","16256","0.0","raw_results\Qwen_Qwen2_5-14B-Instruct\semantic\seed_456\alpaca_eval\shadow_kv_plus\benchmark_hf_Qwen_Qwen2_5-14B-Instruct_public_dataset_alpaca_eval_semantic_cuda.json"
"Qwen_Qwen2_5-14B-Instruct","Qwen/Qwen2.5-14B-Instruct","alpaca_eval","semantic","shadow_kv","789","0.979425967407111","0.984520522334032","-0.630059422441407","0.528698496699981","0.0","0","0","0.0","raw_results\Qwen_Qwen2_5-14B-Instruct\semantic\seed_789\alpaca_eval\shadow_kv\benchmark_hf_Qwen_Qwen2_5-14B-Instruct_public_dataset_alpaca_eval_semantic_cuda.json"
"Qwen_Qwen2_5-14B-Instruct","Qwen/Qwen2.5-14B-Instruct","alpaca_eval","semantic","shadow_kv_plus","789","1.09269124957984","1.14416742773378","12.2742670797643","15.1478119596373","0.9921875","127","16256","0.0","raw_results\Qwen_Qwen2_5-14B-Instruct\semantic\seed_789\alpaca_eval\shadow_kv_plus\benchmark_hf_Qwen_Qwen2_5-14B-Instruct_public_dataset_alpaca_eval_semantic_cuda.json"
"Qwen_Qwen2_5-14B-Instruct","Qwen/Qwen2.5-14B-Instruct","alpaca_eval","semantic","shadow_kv","999","1.02211816609277","0.961965451601103","0.649100229608125","2.32456533621016","0.0","0","0","0.0","raw_results\Qwen_Qwen2_5-14B-Instruct\semantic\seed_999\alpaca_eval\shadow_kv\benchmark_hf_Qwen_Qwen2_5-14B-Instruct_public_dataset_alpaca_eval_semantic_cuda.json"
"Qwen_Qwen2_5-14B-Instruct","Qwen/Qwen2.5-14B-Instruct","alpaca_eval","semantic","shadow_kv_plus","999","1.04105850919075","1.17263981692639","10.452915482247","9.69439364122689","0.9921875","127","16256","0.0","raw_results\Qwen_Qwen2_5-14B-Instruct\semantic\seed_999\alpaca_eval\shadow_kv_plus\benchmark_hf_Qwen_Qwen2_5-14B-Instruct_public_dataset_alpaca_eval_semantic_cuda.json"
"Qwen_Qwen2_5-14B-Instruct","Qwen/Qwen2.5-14B-Instruct","banking77","semantic","shadow_kv","42","1.00084852294463","1.00017121285806","-0.343741621154569","-0.190557444723204","0.0","0","0","0.0","raw_results\Qwen_Qwen2_5-14B-Instruct\semantic\seed_42\banking77\shadow_kv\benchmark_hf_Qwen_Qwen2.5-14B-Instruct_public_dataset_banking77_semantic_cuda.json"
"Qwen_Qwen2_5-14B-Instruct","Qwen/Qwen2.5-14B-Instruct","banking77","semantic","shadow_kv_plus","42","1.08186123359966","1.0851904246542","12.1625271482786","12.0946958238721","0.9921875","127","16256","0.0","raw_results\Qwen_Qwen2_5-14B-Instruct\semantic\seed_42\banking77\shadow_kv_plus\benchmark_hf_Qwen_Qwen2.5-14B-Instruct_public_dataset_banking77_semantic_cuda.json"
"Qwen_Qwen2_5-14B-Instruct","Qwen/Qwen2.5-14B-Instruct","banking77","semantic","shadow_kv","123","1.01664776116838","1.01512127597431","-3.97601784102868","-3.32673410899893","0.0","0","0","0.0","raw_results\Qwen_Qwen2_5-14B-Instruct\semantic\seed_123\banking77\shadow_kv\benchmark_hf_Qwen_Qwen2_5-14B-Instruct_public_dataset_banking77_semantic_cuda.json"
"Qwen_Qwen2_5-14B-Instruct","Qwen/Qwen2.5-14B-Instruct","banking77","semantic","shadow_kv_plus","123","1.12083813113451","1.06484871625795","11.339074108723","14.8570814881921","0.9921875","127","16256","0.0","raw_results\Qwen_Qwen2_5-14B-Instruct\semantic\seed_123\banking77\shadow_kv_plus\benchmark_hf_Qwen_Qwen2_5-14B-Instruct_public_dataset_banking77_semantic_cuda.json"
"Qwen_Qwen2_5-14B-Instruct","Qwen/Qwen2.5-14B-Instruct","banking77","semantic","shadow_kv","456","0.985092754393281","0.984944616476255","-0.586610643758054","-0.115709437638253","0.0","0","0","0.0","raw_results\Qwen_Qwen2_5-14B-Instruct\semantic\seed_456\banking77\shadow_kv\benchmark_hf_Qwen_Qwen2_5-14B-Instruct_public_dataset_banking77_semantic_cuda.json"
"Qwen_Qwen2_5-14B-Instruct","Qwen/Qwen2.5-14B-Instruct","banking77","semantic","shadow_kv_plus","456","0.992169354168865","1.04190677823729","11.0174380771344","10.4966780014226","0.9921875","127","16256","0.0","raw_results\Qwen_Qwen2_5-14B-Instruct\semantic\seed_456\banking77\shadow_kv_plus\benchmark_hf_Qwen_Qwen2_5-14B-Instruct_public_dataset_banking77_semantic_cuda.json"
"Qwen_Qwen2_5-14B-Instruct","Qwen/Qwen2.5-14B-Instruct","banking77","semantic","shadow_kv","789","1.09602709399991","0.969368889947684","0.977322963734346","-1.09430847002124","0.0","0","0","0.0","raw_results\Qwen_Qwen2_5-14B-Instruct\semantic\seed_789\banking77\shadow_kv\benchmark_hf_Qwen_Qwen2_5-14B-Instruct_public_dataset_banking77_semantic_cuda.json"
"Qwen_Qwen2_5-14B-Instruct","Qwen/Qwen2.5-14B-Instruct","banking77","semantic","shadow_kv_plus","789","1.11201355181657","1.12221527819866","14.8155903674515","6.63362084138365","0.9921875","127","16256","0.0","raw_results\Qwen_Qwen2_5-14B-Instruct\semantic\seed_789\banking77\shadow_kv_plus\benchmark_hf_Qwen_Qwen2_5-14B-Instruct_public_dataset_banking77_semantic_cuda.json"
"Qwen_Qwen2_5-14B-Instruct","Qwen/Qwen2.5-14B-Instruct","banking77","semantic","shadow_kv","999","1.00289218780608","0.95176349463409","-2.14390337333927","0.635109582537233","0.0","0","0","0.0","raw_results\Qwen_Qwen2_5-14B-Instruct\semantic\seed_999\banking77\shadow_kv\benchmark_hf_Qwen_Qwen2_5-14B-Instruct_public_dataset_banking77_semantic_cuda.json"
"Qwen_Qwen2_5-14B-Instruct","Qwen/Qwen2.5-14B-Instruct","banking77","semantic","shadow_kv_plus","999","1.10739336892724","1.0601142627694","3.65252383959496","18.712380765862","0.9921875","127","16256","0.0","raw_results\Qwen_Qwen2_5-14B-Instruct\semantic\seed_999\banking77\shadow_kv_plus\benchmark_hf_Qwen_Qwen2_5-14B-Instruct_public_dataset_banking77_semantic_cuda.json"
"Qwen_Qwen2_5-14B-Instruct","Qwen/Qwen2.5-14B-Instruct","cnn_dailymail","semantic","shadow_kv","42","0.996942042668637","0.993726349605392","-1.1420826131318","-0.257891047256384","0.0","0","0","0.0","raw_results\Qwen_Qwen2_5-14B-Instruct\semantic\seed_42\cnn_dailymail\shadow_kv\benchmark_hf_Qwen_Qwen2.5-14B-Instruct_public_dataset_cnn_dailymail_semantic_cuda.json"
"Qwen_Qwen2_5-14B-Instruct","Qwen/Qwen2.5-14B-Instruct","cnn_dailymail","semantic","shadow_kv_plus","42","0.986850409411275","0.932546944241924","2.08792075972555","4.07296012352236","0.9921875","127","16256","0.0","raw_results\Qwen_Qwen2_5-14B-Instruct\semantic\seed_42\cnn_dailymail\shadow_kv_plus\benchmark_hf_Qwen_Qwen2.5-14B-Instruct_public_dataset_cnn_dailymail_semantic_cuda.json"
"Qwen_Qwen2_5-14B-Instruct","Qwen/Qwen2.5-14B-Instruct","cnn_dailymail","semantic","shadow_kv","123","0.973741622846148","1.00438026005025","-0.0911181719839328","0.194234276151356","0.0","0","0","0.0","raw_results\Qwen_Qwen2_5-14B-Instruct\semantic\seed_123\cnn_dailymail\shadow_kv\benchmark_hf_Qwen_Qwen2_5-14B-Instruct_public_dataset_cnn_dailymail_semantic_cuda.json"
"Qwen_Qwen2_5-14B-Instruct","Qwen/Qwen2.5-14B-Instruct","cnn_dailymail","semantic","shadow_kv_plus","123","1.00251770798099","0.945692315065235","4.42219119005838","4.24232432170189","0.9921875","127","16256","0.0","raw_results\Qwen_Qwen2_5-14B-Instruct\semantic\seed_123\cnn_dailymail\shadow_kv_plus\benchmark_hf_Qwen_Qwen2_5-14B-Instruct_public_dataset_cnn_dailymail_semantic_cuda.json"
"Qwen_Qwen2_5-14B-Instruct","Qwen/Qwen2.5-14B-Instruct","cnn_dailymail","semantic","shadow_kv","456","0.983475281128949","0.991738765563433","-0.429206142368021","3.44203736663568","0.0","0","0","0.0","raw_results\Qwen_Qwen2_5-14B-Instruct\semantic\seed_456\cnn_dailymail\shadow_kv\benchmark_hf_Qwen_Qwen2_5-14B-Instruct_public_dataset_cnn_dailymail_semantic_cuda.json"
"Qwen_Qwen2_5-14B-Instruct","Qwen/Qwen2.5-14B-Instruct","cnn_dailymail","semantic","shadow_kv_plus","456","0.933483619702598","0.914348829246885","1.13052268883288","12.6818207540895","0.9921875","127","16256","0.0","raw_results\Qwen_Qwen2_5-14B-Instruct\semantic\seed_456\cnn_dailymail\shadow_kv_plus\benchmark_hf_Qwen_Qwen2_5-14B-Instruct_public_dataset_cnn_dailymail_semantic_cuda.json"
"Qwen_Qwen2_5-14B-Instruct","Qwen/Qwen2.5-14B-Instruct","cnn_dailymail","semantic","shadow_kv","789","1.04939487201648","0.971671951639561","1.37914105986662","-4.25825409789378","0.0","0","0","0.0","raw_results\Qwen_Qwen2_5-14B-Instruct\semantic\seed_789\cnn_dailymail\shadow_kv\benchmark_hf_Qwen_Qwen2_5-14B-Instruct_public_dataset_cnn_dailymail_semantic_cuda.json"
"Qwen_Qwen2_5-14B-Instruct","Qwen/Qwen2.5-14B-Instruct","cnn_dailymail","semantic","shadow_kv_plus","789","1.02216529065661","0.915565590627207","6.34622892954462","-4.30787717760102","0.9921875","127","16256","0.0","raw_results\Qwen_Qwen2_5-14B-Instruct\semantic\seed_789\cnn_dailymail\shadow_kv_plus\benchmark_hf_Qwen_Qwen2_5-14B-Instruct_public_dataset_cnn_dailymail_semantic_cuda.json"
"Qwen_Qwen2_5-14B-Instruct","Qwen/Qwen2.5-14B-Instruct","cnn_dailymail","semantic","shadow_kv","999","1.0246579715027","1.01635540829765","-3.79909282845169","-3.28861081105258","0.0","0","0","0.0","raw_results\Qwen_Qwen2_5-14B-Instruct\semantic\seed_999\cnn_dailymail\shadow_kv\benchmark_hf_Qwen_Qwen2_5-14B-Instruct_public_dataset_cnn_dailymail_semantic_cuda.json"
"Qwen_Qwen2_5-14B-Instruct","Qwen/Qwen2.5-14B-Instruct","cnn_dailymail","semantic","shadow_kv_plus","999","1.0200283511105","0.885320784208109","-2.23832968359244","3.11151100551286","0.9921875","127","16256","0.0","raw_results\Qwen_Qwen2_5-14B-Instruct\semantic\seed_999\cnn_dailymail\shadow_kv_plus\benchmark_hf_Qwen_Qwen2_5-14B-Instruct_public_dataset_cnn_dailymail_semantic_cuda.json"
"Qwen_Qwen2_5-14B-Instruct","Qwen/Qwen2.5-14B-Instruct","daily_dialog","semantic","shadow_kv","42","1.00114360048666","1.00311879290457","-3.04128713507245","-2.56332848555017","0.0","0","0","0.0","raw_results\Qwen_Qwen2_5-14B-Instruct\semantic\seed_42\daily_dialog\shadow_kv\benchmark_hf_Qwen_Qwen2.5-14B-Instruct_public_dataset_daily_dialog_semantic_cuda.json"
"Qwen_Qwen2_5-14B-Instruct","Qwen/Qwen2.5-14B-Instruct","daily_dialog","semantic","shadow_kv_plus","42","1.06667267508392","0.998427197567216","10.3824409616205","12.0464305378093","0.9921875","127","16256","0.0","raw_results\Qwen_Qwen2_5-14B-Instruct\semantic\seed_42\daily_dialog\shadow_kv_plus\benchmark_hf_Qwen_Qwen2.5-14B-Instruct_public_dataset_daily_dialog_semantic_cuda.json"
"Qwen_Qwen2_5-14B-Instruct","Qwen/Qwen2.5-14B-Instruct","daily_dialog","semantic","shadow_kv","123","1.04860493342864","1.0376414682265","-8.60410994175032","-2.14436584774806","0.0","0","0","0.0","raw_results\Qwen_Qwen2_5-14B-Instruct\semantic\seed_123\daily_dialog\shadow_kv\benchmark_hf_Qwen_Qwen2_5-14B-Instruct_public_dataset_daily_dialog_semantic_cuda.json"
"Qwen_Qwen2_5-14B-Instruct","Qwen/Qwen2.5-14B-Instruct","daily_dialog","semantic","shadow_kv_plus","123","1.09825207914492","0.978428580507018","9.27819306295391","16.9835631613566","0.9921875","127","16256","0.0","raw_results\Qwen_Qwen2_5-14B-Instruct\semantic\seed_123\daily_dialog\shadow_kv_plus\benchmark_hf_Qwen_Qwen2_5-14B-Instruct_public_dataset_daily_dialog_semantic_cuda.json"
"Qwen_Qwen2_5-14B-Instruct","Qwen/Qwen2.5-14B-Instruct","daily_dialog","semantic","shadow_kv","456","0.986554186205434","1.01248867817545","-0.357684354829556","-3.95738324645988","0.0","0","0","0.0","raw_results\Qwen_Qwen2_5-14B-Instruct\semantic\seed_456\daily_dialog\shadow_kv\benchmark_hf_Qwen_Qwen2_5-14B-Instruct_public_dataset_daily_dialog_semantic_cuda.json"
"Qwen_Qwen2_5-14B-Instruct","Qwen/Qwen2.5-14B-Instruct","daily_dialog","semantic","shadow_kv_plus","456","1.03277819984578","1.02382906447779","10.1835189962473","7.88140162418902","0.9921875","127","16256","0.0","raw_results\Qwen_Qwen2_5-14B-Instruct\semantic\seed_456\daily_dialog\shadow_kv_plus\benchmark_hf_Qwen_Qwen2_5-14B-Instruct_public_dataset_daily_dialog_semantic_cuda.json"
"Qwen_Qwen2_5-14B-Instruct","Qwen/Qwen2.5-14B-Instruct","daily_dialog","semantic","shadow_kv","789","0.927626929190347","1.08268777328438","-2.12457970072688","-2.70795569280669","0.0","0","0","0.0","raw_results\Qwen_Qwen2_5-14B-Instruct\semantic\seed_789\daily_dialog\shadow_kv\benchmark_hf_Qwen_Qwen2_5-14B-Instruct_public_dataset_daily_dialog_semantic_cuda.json"
"Qwen_Qwen2_5-14B-Instruct","Qwen/Qwen2.5-14B-Instruct","daily_dialog","semantic","shadow_kv_plus","789","1.02390157905319","1.07504873083411","11.6611705167329","10.4353662239486","0.9921875","127","16256","0.0","raw_results\Qwen_Qwen2_5-14B-Instruct\semantic\seed_789\daily_dialog\shadow_kv_plus\benchmark_hf_Qwen_Qwen2_5-14B-Instruct_public_dataset_daily_dialog_semantic_cuda.json"
"Qwen_Qwen2_5-14B-Instruct","Qwen/Qwen2.5-14B-Instruct","daily_dialog","semantic","shadow_kv","999","1.01749088064524","1.11430347920463","-3.5349366556401","0.0227780660593964","0.0","0","0","0.0","raw_results\Qwen_Qwen2_5-14B-Instruct\semantic\seed_999\daily_dialog\shadow_kv\benchmark_hf_Qwen_Qwen2_5-14B-Instruct_public_dataset_daily_dialog_semantic_cuda.json"
"Qwen_Qwen2_5-14B-Instruct","Qwen/Qwen2.5-14B-Instruct","daily_dialog","semantic","shadow_kv_plus","999","1.13749784970396","1.05201019867748","13.3813963547091","16.6366017027146","0.9921875","127","16256","0.0","raw_results\Qwen_Qwen2_5-14B-Instruct\semantic\seed_999\daily_dialog\shadow_kv_plus\benchmark_hf_Qwen_Qwen2_5-14B-Instruct_public_dataset_daily_dialog_semantic_cuda.json"
"Qwen_Qwen2_5-14B-Instruct","Qwen/Qwen2.5-14B-Instruct","dolly","semantic","shadow_kv","42","1.0019261478019","1.00224924383227","0.703378410385675","0.567292523731218","0.0","0","0","0.0","raw_results\Qwen_Qwen2_5-14B-Instruct\semantic\seed_42\dolly\shadow_kv\benchmark_hf_Qwen_Qwen2.5-14B-Instruct_public_dataset_dolly_semantic_cuda.json"
"Qwen_Qwen2_5-14B-Instruct","Qwen/Qwen2.5-14B-Instruct","dolly","semantic","shadow_kv_plus","42","1.05329274051459","0.968733715097386","9.65234510372958","11.101870515773","0.9921875","127","16256","0.0","raw_results\Qwen_Qwen2_5-14B-Instruct\semantic\seed_42\dolly\shadow_kv_plus\benchmark_hf_Qwen_Qwen2.5-14B-Instruct_public_dataset_dolly_semantic_cuda.json"
"Qwen_Qwen2_5-14B-Instruct","Qwen/Qwen2.5-14B-Instruct","dolly","semantic","shadow_kv","123","0.929861594289123","1.08459274538188","4.87243482465067","-0.353504745528353","0.0","0","0","0.0","raw_results\Qwen_Qwen2_5-14B-Instruct\semantic\seed_123\dolly\shadow_kv\benchmark_hf_Qwen_Qwen2_5-14B-Instruct_public_dataset_dolly_semantic_cuda.json"
"Qwen_Qwen2_5-14B-Instruct","Qwen/Qwen2.5-14B-Instruct","dolly","semantic","shadow_kv_plus","123","1.00638122219971","0.996038939456261","12.2549771075466","9.8988870108485","0.9921875","127","16256","0.0","raw_results\Qwen_Qwen2_5-14B-Instruct\semantic\seed_123\dolly\shadow_kv_plus\benchmark_hf_Qwen_Qwen2_5-14B-Instruct_public_dataset_dolly_semantic_cuda.json"
"Qwen_Qwen2_5-14B-Instruct","Qwen/Qwen2.5-14B-Instruct","dolly","semantic","shadow_kv","456","1.00131859624033","1.03078667363538","6.77899167137629","-0.595555945211878","0.0","0","0","0.0","raw_results\Qwen_Qwen2_5-14B-Instruct\semantic\seed_456\dolly\shadow_kv\benchmark_hf_Qwen_Qwen2_5-14B-Instruct_public_dataset_dolly_semantic_cuda.json"
"Qwen_Qwen2_5-14B-Instruct","Qwen/Qwen2.5-14B-Instruct","dolly","semantic","shadow_kv_plus","456","1.04046503852678","0.932599900307785","17.2420756604364","11.6938703204683","0.9921875","127","16256","0.0","raw_results\Qwen_Qwen2_5-14B-Instruct\semantic\seed_456\dolly\shadow_kv_plus\benchmark_hf_Qwen_Qwen2_5-14B-Instruct_public_dataset_dolly_semantic_cuda.json"
"Qwen_Qwen2_5-14B-Instruct","Qwen/Qwen2.5-14B-Instruct","dolly","semantic","shadow_kv","789","1.01207017018048","1.04013201674552","-0.452936594796287","-0.395957695248502","0.0","0","0","0.0","raw_results\Qwen_Qwen2_5-14B-Instruct\semantic\seed_789\dolly\shadow_kv\benchmark_hf_Qwen_Qwen2_5-14B-Instruct_public_dataset_dolly_semantic_cuda.json"
"Qwen_Qwen2_5-14B-Instruct","Qwen/Qwen2.5-14B-Instruct","dolly","semantic","shadow_kv_plus","789","1.0820589061761","0.99947151019505","12.5301404029953","11.7832840981638","0.9921875","127","16256","0.0","raw_results\Qwen_Qwen2_5-14B-Instruct\semantic\seed_789\dolly\shadow_kv_plus\benchmark_hf_Qwen_Qwen2_5-14B-Instruct_public_dataset_dolly_semantic_cuda.json"
"Qwen_Qwen2_5-14B-Instruct","Qwen/Qwen2.5-14B-Instruct","dolly","semantic","shadow_kv","999","1.12654098827155","1.00533216090238","3.84424476168779","10.185811941269","0.0","0","0","0.0","raw_results\Qwen_Qwen2_5-14B-Instruct\semantic\seed_999\dolly\shadow_kv\benchmark_hf_Qwen_Qwen2_5-14B-Instruct_public_dataset_dolly_semantic_cuda.json"
"Qwen_Qwen2_5-14B-Instruct","Qwen/Qwen2.5-14B-Instruct","dolly","semantic","shadow_kv_plus","999","1.08482994578361","0.944094570200725","14.6303393688421","8.19874196381622","0.9921875","127","16256","0.0","raw_results\Qwen_Qwen2_5-14B-Instruct\semantic\seed_999\dolly\shadow_kv_plus\benchmark_hf_Qwen_Qwen2_5-14B-Instruct_public_dataset_dolly_semantic_cuda.json"
"Qwen_Qwen2_5-14B-Instruct","Qwen/Qwen2.5-14B-Instruct","oasst1","semantic","shadow_kv","42","1.0002392958009","1.00090725947619","1.01840152933851","1.0904593863986","0.0","0","0","0.0","raw_results\Qwen_Qwen2_5-14B-Instruct\semantic\seed_42\oasst1\shadow_kv\benchmark_hf_Qwen_Qwen2.5-14B-Instruct_public_dataset_oasst1_semantic_cuda.json"
"Qwen_Qwen2_5-14B-Instruct","Qwen/Qwen2.5-14B-Instruct","oasst1","semantic","shadow_kv_plus","42","1.05294913271791","0.934247975963551","10.9676763972332","12.6327765074338","0.9921875","127","16256","0.0","raw_results\Qwen_Qwen2_5-14B-Instruct\semantic\seed_42\oasst1\shadow_kv_plus\benchmark_hf_Qwen_Qwen2.5-14B-Instruct_public_dataset_oasst1_semantic_cuda.json"
"Qwen_Qwen2_5-14B-Instruct","Qwen/Qwen2.5-14B-Instruct","oasst1","semantic","shadow_kv","123","1.00514516538013","0.977046768654414","5.67748843130974","-3.25133737471249","0.0","0","0","0.0","raw_results\Qwen_Qwen2_5-14B-Instruct\semantic\seed_123\oasst1\shadow_kv\benchmark_hf_Qwen_Qwen2_5-14B-Instruct_public_dataset_oasst1_semantic_cuda.json"
"Qwen_Qwen2_5-14B-Instruct","Qwen/Qwen2.5-14B-Instruct","oasst1","semantic","shadow_kv_plus","123","1.09234148284816","0.869167855504211","11.6103966126839","11.2229277573645","0.9921875","127","16256","0.0","raw_results\Qwen_Qwen2_5-14B-Instruct\semantic\seed_123\oasst1\shadow_kv_plus\benchmark_hf_Qwen_Qwen2_5-14B-Instruct_public_dataset_oasst1_semantic_cuda.json"
"Qwen_Qwen2_5-14B-Instruct","Qwen/Qwen2.5-14B-Instruct","oasst1","semantic","shadow_kv","456","1.07075778950431","0.977898074370764","3.78107916961009","-3.05755087239719","0.0","0","0","0.0","raw_results\Qwen_Qwen2_5-14B-Instruct\semantic\seed_456\oasst1\shadow_kv\benchmark_hf_Qwen_Qwen2_5-14B-Instruct_public_dataset_oasst1_semantic_cuda.json"
"Qwen_Qwen2_5-14B-Instruct","Qwen/Qwen2.5-14B-Instruct","oasst1","semantic","shadow_kv_plus","456","1.13210065411601","0.90590174241644","16.6756957526129","12.9816591287482","0.9921875","127","16256","0.0","raw_results\Qwen_Qwen2_5-14B-Instruct\semantic\seed_456\oasst1\shadow_kv_plus\benchmark_hf_Qwen_Qwen2_5-14B-Instruct_public_dataset_oasst1_semantic_cuda.json"
"Qwen_Qwen2_5-14B-Instruct","Qwen/Qwen2.5-14B-Instruct","oasst1","semantic","shadow_kv","789","1.01192423568621","1.05559558178783","3.82669853639857","-2.02482512660844","0.0","0","0","0.0","raw_results\Qwen_Qwen2_5-14B-Instruct\semantic\seed_789\oasst1\shadow_kv\benchmark_hf_Qwen_Qwen2_5-14B-Instruct_public_dataset_oasst1_semantic_cuda.json"
"Qwen_Qwen2_5-14B-Instruct","Qwen/Qwen2.5-14B-Instruct","oasst1","semantic","shadow_kv_plus","789","1.11126907363373","0.945853247354777","15.0807896960765","9.03396920532628","0.9921875","127","16256","0.0","raw_results\Qwen_Qwen2_5-14B-Instruct\semantic\seed_789\oasst1\shadow_kv_plus\benchmark_hf_Qwen_Qwen2_5-14B-Instruct_public_dataset_oasst1_semantic_cuda.json"
"Qwen_Qwen2_5-14B-Instruct","Qwen/Qwen2.5-14B-Instruct","oasst1","semantic","shadow_kv","999","1.04203283461995","1.03171986111742","0.945496633193031","2.3897052192808","0.0","0","0","0.0","raw_results\Qwen_Qwen2_5-14B-Instruct\semantic\seed_999\oasst1\shadow_kv\benchmark_hf_Qwen_Qwen2_5-14B-Instruct_public_dataset_oasst1_semantic_cuda.json"
"Qwen_Qwen2_5-14B-Instruct","Qwen/Qwen2.5-14B-Instruct","oasst1","semantic","shadow_kv_plus","999","1.055526523608","0.920339729091035","8.47154256397602","14.181310579214","0.9921875","127","16256","0.0","raw_results\Qwen_Qwen2_5-14B-Instruct\semantic\seed_999\oasst1\shadow_kv_plus\benchmark_hf_Qwen_Qwen2_5-14B-Instruct_public_dataset_oasst1_semantic_cuda.json"
"Qwen_Qwen2_5-14B-Instruct","Qwen/Qwen2.5-14B-Instruct","samsum","semantic","shadow_kv","42","1.00006244566237","1.00004139054879","1.43892356913447","1.86821293245864","0.0","0","0","0.0","raw_results\Qwen_Qwen2_5-14B-Instruct\semantic\seed_42\samsum\shadow_kv\benchmark_hf_Qwen_Qwen2.5-14B-Instruct_public_dataset_samsum_semantic_cuda.json"
"Qwen_Qwen2_5-14B-Instruct","Qwen/Qwen2.5-14B-Instruct","samsum","semantic","shadow_kv_plus","42","1.03496636625589","1.03011990276337","8.86499489142173","10.4331161333993","0.9921875","127","16256","0.0","raw_results\Qwen_Qwen2_5-14B-Instruct\semantic\seed_42\samsum\shadow_kv_plus\benchmark_hf_Qwen_Qwen2.5-14B-Instruct_public_dataset_samsum_semantic_cuda.json"
"Qwen_Qwen2_5-14B-Instruct","Qwen/Qwen2.5-14B-Instruct","samsum","semantic","shadow_kv","123","0.969672754984987","1.00268313149959","1.3137467069212","-2.95887782858078","0.0","0","0","0.0","raw_results\Qwen_Qwen2_5-14B-Instruct\semantic\seed_123\samsum\shadow_kv\benchmark_hf_Qwen_Qwen2_5-14B-Instruct_public_dataset_samsum_semantic_cuda.json"
"Qwen_Qwen2_5-14B-Instruct","Qwen/Qwen2.5-14B-Instruct","samsum","semantic","shadow_kv_plus","123","1.02915318651848","0.935955323609433","7.61519878958355","4.77705415688973","0.9921875","127","16256","0.0","raw_results\Qwen_Qwen2_5-14B-Instruct\semantic\seed_123\samsum\shadow_kv_plus\benchmark_hf_Qwen_Qwen2_5-14B-Instruct_public_dataset_samsum_semantic_cuda.json"
"Qwen_Qwen2_5-14B-Instruct","Qwen/Qwen2.5-14B-Instruct","samsum","semantic","shadow_kv","456","0.97131326078698","0.927514712108146","6.01904783933575","2.76081698055193","0.0","0","0","0.0","raw_results\Qwen_Qwen2_5-14B-Instruct\semantic\seed_456\samsum\shadow_kv\benchmark_hf_Qwen_Qwen2_5-14B-Instruct_public_dataset_samsum_semantic_cuda.json"
"Qwen_Qwen2_5-14B-Instruct","Qwen/Qwen2.5-14B-Instruct","samsum","semantic","shadow_kv_plus","456","1.06164151148179","1.02019220996378","7.35950614203996","10.1942955313121","0.9921875","127","16256","0.0","raw_results\Qwen_Qwen2_5-14B-Instruct\semantic\seed_456\samsum\shadow_kv_plus\benchmark_hf_Qwen_Qwen2_5-14B-Instruct_public_dataset_samsum_semantic_cuda.json"
"Qwen_Qwen2_5-14B-Instruct","Qwen/Qwen2.5-14B-Instruct","samsum","semantic","shadow_kv","789","1.03158019943331","0.941086084233691","-1.18280999723013","1.52841777200283","0.0","0","0","0.0","raw_results\Qwen_Qwen2_5-14B-Instruct\semantic\seed_789\samsum\shadow_kv\benchmark_hf_Qwen_Qwen2_5-14B-Instruct_public_dataset_samsum_semantic_cuda.json"
"Qwen_Qwen2_5-14B-Instruct","Qwen/Qwen2.5-14B-Instruct","samsum","semantic","shadow_kv_plus","789","1.0344232393917","0.995336367058936","9.48714891440537","7.67878999285498","0.9921875","127","16256","0.0","raw_results\Qwen_Qwen2_5-14B-Instruct\semantic\seed_789\samsum\shadow_kv_plus\benchmark_hf_Qwen_Qwen2_5-14B-Instruct_public_dataset_samsum_semantic_cuda.json"
"Qwen_Qwen2_5-14B-Instruct","Qwen/Qwen2.5-14B-Instruct","samsum","semantic","shadow_kv","999","0.981828533524723","0.994571069507936","3.78248625821592","3.32562620170696","0.0","0","0","0.0","raw_results\Qwen_Qwen2_5-14B-Instruct\semantic\seed_999\samsum\shadow_kv\benchmark_hf_Qwen_Qwen2_5-14B-Instruct_public_dataset_samsum_semantic_cuda.json"
"Qwen_Qwen2_5-14B-Instruct","Qwen/Qwen2.5-14B-Instruct","samsum","semantic","shadow_kv_plus","999","1.03501775237968","1.0182203587375","8.10698823394812","12.0761356849393","0.9921875","127","16256","0.0","raw_results\Qwen_Qwen2_5-14B-Instruct\semantic\seed_999\samsum\shadow_kv_plus\benchmark_hf_Qwen_Qwen2_5-14B-Instruct_public_dataset_samsum_semantic_cuda.json"
"Qwen_Qwen2_5-14B-Instruct","Qwen/Qwen2.5-14B-Instruct","ultrachat","semantic","shadow_kv","42","0.999972396686099","0.998705698818408","0.382618184339749","0.722223906781379","0.0","0","0","0.0","raw_results\Qwen_Qwen2_5-14B-Instruct\semantic\seed_42\ultrachat\shadow_kv\benchmark_hf_Qwen_Qwen2.5-14B-Instruct_public_dataset_ultrachat_semantic_cuda.json"
"Qwen_Qwen2_5-14B-Instruct","Qwen/Qwen2.5-14B-Instruct","ultrachat","semantic","shadow_kv_plus","42","1.00668218165515","1.0273460899114","5.04392546165456","6.13747005351556","0.9921875","127","16256","0.0","raw_results\Qwen_Qwen2_5-14B-Instruct\semantic\seed_42\ultrachat\shadow_kv_plus\benchmark_hf_Qwen_Qwen2.5-14B-Instruct_public_dataset_ultrachat_semantic_cuda.json"
"Qwen_Qwen2_5-14B-Instruct","Qwen/Qwen2.5-14B-Instruct","ultrachat","semantic","shadow_kv","123","0.965526045321849","1.02145251046919","6.02245351697731","6.23000176249435","0.0","0","0","0.0","raw_results\Qwen_Qwen2_5-14B-Instruct\semantic\seed_123\ultrachat\shadow_kv\benchmark_hf_Qwen_Qwen2_5-14B-Instruct_public_dataset_ultrachat_semantic_cuda.json"
"Qwen_Qwen2_5-14B-Instruct","Qwen/Qwen2.5-14B-Instruct","ultrachat","semantic","shadow_kv_plus","123","0.973206158214719","1.0576934715425","6.18059616390322","5.82182372350001","0.9921875","127","16256","0.0","raw_results\Qwen_Qwen2_5-14B-Instruct\semantic\seed_123\ultrachat\shadow_kv_plus\benchmark_hf_Qwen_Qwen2_5-14B-Instruct_public_dataset_ultrachat_semantic_cuda.json"
"Qwen_Qwen2_5-14B-Instruct","Qwen/Qwen2.5-14B-Instruct","ultrachat","semantic","shadow_kv","456","0.967329841820527","1.00022040510803","2.75824879593217","4.43621040178391","0.0","0","0","0.0","raw_results\Qwen_Qwen2_5-14B-Instruct\semantic\seed_456\ultrachat\shadow_kv\benchmark_hf_Qwen_Qwen2_5-14B-Instruct_public_dataset_ultrachat_semantic_cuda.json"
"Qwen_Qwen2_5-14B-Instruct","Qwen/Qwen2.5-14B-Instruct","ultrachat","semantic","shadow_kv_plus","456","0.973763419193528","1.04265804962004","1.4576528351444","12.2538430210715","0.9921875","127","16256","0.0","raw_results\Qwen_Qwen2_5-14B-Instruct\semantic\seed_456\ultrachat\shadow_kv_plus\benchmark_hf_Qwen_Qwen2_5-14B-Instruct_public_dataset_ultrachat_semantic_cuda.json"
"Qwen_Qwen2_5-14B-Instruct","Qwen/Qwen2.5-14B-Instruct","ultrachat","semantic","shadow_kv","789","1.00378289619283","1.05693030885627","-1.73003322202702","3.41754894851341","0.0","0","0","0.0","raw_results\Qwen_Qwen2_5-14B-Instruct\semantic\seed_789\ultrachat\shadow_kv\benchmark_hf_Qwen_Qwen2_5-14B-Instruct_public_dataset_ultrachat_semantic_cuda.json"
"Qwen_Qwen2_5-14B-Instruct","Qwen/Qwen2.5-14B-Instruct","ultrachat","semantic","shadow_kv_plus","789","0.963457977034819","1.07475945195676","4.41529134373568","14.2617444276644","0.9921875","127","16256","0.0","raw_results\Qwen_Qwen2_5-14B-Instruct\semantic\seed_789\ultrachat\shadow_kv_plus\benchmark_hf_Qwen_Qwen2_5-14B-Instruct_public_dataset_ultrachat_semantic_cuda.json"
"Qwen_Qwen2_5-14B-Instruct","Qwen/Qwen2.5-14B-Instruct","ultrachat","semantic","shadow_kv","999","0.962405426827025","1.06149527017207","-3.48524418090719","-3.00308752398565","0.0","0","0","0.0","raw_results\Qwen_Qwen2_5-14B-Instruct\semantic\seed_999\ultrachat\shadow_kv\benchmark_hf_Qwen_Qwen2_5-14B-Instruct_public_dataset_ultrachat_semantic_cuda.json"
"Qwen_Qwen2_5-14B-Instruct","Qwen/Qwen2.5-14B-Instruct","ultrachat","semantic","shadow_kv_plus","999","0.995034026488316","1.00640186285232","2.52961302268204","0.785111457454335","0.9921875","127","16256","0.0","raw_results\Qwen_Qwen2_5-14B-Instruct\semantic\seed_999\ultrachat\shadow_kv_plus\benchmark_hf_Qwen_Qwen2_5-14B-Instruct_public_dataset_ultrachat_semantic_cuda.json"
"Qwen_Qwen2_5-14B-Instruct","Qwen/Qwen2.5-14B-Instruct","xsum","semantic","shadow_kv","42","1.00203731665329","1.00283472493361","-0.0897422497684729","0.157400331884047","0.0","0","0","0.0","raw_results\Qwen_Qwen2_5-14B-Instruct\semantic\seed_42\xsum\shadow_kv\benchmark_hf_Qwen_Qwen2.5-14B-Instruct_public_dataset_xsum_semantic_cuda.json"
"Qwen_Qwen2_5-14B-Instruct","Qwen/Qwen2.5-14B-Instruct","xsum","semantic","shadow_kv_plus","42","1.00100405202367","0.935071212853759","2.64127496168204","4.31169639501501","0.9921875","127","16256","0.0","raw_results\Qwen_Qwen2_5-14B-Instruct\semantic\seed_42\xsum\shadow_kv_plus\benchmark_hf_Qwen_Qwen2.5-14B-Instruct_public_dataset_xsum_semantic_cuda.json"
"Qwen_Qwen2_5-14B-Instruct","Qwen/Qwen2.5-14B-Instruct","xsum","semantic","shadow_kv","123","1.02989638491608","1.00106902990975","9.20984011775498","0.574570739396444","0.0","0","0","0.0","raw_results\Qwen_Qwen2_5-14B-Instruct\semantic\seed_123\xsum\shadow_kv\benchmark_hf_Qwen_Qwen2_5-14B-Instruct_public_dataset_xsum_semantic_cuda.json"
"Qwen_Qwen2_5-14B-Instruct","Qwen/Qwen2.5-14B-Instruct","xsum","semantic","shadow_kv_plus","123","0.943069916866717","0.925680764628755","2.1033475108127","2.28553444374352","0.9921875","127","16256","0.0","raw_results\Qwen_Qwen2_5-14B-Instruct\semantic\seed_123\xsum\shadow_kv_plus\benchmark_hf_Qwen_Qwen2_5-14B-Instruct_public_dataset_xsum_semantic_cuda.json"
"Qwen_Qwen2_5-14B-Instruct","Qwen/Qwen2.5-14B-Instruct","xsum","semantic","shadow_kv","456","1.01917388748668","0.984061690233783","2.45670873027332","4.86643425362885","0.0","0","0","0.0","raw_results\Qwen_Qwen2_5-14B-Instruct\semantic\seed_456\xsum\shadow_kv\benchmark_hf_Qwen_Qwen2_5-14B-Instruct_public_dataset_xsum_semantic_cuda.json"
"Qwen_Qwen2_5-14B-Instruct","Qwen/Qwen2.5-14B-Instruct","xsum","semantic","shadow_kv_plus","456","1.05531452926817","0.945681789528841","4.94101907736901","-1.58529350024021","0.9921875","127","16256","0.0","raw_results\Qwen_Qwen2_5-14B-Instruct\semantic\seed_456\xsum\shadow_kv_plus\benchmark_hf_Qwen_Qwen2_5-14B-Instruct_public_dataset_xsum_semantic_cuda.json"
"Qwen_Qwen2_5-14B-Instruct","Qwen/Qwen2.5-14B-Instruct","xsum","semantic","shadow_kv","789","0.970838188221963","0.976461248959131","1.18383349639752","-0.521553823269425","0.0","0","0","0.0","raw_results\Qwen_Qwen2_5-14B-Instruct\semantic\seed_789\xsum\shadow_kv\benchmark_hf_Qwen_Qwen2_5-14B-Instruct_public_dataset_xsum_semantic_cuda.json"
"Qwen_Qwen2_5-14B-Instruct","Qwen/Qwen2.5-14B-Instruct","xsum","semantic","shadow_kv_plus","789","0.957882440013943","0.865352930871144","3.90704638391236","8.74014035440377","0.9921875","127","16256","0.0","raw_results\Qwen_Qwen2_5-14B-Instruct\semantic\seed_789\xsum\shadow_kv_plus\benchmark_hf_Qwen_Qwen2_5-14B-Instruct_public_dataset_xsum_semantic_cuda.json"
"Qwen_Qwen2_5-14B-Instruct","Qwen/Qwen2.5-14B-Instruct","xsum","semantic","shadow_kv","999","1.11693375879379","1.02333136253536","-7.77100971712913","-3.98877050334792","0.0","0","0","0.0","raw_results\Qwen_Qwen2_5-14B-Instruct\semantic\seed_999\xsum\shadow_kv\benchmark_hf_Qwen_Qwen2_5-14B-Instruct_public_dataset_xsum_semantic_cuda.json"
"Qwen_Qwen2_5-14B-Instruct","Qwen/Qwen2.5-14B-Instruct","xsum","semantic","shadow_kv_plus","999","1.03788673206641","0.967838039229261","-6.26612355216105","-0.0984807823342972","0.9921875","127","16256","0.0","raw_results\Qwen_Qwen2_5-14B-Instruct\semantic\seed_999\xsum\shadow_kv_plus\benchmark_hf_Qwen_Qwen2_5-14B-Instruct_public_dataset_xsum_semantic_cuda.json"
"Qwen_Qwen2_5-32B-Instruct","Qwen/Qwen2.5-32B-Instruct","ag_news","semantic","shadow_kv","42","0.99398299524782","0.993106873427598","-1.35842102564002","2.44516614780152","0.0","0","0","0.0","raw_results\Qwen_Qwen2_5-32B-Instruct\semantic\seed_42\ag_news\shadow_kv\benchmark_hf_Qwen_Qwen2.5-32B-Instruct_public_dataset_ag_news_semantic_cuda.json"
"Qwen_Qwen2_5-32B-Instruct","Qwen/Qwen2.5-32B-Instruct","ag_news","semantic","shadow_kv_plus","42","1.12733923595961","1.15074314170074","12.2873469890406","16.2984167461755","0.9921875","127","16256","0.0","raw_results\Qwen_Qwen2_5-32B-Instruct\semantic\seed_42\ag_news\shadow_kv_plus\benchmark_hf_Qwen_Qwen2.5-32B-Instruct_public_dataset_ag_news_semantic_cuda.json"
"Qwen_Qwen2_5-32B-Instruct","Qwen/Qwen2.5-32B-Instruct","ag_news","semantic","shadow_kv","123","1.03146871810784","0.936785374500601","-6.44277393392157","-2.80033306454967","0.0","0","0","0.0","raw_results\Qwen_Qwen2_5-32B-Instruct\semantic\seed_123\ag_news\shadow_kv\benchmark_hf_Qwen_Qwen2_5-32B-Instruct_public_dataset_ag_news_semantic_cuda.json"
"Qwen_Qwen2_5-32B-Instruct","Qwen/Qwen2.5-32B-Instruct","ag_news","semantic","shadow_kv_plus","123","1.1231489206464","1.06887382938522","9.74527817570164","7.43592276439435","0.9921875","127","16256","0.0","raw_results\Qwen_Qwen2_5-32B-Instruct\semantic\seed_123\ag_news\shadow_kv_plus\benchmark_hf_Qwen_Qwen2_5-32B-Instruct_public_dataset_ag_news_semantic_cuda.json"
"Qwen_Qwen2_5-32B-Instruct","Qwen/Qwen2.5-32B-Instruct","ag_news","semantic","shadow_kv","456","1.0088167586273","1.01367227197455","1.49731873279615","-2.29628892163966","0.0","0","0","0.0","raw_results\Qwen_Qwen2_5-32B-Instruct\semantic\seed_456\ag_news\shadow_kv\benchmark_hf_Qwen_Qwen2_5-32B-Instruct_public_dataset_ag_news_semantic_cuda.json"
"Qwen_Qwen2_5-32B-Instruct","Qwen/Qwen2.5-32B-Instruct","ag_news","semantic","shadow_kv_plus","456","1.13164134638954","1.13312760514502","13.630227478833","14.9820102158555","0.9921875","127","16256","0.0","raw_results\Qwen_Qwen2_5-32B-Instruct\semantic\seed_456\ag_news\shadow_kv_plus\benchmark_hf_Qwen_Qwen2_5-32B-Instruct_public_dataset_ag_news_semantic_cuda.json"
"Qwen_Qwen2_5-32B-Instruct","Qwen/Qwen2.5-32B-Instruct","ag_news","semantic","shadow_kv","789","0.99789061860673","1.0107872855589","-4.38370777324683","-1.32205396620899","0.0","0","0","0.0","raw_results\Qwen_Qwen2_5-32B-Instruct\semantic\seed_789\ag_news\shadow_kv\benchmark_hf_Qwen_Qwen2_5-32B-Instruct_public_dataset_ag_news_semantic_cuda.json"
"Qwen_Qwen2_5-32B-Instruct","Qwen/Qwen2.5-32B-Instruct","ag_news","semantic","shadow_kv_plus","789","1.13705416216737","1.09146759463313","13.5936880514122","18.04280783714","0.9921875","127","16256","0.0","raw_results\Qwen_Qwen2_5-32B-Instruct\semantic\seed_789\ag_news\shadow_kv_plus\benchmark_hf_Qwen_Qwen2_5-32B-Instruct_public_dataset_ag_news_semantic_cuda.json"
"Qwen_Qwen2_5-32B-Instruct","Qwen/Qwen2.5-32B-Instruct","ag_news","semantic","shadow_kv","999","0.966676030518538","1.08609992515739","4.66549074555791","7.8416116970174","0.0","0","0","0.0","raw_results\Qwen_Qwen2_5-32B-Instruct\semantic\seed_999\ag_news\shadow_kv\benchmark_hf_Qwen_Qwen2_5-32B-Instruct_public_dataset_ag_news_semantic_cuda.json"
"Qwen_Qwen2_5-32B-Instruct","Qwen/Qwen2.5-32B-Instruct","ag_news","semantic","shadow_kv_plus","999","1.05945733840363","1.13818785569535","16.9759155081361","16.4548288092824","0.9921875","127","16256","0.0","raw_results\Qwen_Qwen2_5-32B-Instruct\semantic\seed_999\ag_news\shadow_kv_plus\benchmark_hf_Qwen_Qwen2_5-32B-Instruct_public_dataset_ag_news_semantic_cuda.json"
"Qwen_Qwen2_5-32B-Instruct","Qwen/Qwen2.5-32B-Instruct","alpaca_eval","semantic","shadow_kv","42","0.998948664661014","0.998443117897092","0.45127143418738","1.17510184790914","0.0","0","0","0.0","raw_results\Qwen_Qwen2_5-32B-Instruct\semantic\seed_42\alpaca_eval\shadow_kv\benchmark_hf_Qwen_Qwen2.5-32B-Instruct_public_dataset_alpaca_eval_semantic_cuda.json"
"Qwen_Qwen2_5-32B-Instruct","Qwen/Qwen2.5-32B-Instruct","alpaca_eval","semantic","shadow_kv_plus","42","1.13538986553824","1.15573559607869","13.7373580453372","14.0148723858752","0.9921875","127","16256","0.0","raw_results\Qwen_Qwen2_5-32B-Instruct\semantic\seed_42\alpaca_eval\shadow_kv_plus\benchmark_hf_Qwen_Qwen2.5-32B-Instruct_public_dataset_alpaca_eval_semantic_cuda.json"
"Qwen_Qwen2_5-32B-Instruct","Qwen/Qwen2.5-32B-Instruct","alpaca_eval","semantic","shadow_kv","123","0.915991528015389","0.966838995152178","-1.15530942091468","0.183192934106314","0.0","0","0","0.0","raw_results\Qwen_Qwen2_5-32B-Instruct\semantic\seed_123\alpaca_eval\shadow_kv\benchmark_hf_Qwen_Qwen2_5-32B-Instruct_public_dataset_alpaca_eval_semantic_cuda.json"
"Qwen_Qwen2_5-32B-Instruct","Qwen/Qwen2.5-32B-Instruct","alpaca_eval","semantic","shadow_kv_plus","123","1.0599780552593","1.13186424286206","15.4507099042719","15.2877638747891","0.9921875","127","16256","0.0","raw_results\Qwen_Qwen2_5-32B-Instruct\semantic\seed_123\alpaca_eval\shadow_kv_plus\benchmark_hf_Qwen_Qwen2_5-32B-Instruct_public_dataset_alpaca_eval_semantic_cuda.json"
"Qwen_Qwen2_5-32B-Instruct","Qwen/Qwen2.5-32B-Instruct","alpaca_eval","semantic","shadow_kv","456","1.04231984990523","0.984925800035856","4.26479825244733","4.04345845119359","0.0","0","0","0.0","raw_results\Qwen_Qwen2_5-32B-Instruct\semantic\seed_456\alpaca_eval\shadow_kv\benchmark_hf_Qwen_Qwen2_5-32B-Instruct_public_dataset_alpaca_eval_semantic_cuda.json"
"Qwen_Qwen2_5-32B-Instruct","Qwen/Qwen2.5-32B-Instruct","alpaca_eval","semantic","shadow_kv_plus","456","1.15022143570238","1.22900661639189","16.4467864128716","13.1935774125047","0.9921875","127","16256","0.0","raw_results\Qwen_Qwen2_5-32B-Instruct\semantic\seed_456\alpaca_eval\shadow_kv_plus\benchmark_hf_Qwen_Qwen2_5-32B-Instruct_public_dataset_alpaca_eval_semantic_cuda.json"
"Qwen_Qwen2_5-32B-Instruct","Qwen/Qwen2.5-32B-Instruct","alpaca_eval","semantic","shadow_kv","789","1.01685003987758","1.06277917040158","1.8513806164112","0.707469018070609","0.0","0","0","0.0","raw_results\Qwen_Qwen2_5-32B-Instruct\semantic\seed_789\alpaca_eval\shadow_kv\benchmark_hf_Qwen_Qwen2_5-32B-Instruct_public_dataset_alpaca_eval_semantic_cuda.json"
"Qwen_Qwen2_5-32B-Instruct","Qwen/Qwen2.5-32B-Instruct","alpaca_eval","semantic","shadow_kv_plus","789","1.15088872637088","1.20879728736881","10.7617049662592","11.3678778756525","0.9921875","127","16256","0.0","raw_results\Qwen_Qwen2_5-32B-Instruct\semantic\seed_789\alpaca_eval\shadow_kv_plus\benchmark_hf_Qwen_Qwen2_5-32B-Instruct_public_dataset_alpaca_eval_semantic_cuda.json"
"Qwen_Qwen2_5-32B-Instruct","Qwen/Qwen2.5-32B-Instruct","alpaca_eval","semantic","shadow_kv","999","1.07202720747417","0.99740267024036","8.01741888619613","0.561822174558652","0.0","0","0","0.0","raw_results\Qwen_Qwen2_5-32B-Instruct\semantic\seed_999\alpaca_eval\shadow_kv\benchmark_hf_Qwen_Qwen2_5-32B-Instruct_public_dataset_alpaca_eval_semantic_cuda.json"
"Qwen_Qwen2_5-32B-Instruct","Qwen/Qwen2.5-32B-Instruct","alpaca_eval","semantic","shadow_kv_plus","999","1.10981578107545","1.08948513937918","13.4548867351977","15.7731664814193","0.9921875","127","16256","0.0","raw_results\Qwen_Qwen2_5-32B-Instruct\semantic\seed_999\alpaca_eval\shadow_kv_plus\benchmark_hf_Qwen_Qwen2_5-32B-Instruct_public_dataset_alpaca_eval_semantic_cuda.json"
"Qwen_Qwen2_5-32B-Instruct","Qwen/Qwen2.5-32B-Instruct","banking77","semantic","shadow_kv","42","0.998833301703661","1.00168543302961","0.219401160400421","1.30989698867001","0.0","0","0","0.0","raw_results\Qwen_Qwen2_5-32B-Instruct\semantic\seed_42\banking77\shadow_kv\benchmark_hf_Qwen_Qwen2.5-32B-Instruct_public_dataset_banking77_semantic_cuda.json"
"Qwen_Qwen2_5-32B-Instruct","Qwen/Qwen2.5-32B-Instruct","banking77","semantic","shadow_kv_plus","42","1.13248824134168","1.16017300243637","13.3586284379412","14.5940936833221","0.9921875","127","16256","0.0","raw_results\Qwen_Qwen2_5-32B-Instruct\semantic\seed_42\banking77\shadow_kv_plus\benchmark_hf_Qwen_Qwen2.5-32B-Instruct_public_dataset_banking77_semantic_cuda.json"
"Qwen_Qwen2_5-32B-Instruct","Qwen/Qwen2.5-32B-Instruct","banking77","semantic","shadow_kv","123","0.97591788358612","0.965044379666741","-1.76226716259999","-4.13163889634133","0.0","0","0","0.0","raw_results\Qwen_Qwen2_5-32B-Instruct\semantic\seed_123\banking77\shadow_kv\benchmark_hf_Qwen_Qwen2_5-32B-Instruct_public_dataset_banking77_semantic_cuda.json"
"Qwen_Qwen2_5-32B-Instruct","Qwen/Qwen2.5-32B-Instruct","banking77","semantic","shadow_kv_plus","123","1.23699347092233","1.09831279242725","10.945208620052","14.4985304411136","0.9921875","127","16256","0.0","raw_results\Qwen_Qwen2_5-32B-Instruct\semantic\seed_123\banking77\shadow_kv_plus\benchmark_hf_Qwen_Qwen2_5-32B-Instruct_public_dataset_banking77_semantic_cuda.json"
"Qwen_Qwen2_5-32B-Instruct","Qwen/Qwen2.5-32B-Instruct","banking77","semantic","shadow_kv","456","1.01892893737148","1.04988606733111","-0.607770894107246","6.96959604823123","0.0","0","0","0.0","raw_results\Qwen_Qwen2_5-32B-Instruct\semantic\seed_456\banking77\shadow_kv\benchmark_hf_Qwen_Qwen2_5-32B-Instruct_public_dataset_banking77_semantic_cuda.json"
"Qwen_Qwen2_5-32B-Instruct","Qwen/Qwen2.5-32B-Instruct","banking77","semantic","shadow_kv_plus","456","1.22473231727517","1.16258796951159","12.1156964061622","18.6101348400865","0.9921875","127","16256","0.0","raw_results\Qwen_Qwen2_5-32B-Instruct\semantic\seed_456\banking77\shadow_kv_plus\benchmark_hf_Qwen_Qwen2_5-32B-Instruct_public_dataset_banking77_semantic_cuda.json"
"Qwen_Qwen2_5-32B-Instruct","Qwen/Qwen2.5-32B-Instruct","banking77","semantic","shadow_kv","789","1.06024865411386","1.05887779586386","-3.33336450719456","0.955376966882022","0.0","0","0","0.0","raw_results\Qwen_Qwen2_5-32B-Instruct\semantic\seed_789\banking77\shadow_kv\benchmark_hf_Qwen_Qwen2_5-32B-Instruct_public_dataset_banking77_semantic_cuda.json"
"Qwen_Qwen2_5-32B-Instruct","Qwen/Qwen2.5-32B-Instruct","banking77","semantic","shadow_kv_plus","789","1.09384093752125","1.18909306344344","6.6762799625986","12.4887463113785","0.9921875","127","16256","0.0","raw_results\Qwen_Qwen2_5-32B-Instruct\semantic\seed_789\banking77\shadow_kv_plus\benchmark_hf_Qwen_Qwen2_5-32B-Instruct_public_dataset_banking77_semantic_cuda.json"
"Qwen_Qwen2_5-32B-Instruct","Qwen/Qwen2.5-32B-Instruct","banking77","semantic","shadow_kv","999","0.98305132575759","1.03826713863714","2.01810773042832","0.295424931560013","0.0","0","0","0.0","raw_results\Qwen_Qwen2_5-32B-Instruct\semantic\seed_999\banking77\shadow_kv\benchmark_hf_Qwen_Qwen2_5-32B-Instruct_public_dataset_banking77_semantic_cuda.json"
"Qwen_Qwen2_5-32B-Instruct","Qwen/Qwen2.5-32B-Instruct","banking77","semantic","shadow_kv_plus","999","1.10643155789669","1.14845279158751","18.7872123709456","14.8777842724565","0.9921875","127","16256","0.0","raw_results\Qwen_Qwen2_5-32B-Instruct\semantic\seed_999\banking77\shadow_kv_plus\benchmark_hf_Qwen_Qwen2_5-32B-Instruct_public_dataset_banking77_semantic_cuda.json"
"Qwen_Qwen2_5-32B-Instruct","Qwen/Qwen2.5-32B-Instruct","cnn_dailymail","semantic","shadow_kv","42","0.997607386833681","0.996122703848539","-0.538568751760336","0.399234825199548","0.0","0","0","0.0","raw_results\Qwen_Qwen2_5-32B-Instruct\semantic\seed_42\cnn_dailymail\shadow_kv\benchmark_hf_Qwen_Qwen2.5-32B-Instruct_public_dataset_cnn_dailymail_semantic_cuda.json"
"Qwen_Qwen2_5-32B-Instruct","Qwen/Qwen2.5-32B-Instruct","cnn_dailymail","semantic","shadow_kv_plus","42","1.05694466074454","1.00661333433362","5.80835292757445","6.54761817805046","0.9921875","127","16256","0.0","raw_results\Qwen_Qwen2_5-32B-Instruct\semantic\seed_42\cnn_dailymail\shadow_kv_plus\benchmark_hf_Qwen_Qwen2.5-32B-Instruct_public_dataset_cnn_dailymail_semantic_cuda.json"
"Qwen_Qwen2_5-32B-Instruct","Qwen/Qwen2.5-32B-Instruct","cnn_dailymail","semantic","shadow_kv","123","0.99043375017001","0.963628537697765","1.22999793111039","7.25827819996504","0.0","0","0","0.0","raw_results\Qwen_Qwen2_5-32B-Instruct\semantic\seed_123\cnn_dailymail\shadow_kv\benchmark_hf_Qwen_Qwen2_5-32B-Instruct_public_dataset_cnn_dailymail_semantic_cuda.json"
"Qwen_Qwen2_5-32B-Instruct","Qwen/Qwen2.5-32B-Instruct","cnn_dailymail","semantic","shadow_kv_plus","123","1.07205224764525","0.988455904093904","10.7838408510402","8.58412650360298","0.9921875","127","16256","0.0","raw_results\Qwen_Qwen2_5-32B-Instruct\semantic\seed_123\cnn_dailymail\shadow_kv_plus\benchmark_hf_Qwen_Qwen2_5-32B-Instruct_public_dataset_cnn_dailymail_semantic_cuda.json"
"Qwen_Qwen2_5-32B-Instruct","Qwen/Qwen2.5-32B-Instruct","cnn_dailymail","semantic","shadow_kv","456","1.03994007983777","0.986183558203957","1.81704013166897","-7.60586264508179","0.0","0","0","0.0","raw_results\Qwen_Qwen2_5-32B-Instruct\semantic\seed_456\cnn_dailymail\shadow_kv\benchmark_hf_Qwen_Qwen2_5-32B-Instruct_public_dataset_cnn_dailymail_semantic_cuda.json"
"Qwen_Qwen2_5-32B-Instruct","Qwen/Qwen2.5-32B-Instruct","cnn_dailymail","semantic","shadow_kv_plus","456","1.04710942687085","0.967678904386351","8.80704078452011","1.85455882638836","0.9921875","127","16256","0.0","raw_results\Qwen_Qwen2_5-32B-Instruct\semantic\seed_456\cnn_dailymail\shadow_kv_plus\benchmark_hf_Qwen_Qwen2_5-32B-Instruct_public_dataset_cnn_dailymail_semantic_cuda.json"
"Qwen_Qwen2_5-32B-Instruct","Qwen/Qwen2.5-32B-Instruct","cnn_dailymail","semantic","shadow_kv","789","0.982669279502622","0.998934169441328","1.33356927362515","-2.11137544549694","0.0","0","0","0.0","raw_results\Qwen_Qwen2_5-32B-Instruct\semantic\seed_789\cnn_dailymail\shadow_kv\benchmark_hf_Qwen_Qwen2_5-32B-Instruct_public_dataset_cnn_dailymail_semantic_cuda.json"
"Qwen_Qwen2_5-32B-Instruct","Qwen/Qwen2.5-32B-Instruct","cnn_dailymail","semantic","shadow_kv_plus","789","0.994466914412374","0.962484882833006","3.4137033255101","6.72525245273632","0.9921875","127","16256","0.0","raw_results\Qwen_Qwen2_5-32B-Instruct\semantic\seed_789\cnn_dailymail\shadow_kv_plus\benchmark_hf_Qwen_Qwen2_5-32B-Instruct_public_dataset_cnn_dailymail_semantic_cuda.json"
"Qwen_Qwen2_5-32B-Instruct","Qwen/Qwen2.5-32B-Instruct","cnn_dailymail","semantic","shadow_kv","999","0.986420459374941","1.02973364408889","3.02035210047804","0.745797444924354","0.0","0","0","0.0","raw_results\Qwen_Qwen2_5-32B-Instruct\semantic\seed_999\cnn_dailymail\shadow_kv\benchmark_hf_Qwen_Qwen2_5-32B-Instruct_public_dataset_cnn_dailymail_semantic_cuda.json"
"Qwen_Qwen2_5-32B-Instruct","Qwen/Qwen2.5-32B-Instruct","cnn_dailymail","semantic","shadow_kv_plus","999","1.09736264258973","0.95306537210928","6.7172072837481","14.2316776262105","0.9921875","127","16256","0.0","raw_results\Qwen_Qwen2_5-32B-Instruct\semantic\seed_999\cnn_dailymail\shadow_kv_plus\benchmark_hf_Qwen_Qwen2_5-32B-Instruct_public_dataset_cnn_dailymail_semantic_cuda.json"
"Qwen_Qwen2_5-32B-Instruct","Qwen/Qwen2.5-32B-Instruct","daily_dialog","semantic","shadow_kv","42","1.00083212221309","1.00069365601148","0.215183084477781","-0.238938407580967","0.0","0","0","0.0","raw_results\Qwen_Qwen2_5-32B-Instruct\semantic\seed_42\daily_dialog\shadow_kv\benchmark_hf_Qwen_Qwen2.5-32B-Instruct_public_dataset_daily_dialog_semantic_cuda.json"
"Qwen_Qwen2_5-32B-Instruct","Qwen/Qwen2.5-32B-Instruct","daily_dialog","semantic","shadow_kv_plus","42","1.12614751331648","1.11066422905762","13.1736536112272","13.9242681465197","0.9921875","127","16256","0.0","raw_results\Qwen_Qwen2_5-32B-Instruct\semantic\seed_42\daily_dialog\shadow_kv_plus\benchmark_hf_Qwen_Qwen2.5-32B-Instruct_public_dataset_daily_dialog_semantic_cuda.json"
"Qwen_Qwen2_5-32B-Instruct","Qwen/Qwen2.5-32B-Instruct","daily_dialog","semantic","shadow_kv","123","0.972218953027101","1.03845534495939","-3.72702419093217","0.990203915809786","0.0","0","0","0.0","raw_results\Qwen_Qwen2_5-32B-Instruct\semantic\seed_123\daily_dialog\shadow_kv\benchmark_hf_Qwen_Qwen2_5-32B-Instruct_public_dataset_daily_dialog_semantic_cuda.json"
"Qwen_Qwen2_5-32B-Instruct","Qwen/Qwen2.5-32B-Instruct","daily_dialog","semantic","shadow_kv_plus","123","1.11719043973266","1.12634201440183","12.4418531989785","14.5887721463173","0.9921875","127","16256","0.0","raw_results\Qwen_Qwen2_5-32B-Instruct\semantic\seed_123\daily_dialog\shadow_kv_plus\benchmark_hf_Qwen_Qwen2_5-32B-Instruct_public_dataset_daily_dialog_semantic_cuda.json"
"Qwen_Qwen2_5-32B-Instruct","Qwen/Qwen2.5-32B-Instruct","daily_dialog","semantic","shadow_kv","456","0.966043619238864","1.03320218851207","-2.15919861349631","1.62707565065333","0.0","0","0","0.0","raw_results\Qwen_Qwen2_5-32B-Instruct\semantic\seed_456\daily_dialog\shadow_kv\benchmark_hf_Qwen_Qwen2_5-32B-Instruct_public_dataset_daily_dialog_semantic_cuda.json"
"Qwen_Qwen2_5-32B-Instruct","Qwen/Qwen2.5-32B-Instruct","daily_dialog","semantic","shadow_kv_plus","456","1.18055380314459","1.20255412396231","12.8877030900899","13.2655846066879","0.9921875","127","16256","0.0","raw_results\Qwen_Qwen2_5-32B-Instruct\semantic\seed_456\daily_dialog\shadow_kv_plus\benchmark_hf_Qwen_Qwen2_5-32B-Instruct_public_dataset_daily_dialog_semantic_cuda.json"
"Qwen_Qwen2_5-32B-Instruct","Qwen/Qwen2.5-32B-Instruct","daily_dialog","semantic","shadow_kv","789","0.974902183088919","0.984020237073928","-7.6537312076373","-1.55524397336007","0.0","0","0","0.0","raw_results\Qwen_Qwen2_5-32B-Instruct\semantic\seed_789\daily_dialog\shadow_kv\benchmark_hf_Qwen_Qwen2_5-32B-Instruct_public_dataset_daily_dialog_semantic_cuda.json"
"Qwen_Qwen2_5-32B-Instruct","Qwen/Qwen2.5-32B-Instruct","daily_dialog","semantic","shadow_kv_plus","789","1.11006797449169","1.1198697920646","9.85536493255406","14.958654832801","0.9921875","127","16256","0.0","raw_results\Qwen_Qwen2_5-32B-Instruct\semantic\seed_789\daily_dialog\shadow_kv_plus\benchmark_hf_Qwen_Qwen2_5-32B-Instruct_public_dataset_daily_dialog_semantic_cuda.json"
"Qwen_Qwen2_5-32B-Instruct","Qwen/Qwen2.5-32B-Instruct","daily_dialog","semantic","shadow_kv","999","1.0529747628583","1.03802306719763","0.246391805717819","-7.90814016110165","0.0","0","0","0.0","raw_results\Qwen_Qwen2_5-32B-Instruct\semantic\seed_999\daily_dialog\shadow_kv\benchmark_hf_Qwen_Qwen2_5-32B-Instruct_public_dataset_daily_dialog_semantic_cuda.json"
"Qwen_Qwen2_5-32B-Instruct","Qwen/Qwen2.5-32B-Instruct","daily_dialog","semantic","shadow_kv_plus","999","1.16297588614868","1.19991939070444","14.9292119782095","2.96758110206615","0.9921875","127","16256","0.0","raw_results\Qwen_Qwen2_5-32B-Instruct\semantic\seed_999\daily_dialog\shadow_kv_plus\benchmark_hf_Qwen_Qwen2_5-32B-Instruct_public_dataset_daily_dialog_semantic_cuda.json"
"Qwen_Qwen2_5-32B-Instruct","Qwen/Qwen2.5-32B-Instruct","dolly","semantic","shadow_kv","42","0.998570215442262","0.998516868805218","-1.25247628726641","-0.781233703630702","0.0","0","0","0.0","raw_results\Qwen_Qwen2_5-32B-Instruct\semantic\seed_42\dolly\shadow_kv\benchmark_hf_Qwen_Qwen2.5-32B-Instruct_public_dataset_dolly_semantic_cuda.json"
"Qwen_Qwen2_5-32B-Instruct","Qwen/Qwen2.5-32B-Instruct","dolly","semantic","shadow_kv_plus","42","1.11836040135776","1.10687678511176","11.6854615764179","11.4624585193754","0.9921875","127","16256","0.0","raw_results\Qwen_Qwen2_5-32B-Instruct\semantic\seed_42\dolly\shadow_kv_plus\benchmark_hf_Qwen_Qwen2.5-32B-Instruct_public_dataset_dolly_semantic_cuda.json"
"Qwen_Qwen2_5-32B-Instruct","Qwen/Qwen2.5-32B-Instruct","dolly","semantic","shadow_kv","123","1.02603047877367","1.01861219945772","-4.65147557742899","0.0493307999545203","0.0","0","0","0.0","raw_results\Qwen_Qwen2_5-32B-Instruct\semantic\seed_123\dolly\shadow_kv\benchmark_hf_Qwen_Qwen2_5-32B-Instruct_public_dataset_dolly_semantic_cuda.json"
"Qwen_Qwen2_5-32B-Instruct","Qwen/Qwen2.5-32B-Instruct","dolly","semantic","shadow_kv_plus","123","1.21914445228295","1.18725329342365","7.01082014759543","14.409376578554","0.9921875","127","16256","0.0","raw_results\Qwen_Qwen2_5-32B-Instruct\semantic\seed_123\dolly\shadow_kv_plus\benchmark_hf_Qwen_Qwen2_5-32B-Instruct_public_dataset_dolly_semantic_cuda.json"
"Qwen_Qwen2_5-32B-Instruct","Qwen/Qwen2.5-32B-Instruct","dolly","semantic","shadow_kv","456","1.0263422188152","1.02236855819054","-0.29576159424768","-5.02338349075843","0.0","0","0","0.0","raw_results\Qwen_Qwen2_5-32B-Instruct\semantic\seed_456\dolly\shadow_kv\benchmark_hf_Qwen_Qwen2_5-32B-Instruct_public_dataset_dolly_semantic_cuda.json"
"Qwen_Qwen2_5-32B-Instruct","Qwen/Qwen2.5-32B-Instruct","dolly","semantic","shadow_kv_plus","456","1.0909211464524","1.14115008044161","10.3902247243995","7.33294238539088","0.9921875","127","16256","0.0","raw_results\Qwen_Qwen2_5-32B-Instruct\semantic\seed_456\dolly\shadow_kv_plus\benchmark_hf_Qwen_Qwen2_5-32B-Instruct_public_dataset_dolly_semantic_cuda.json"
"Qwen_Qwen2_5-32B-Instruct","Qwen/Qwen2.5-32B-Instruct","dolly","semantic","shadow_kv","789","1.01453307666068","1.02333136181251","-0.113040681183482","3.3947229390773","0.0","0","0","0.0","raw_results\Qwen_Qwen2_5-32B-Instruct\semantic\seed_789\dolly\shadow_kv\benchmark_hf_Qwen_Qwen2_5-32B-Instruct_public_dataset_dolly_semantic_cuda.json"
"Qwen_Qwen2_5-32B-Instruct","Qwen/Qwen2.5-32B-Instruct","dolly","semantic","shadow_kv_plus","789","1.18944076537844","1.12334915960412","11.990452967758","15.419450386501","0.9921875","127","16256","0.0","raw_results\Qwen_Qwen2_5-32B-Instruct\semantic\seed_789\dolly\shadow_kv_plus\benchmark_hf_Qwen_Qwen2_5-32B-Instruct_public_dataset_dolly_semantic_cuda.json"
"Qwen_Qwen2_5-32B-Instruct","Qwen/Qwen2.5-32B-Instruct","dolly","semantic","shadow_kv","999","0.966459236137536","1.09779375240405","-6.99342880832269","5.60620353556958","0.0","0","0","0.0","raw_results\Qwen_Qwen2_5-32B-Instruct\semantic\seed_999\dolly\shadow_kv\benchmark_hf_Qwen_Qwen2_5-32B-Instruct_public_dataset_dolly_semantic_cuda.json"
"Qwen_Qwen2_5-32B-Instruct","Qwen/Qwen2.5-32B-Instruct","dolly","semantic","shadow_kv_plus","999","1.1267429190443","1.08058573772268","12.111312741942","12.9880027126359","0.9921875","127","16256","0.0","raw_results\Qwen_Qwen2_5-32B-Instruct\semantic\seed_999\dolly\shadow_kv_plus\benchmark_hf_Qwen_Qwen2_5-32B-Instruct_public_dataset_dolly_semantic_cuda.json"
"Qwen_Qwen2_5-32B-Instruct","Qwen/Qwen2.5-32B-Instruct","oasst1","semantic","shadow_kv","42","0.999586699829417","0.998208992372691","0.148963995355334","0.614953593096768","0.0","0","0","0.0","raw_results\Qwen_Qwen2_5-32B-Instruct\semantic\seed_42\oasst1\shadow_kv\benchmark_hf_Qwen_Qwen2.5-32B-Instruct_public_dataset_oasst1_semantic_cuda.json"
"Qwen_Qwen2_5-32B-Instruct","Qwen/Qwen2.5-32B-Instruct","oasst1","semantic","shadow_kv_plus","42","1.12267434527776","1.06078500672992","12.1808062633173","12.3361279860353","0.9921875","127","16256","0.0","raw_results\Qwen_Qwen2_5-32B-Instruct\semantic\seed_42\oasst1\shadow_kv_plus\benchmark_hf_Qwen_Qwen2.5-32B-Instruct_public_dataset_oasst1_semantic_cuda.json"
"Qwen_Qwen2_5-32B-Instruct","Qwen/Qwen2.5-32B-Instruct","oasst1","semantic","shadow_kv","123","0.983767397882795","1.03643437804304","-1.99614297853633","-1.70586065594167","0.0","0","0","0.0","raw_results\Qwen_Qwen2_5-32B-Instruct\semantic\seed_123\oasst1\shadow_kv\benchmark_hf_Qwen_Qwen2_5-32B-Instruct_public_dataset_oasst1_semantic_cuda.json"
"Qwen_Qwen2_5-32B-Instruct","Qwen/Qwen2.5-32B-Instruct","oasst1","semantic","shadow_kv_plus","123","1.0632881887786","1.10166433842623","7.22082847170915","16.1587306607107","0.9921875","127","16256","0.0","raw_results\Qwen_Qwen2_5-32B-Instruct\semantic\seed_123\oasst1\shadow_kv_plus\benchmark_hf_Qwen_Qwen2_5-32B-Instruct_public_dataset_oasst1_semantic_cuda.json"
"Qwen_Qwen2_5-32B-Instruct","Qwen/Qwen2.5-32B-Instruct","oasst1","semantic","shadow_kv","456","1.08495518279358","0.982727399185351","-2.55328593402652","0.753651261090696","0.0","0","0","0.0","raw_results\Qwen_Qwen2_5-32B-Instruct\semantic\seed_456\oasst1\shadow_kv\benchmark_hf_Qwen_Qwen2_5-32B-Instruct_public_dataset_oasst1_semantic_cuda.json"
"Qwen_Qwen2_5-32B-Instruct","Qwen/Qwen2.5-32B-Instruct","oasst1","semantic","shadow_kv_plus","456","1.14798498045315","1.10995256594334","9.05156960583756","15.2123701851086","0.9921875","127","16256","0.0","raw_results\Qwen_Qwen2_5-32B-Instruct\semantic\seed_456\oasst1\shadow_kv_plus\benchmark_hf_Qwen_Qwen2_5-32B-Instruct_public_dataset_oasst1_semantic_cuda.json"
"Qwen_Qwen2_5-32B-Instruct","Qwen/Qwen2.5-32B-Instruct","oasst1","semantic","shadow_kv","789","0.996644433308137","0.945864702083886","7.70039472391357","4.93196889699274","0.0","0","0","0.0","raw_results\Qwen_Qwen2_5-32B-Instruct\semantic\seed_789\oasst1\shadow_kv\benchmark_hf_Qwen_Qwen2_5-32B-Instruct_public_dataset_oasst1_semantic_cuda.json"
"Qwen_Qwen2_5-32B-Instruct","Qwen/Qwen2.5-32B-Instruct","oasst1","semantic","shadow_kv_plus","789","1.20050155395422","1.01301237639774","15.6351880790779","18.9619340542896","0.9921875","127","16256","0.0","raw_results\Qwen_Qwen2_5-32B-Instruct\semantic\seed_789\oasst1\shadow_kv_plus\benchmark_hf_Qwen_Qwen2_5-32B-Instruct_public_dataset_oasst1_semantic_cuda.json"
"Qwen_Qwen2_5-32B-Instruct","Qwen/Qwen2.5-32B-Instruct","oasst1","semantic","shadow_kv","999","1.00953649964583","1.04911246769258","3.91723860912099","-5.25059126258911","0.0","0","0","0.0","raw_results\Qwen_Qwen2_5-32B-Instruct\semantic\seed_999\oasst1\shadow_kv\benchmark_hf_Qwen_Qwen2_5-32B-Instruct_public_dataset_oasst1_semantic_cuda.json"
"Qwen_Qwen2_5-32B-Instruct","Qwen/Qwen2.5-32B-Instruct","oasst1","semantic","shadow_kv_plus","999","1.13156675998948","1.10757549338855","13.6778416257392","10.8279200959352","0.9921875","127","16256","0.0","raw_results\Qwen_Qwen2_5-32B-Instruct\semantic\seed_999\oasst1\shadow_kv_plus\benchmark_hf_Qwen_Qwen2_5-32B-Instruct_public_dataset_oasst1_semantic_cuda.json"
"Qwen_Qwen2_5-32B-Instruct","Qwen/Qwen2.5-32B-Instruct","samsum","semantic","shadow_kv","42","0.998359217362926","0.997633667296245","0.301203824694214","0.74407937665781","0.0","0","0","0.0","raw_results\Qwen_Qwen2_5-32B-Instruct\semantic\seed_42\samsum\shadow_kv\benchmark_hf_Qwen_Qwen2.5-32B-Instruct_public_dataset_samsum_semantic_cuda.json"
"Qwen_Qwen2_5-32B-Instruct","Qwen/Qwen2.5-32B-Instruct","samsum","semantic","shadow_kv_plus","42","1.10845917512698","1.09120458805188","10.9485669103854","10.8466711877002","0.9921875","127","16256","0.0","raw_results\Qwen_Qwen2_5-32B-Instruct\semantic\seed_42\samsum\shadow_kv_plus\benchmark_hf_Qwen_Qwen2.5-32B-Instruct_public_dataset_samsum_semantic_cuda.json"
"Qwen_Qwen2_5-32B-Instruct","Qwen/Qwen2.5-32B-Instruct","samsum","semantic","shadow_kv","123","0.965607561894139","1.00271435023463","5.36263722468284","5.06663445267529","0.0","0","0","0.0","raw_results\Qwen_Qwen2_5-32B-Instruct\semantic\seed_123\samsum\shadow_kv\benchmark_hf_Qwen_Qwen2_5-32B-Instruct_public_dataset_samsum_semantic_cuda.json"
"Qwen_Qwen2_5-32B-Instruct","Qwen/Qwen2.5-32B-Instruct","samsum","semantic","shadow_kv_plus","123","1.02791102051286","1.05576640553555","15.3818097604838","17.1240553180654","0.9921875","127","16256","0.0","raw_results\Qwen_Qwen2_5-32B-Instruct\semantic\seed_123\samsum\shadow_kv_plus\benchmark_hf_Qwen_Qwen2_5-32B-Instruct_public_dataset_samsum_semantic_cuda.json"
"Qwen_Qwen2_5-32B-Instruct","Qwen/Qwen2.5-32B-Instruct","samsum","semantic","shadow_kv","456","0.931849361918523","0.993605124710966","4.24157249287844","-0.273909525271127","0.0","0","0","0.0","raw_results\Qwen_Qwen2_5-32B-Instruct\semantic\seed_456\samsum\shadow_kv\benchmark_hf_Qwen_Qwen2_5-32B-Instruct_public_dataset_samsum_semantic_cuda.json"
"Qwen_Qwen2_5-32B-Instruct","Qwen/Qwen2.5-32B-Instruct","samsum","semantic","shadow_kv_plus","456","1.00623925147713","1.09308815224129","16.4614556132869","19.9618856324111","0.9921875","127","16256","0.0","raw_results\Qwen_Qwen2_5-32B-Instruct\semantic\seed_456\samsum\shadow_kv_plus\benchmark_hf_Qwen_Qwen2_5-32B-Instruct_public_dataset_samsum_semantic_cuda.json"
"Qwen_Qwen2_5-32B-Instruct","Qwen/Qwen2.5-32B-Instruct","samsum","semantic","shadow_kv","789","0.946986008433314","1.01575041996548","-7.68577587423197","6.32505041617979","0.0","0","0","0.0","raw_results\Qwen_Qwen2_5-32B-Instruct\semantic\seed_789\samsum\shadow_kv\benchmark_hf_Qwen_Qwen2_5-32B-Instruct_public_dataset_samsum_semantic_cuda.json"
"Qwen_Qwen2_5-32B-Instruct","Qwen/Qwen2.5-32B-Instruct","samsum","semantic","shadow_kv_plus","789","1.11710840291585","1.1290447145581","13.7500623025647","13.3203008795613","0.9921875","127","16256","0.0","raw_results\Qwen_Qwen2_5-32B-Instruct\semantic\seed_789\samsum\shadow_kv_plus\benchmark_hf_Qwen_Qwen2_5-32B-Instruct_public_dataset_samsum_semantic_cuda.json"
"Qwen_Qwen2_5-32B-Instruct","Qwen/Qwen2.5-32B-Instruct","samsum","semantic","shadow_kv","999","1.01774110148629","0.991261230048109","-8.78424259787732","3.16337372915671","0.0","0","0","0.0","raw_results\Qwen_Qwen2_5-32B-Instruct\semantic\seed_999\samsum\shadow_kv\benchmark_hf_Qwen_Qwen2_5-32B-Instruct_public_dataset_samsum_semantic_cuda.json"
"Qwen_Qwen2_5-32B-Instruct","Qwen/Qwen2.5-32B-Instruct","samsum","semantic","shadow_kv_plus","999","1.20328873076945","1.18384807701362","9.85985110168358","8.53308885791325","0.9921875","127","16256","0.0","raw_results\Qwen_Qwen2_5-32B-Instruct\semantic\seed_999\samsum\shadow_kv_plus\benchmark_hf_Qwen_Qwen2_5-32B-Instruct_public_dataset_samsum_semantic_cuda.json"
"Qwen_Qwen2_5-32B-Instruct","Qwen/Qwen2.5-32B-Instruct","ultrachat","semantic","shadow_kv","42","0.997752748091714","0.996919721682398","-0.484481556304681","0.051035286767457","0.0","0","0","0.0","raw_results\Qwen_Qwen2_5-32B-Instruct\semantic\seed_42\ultrachat\shadow_kv\benchmark_hf_Qwen_Qwen2.5-32B-Instruct_public_dataset_ultrachat_semantic_cuda.json"
"Qwen_Qwen2_5-32B-Instruct","Qwen/Qwen2.5-32B-Instruct","ultrachat","semantic","shadow_kv_plus","42","1.08717865447628","1.09731642545557","9.44101714886072","10.7627244838056","0.9921875","127","16256","0.0","raw_results\Qwen_Qwen2_5-32B-Instruct\semantic\seed_42\ultrachat\shadow_kv_plus\benchmark_hf_Qwen_Qwen2.5-32B-Instruct_public_dataset_ultrachat_semantic_cuda.json"
"Qwen_Qwen2_5-32B-Instruct","Qwen/Qwen2.5-32B-Instruct","ultrachat","semantic","shadow_kv","123","1.02655666275062","0.976081992853258","-1.05535035551611","11.353706747827","0.0","0","0","0.0","raw_results\Qwen_Qwen2_5-32B-Instruct\semantic\seed_123\ultrachat\shadow_kv\benchmark_hf_Qwen_Qwen2_5-32B-Instruct_public_dataset_ultrachat_semantic_cuda.json"
"Qwen_Qwen2_5-32B-Instruct","Qwen/Qwen2.5-32B-Instruct","ultrachat","semantic","shadow_kv_plus","123","1.01050115028482","1.15446856060723","9.82457977705118","20.7903091163232","0.9921875","127","16256","0.0","raw_results\Qwen_Qwen2_5-32B-Instruct\semantic\seed_123\ultrachat\shadow_kv_plus\benchmark_hf_Qwen_Qwen2_5-32B-Instruct_public_dataset_ultrachat_semantic_cuda.json"
"Qwen_Qwen2_5-32B-Instruct","Qwen/Qwen2.5-32B-Instruct","ultrachat","semantic","shadow_kv","456","1.03715900562573","1.06714822848426","-5.77266210368297","3.4765187083683","0.0","0","0","0.0","raw_results\Qwen_Qwen2_5-32B-Instruct\semantic\seed_456\ultrachat\shadow_kv\benchmark_hf_Qwen_Qwen2_5-32B-Instruct_public_dataset_ultrachat_semantic_cuda.json"
"Qwen_Qwen2_5-32B-Instruct","Qwen/Qwen2.5-32B-Instruct","ultrachat","semantic","shadow_kv_plus","456","1.06234857634995","1.14145773092476","2.25293738451393","10.9250468726374","0.9921875","127","16256","0.0","raw_results\Qwen_Qwen2_5-32B-Instruct\semantic\seed_456\ultrachat\shadow_kv_plus\benchmark_hf_Qwen_Qwen2_5-32B-Instruct_public_dataset_ultrachat_semantic_cuda.json"
"Qwen_Qwen2_5-32B-Instruct","Qwen/Qwen2.5-32B-Instruct","ultrachat","semantic","shadow_kv","789","0.987754429367844","0.967229152361822","-1.04791946872426","-6.15014200139082","0.0","0","0","0.0","raw_results\Qwen_Qwen2_5-32B-Instruct\semantic\seed_789\ultrachat\shadow_kv\benchmark_hf_Qwen_Qwen2_5-32B-Instruct_public_dataset_ultrachat_semantic_cuda.json"
"Qwen_Qwen2_5-32B-Instruct","Qwen/Qwen2.5-32B-Instruct","ultrachat","semantic","shadow_kv_plus","789","1.0660281450551","1.10269329745793","4.36411151148707","8.38457728470996","0.9921875","127","16256","0.0","raw_results\Qwen_Qwen2_5-32B-Instruct\semantic\seed_789\ultrachat\shadow_kv_plus\benchmark_hf_Qwen_Qwen2_5-32B-Instruct_public_dataset_ultrachat_semantic_cuda.json"
"Qwen_Qwen2_5-32B-Instruct","Qwen/Qwen2.5-32B-Instruct","ultrachat","semantic","shadow_kv","999","1.02009240731462","0.999028571741718","-5.85866437009544","-3.44121526352691","0.0","0","0","0.0","raw_results\Qwen_Qwen2_5-32B-Instruct\semantic\seed_999\ultrachat\shadow_kv\benchmark_hf_Qwen_Qwen2_5-32B-Instruct_public_dataset_ultrachat_semantic_cuda.json"
"Qwen_Qwen2_5-32B-Instruct","Qwen/Qwen2.5-32B-Instruct","ultrachat","semantic","shadow_kv_plus","999","1.1471684826444","1.14830989777298","9.70149690683227","15.1264563153848","0.9921875","127","16256","0.0","raw_results\Qwen_Qwen2_5-32B-Instruct\semantic\seed_999\ultrachat\shadow_kv_plus\benchmark_hf_Qwen_Qwen2_5-32B-Instruct_public_dataset_ultrachat_semantic_cuda.json"
"Qwen_Qwen2_5-32B-Instruct","Qwen/Qwen2.5-32B-Instruct","xsum","semantic","shadow_kv","42","0.998650833546863","0.998174918461644","0.442507487127387","1.6612135712643","0.0","0","0","0.0","raw_results\Qwen_Qwen2_5-32B-Instruct\semantic\seed_42\xsum\shadow_kv\benchmark_hf_Qwen_Qwen2.5-32B-Instruct_public_dataset_xsum_semantic_cuda.json"
"Qwen_Qwen2_5-32B-Instruct","Qwen/Qwen2.5-32B-Instruct","xsum","semantic","shadow_kv_plus","42","1.07746383615146","1.00235249212409","8.16937139189189","9.66944128709647","0.9921875","127","16256","0.0","raw_results\Qwen_Qwen2_5-32B-Instruct\semantic\seed_42\xsum\shadow_kv_plus\benchmark_hf_Qwen_Qwen2.5-32B-Instruct_public_dataset_xsum_semantic_cuda.json"
"Qwen_Qwen2_5-32B-Instruct","Qwen/Qwen2.5-32B-Instruct","xsum","semantic","shadow_kv","123","0.986489554533285","0.997378226626864","-3.8868542612918","0.166782974795629","0.0","0","0","0.0","raw_results\Qwen_Qwen2_5-32B-Instruct\semantic\seed_123\xsum\shadow_kv\benchmark_hf_Qwen_Qwen2_5-32B-Instruct_public_dataset_xsum_semantic_cuda.json"
"Qwen_Qwen2_5-32B-Instruct","Qwen/Qwen2.5-32B-Instruct","xsum","semantic","shadow_kv_plus","123","1.13020338844924","0.97884824253014","2.59120881585523","8.22462794910596","0.9921875","127","16256","0.0","raw_results\Qwen_Qwen2_5-32B-Instruct\semantic\seed_123\xsum\shadow_kv_plus\benchmark_hf_Qwen_Qwen2_5-32B-Instruct_public_dataset_xsum_semantic_cuda.json"
"Qwen_Qwen2_5-32B-Instruct","Qwen/Qwen2.5-32B-Instruct","xsum","semantic","shadow_kv","456","1.03136579298439","1.00109379203568","0.0771236349980278","-4.59800032691523","0.0","0","0","0.0","raw_results\Qwen_Qwen2_5-32B-Instruct\semantic\seed_456\xsum\shadow_kv\benchmark_hf_Qwen_Qwen2_5-32B-Instruct_public_dataset_xsum_semantic_cuda.json"
"Qwen_Qwen2_5-32B-Instruct","Qwen/Qwen2.5-32B-Instruct","xsum","semantic","shadow_kv_plus","456","1.09030031399395","1.02410953092963","6.91912342889148","5.1445911311327","0.9921875","127","16256","0.0","raw_results\Qwen_Qwen2_5-32B-Instruct\semantic\seed_456\xsum\shadow_kv_plus\benchmark_hf_Qwen_Qwen2_5-32B-Instruct_public_dataset_xsum_semantic_cuda.json"
"Qwen_Qwen2_5-32B-Instruct","Qwen/Qwen2.5-32B-Instruct","xsum","semantic","shadow_kv","789","0.977722424715024","0.983819447038905","-4.22459591054036","-3.69656911419427","0.0","0","0","0.0","raw_results\Qwen_Qwen2_5-32B-Instruct\semantic\seed_789\xsum\shadow_kv\benchmark_hf_Qwen_Qwen2_5-32B-Instruct_public_dataset_xsum_semantic_cuda.json"
"Qwen_Qwen2_5-32B-Instruct","Qwen/Qwen2.5-32B-Instruct","xsum","semantic","shadow_kv_plus","789","1.01984174083688","1.02670159841982","9.44091258225971","2.77641011261105","0.9921875","127","16256","0.0","raw_results\Qwen_Qwen2_5-32B-Instruct\semantic\seed_789\xsum\shadow_kv_plus\benchmark_hf_Qwen_Qwen2_5-32B-Instruct_public_dataset_xsum_semantic_cuda.json"
"Qwen_Qwen2_5-32B-Instruct","Qwen/Qwen2.5-32B-Instruct","xsum","semantic","shadow_kv","999","1.020764394134","1.07735313912581","4.59638290867467","2.44007176683223","0.0","0","0","0.0","raw_results\Qwen_Qwen2_5-32B-Instruct\semantic\seed_999\xsum\shadow_kv\benchmark_hf_Qwen_Qwen2_5-32B-Instruct_public_dataset_xsum_semantic_cuda.json"
"Qwen_Qwen2_5-32B-Instruct","Qwen/Qwen2.5-32B-Instruct","xsum","semantic","shadow_kv_plus","999","1.08458379928402","1.1321359524305","8.60427075604318","14.7754538994847","0.9921875","127","16256","0.0","raw_results\Qwen_Qwen2_5-32B-Instruct\semantic\seed_999\xsum\shadow_kv_plus\benchmark_hf_Qwen_Qwen2_5-32B-Instruct_public_dataset_xsum_semantic_cuda.json"
"Qwen_Qwen2_5-3B-Instruct","Qwen/Qwen2.5-3B-Instruct","ag_news","semantic","shadow_kv","42","1.00081032784284","0.996948191334374","4.6119410705301","5.74749052879882","0.0","0","0","0.0","raw_results\Qwen_Qwen2_5-3B-Instruct\semantic\seed_42\ag_news\shadow_kv\benchmark_hf_Qwen_Qwen2.5-3B-Instruct_public_dataset_ag_news_semantic_cuda.json"
"Qwen_Qwen2_5-3B-Instruct","Qwen/Qwen2.5-3B-Instruct","ag_news","semantic","shadow_kv_plus","42","0.998479065314872","0.989873282034146","9.37840036490002","12.1524264947626","0.9921875","127","16256","0.0","raw_results\Qwen_Qwen2_5-3B-Instruct\semantic\seed_42\ag_news\shadow_kv_plus\benchmark_hf_Qwen_Qwen2.5-3B-Instruct_public_dataset_ag_news_semantic_cuda.json"
"Qwen_Qwen2_5-3B-Instruct","Qwen/Qwen2.5-3B-Instruct","ag_news","semantic","shadow_kv","123","1.02832446365907","0.999137818814895","-0.162666330204887","8.41037792321342","0.0","0","0","0.0","raw_results\Qwen_Qwen2_5-3B-Instruct\semantic\seed_123\ag_news\shadow_kv\benchmark_hf_Qwen_Qwen2_5-3B-Instruct_public_dataset_ag_news_semantic_cuda.json"
"Qwen_Qwen2_5-3B-Instruct","Qwen/Qwen2.5-3B-Instruct","ag_news","semantic","shadow_kv_plus","123","1.01635351412002","0.981120045188016","6.21934841264449","16.6286813296535","0.9921875","127","16256","0.0","raw_results\Qwen_Qwen2_5-3B-Instruct\semantic\seed_123\ag_news\shadow_kv_plus\benchmark_hf_Qwen_Qwen2_5-3B-Instruct_public_dataset_ag_news_semantic_cuda.json"
"Qwen_Qwen2_5-3B-Instruct","Qwen/Qwen2.5-3B-Instruct","ag_news","semantic","shadow_kv","456","0.982176816434135","0.967640484915167","4.54431138917705","7.28647073033153","0.0","0","0","0.0","raw_results\Qwen_Qwen2_5-3B-Instruct\semantic\seed_456\ag_news\shadow_kv\benchmark_hf_Qwen_Qwen2_5-3B-Instruct_public_dataset_ag_news_semantic_cuda.json"
"Qwen_Qwen2_5-3B-Instruct","Qwen/Qwen2.5-3B-Instruct","ag_news","semantic","shadow_kv_plus","456","0.958824204087147","0.965361400985478","15.4236483583185","13.6311279376538","0.9921875","127","16256","0.0","raw_results\Qwen_Qwen2_5-3B-Instruct\semantic\seed_456\ag_news\shadow_kv_plus\benchmark_hf_Qwen_Qwen2_5-3B-Instruct_public_dataset_ag_news_semantic_cuda.json"
"Qwen_Qwen2_5-3B-Instruct","Qwen/Qwen2.5-3B-Instruct","ag_news","semantic","shadow_kv","789","1.05878664003589","0.964297617673246","2.00173738292047","6.65141146250423","0.0","0","0","0.0","raw_results\Qwen_Qwen2_5-3B-Instruct\semantic\seed_789\ag_news\shadow_kv\benchmark_hf_Qwen_Qwen2_5-3B-Instruct_public_dataset_ag_news_semantic_cuda.json"
"Qwen_Qwen2_5-3B-Instruct","Qwen/Qwen2.5-3B-Instruct","ag_news","semantic","shadow_kv_plus","789","1.03772161642659","0.891432604899198","2.79119883269467","8.28781104586971","0.9921875","127","16256","0.0","raw_results\Qwen_Qwen2_5-3B-Instruct\semantic\seed_789\ag_news\shadow_kv_plus\benchmark_hf_Qwen_Qwen2_5-3B-Instruct_public_dataset_ag_news_semantic_cuda.json"
"Qwen_Qwen2_5-3B-Instruct","Qwen/Qwen2.5-3B-Instruct","ag_news","semantic","shadow_kv","999","1.00734879835325","1.00500157716882","3.99823662171521","5.89936377508789","0.0","0","0","0.0","raw_results\Qwen_Qwen2_5-3B-Instruct\semantic\seed_999\ag_news\shadow_kv\benchmark_hf_Qwen_Qwen2_5-3B-Instruct_public_dataset_ag_news_semantic_cuda.json"
"Qwen_Qwen2_5-3B-Instruct","Qwen/Qwen2.5-3B-Instruct","ag_news","semantic","shadow_kv_plus","999","0.990515843636282","0.966373108639052","7.39459020295699","8.64769004400386","0.9921875","127","16256","0.0","raw_results\Qwen_Qwen2_5-3B-Instruct\semantic\seed_999\ag_news\shadow_kv_plus\benchmark_hf_Qwen_Qwen2_5-3B-Instruct_public_dataset_ag_news_semantic_cuda.json"
"Qwen_Qwen2_5-3B-Instruct","Qwen/Qwen2.5-3B-Instruct","alpaca_eval","semantic","shadow_kv","42","0.998561798487126","1.00149069378331","2.31292660459883","3.27931879716356","0.0","0","0","0.0","raw_results\Qwen_Qwen2_5-3B-Instruct\semantic\seed_42\alpaca_eval\shadow_kv\benchmark_hf_Qwen_Qwen2.5-3B-Instruct_public_dataset_alpaca_eval_semantic_cuda.json"
"Qwen_Qwen2_5-3B-Instruct","Qwen/Qwen2.5-3B-Instruct","alpaca_eval","semantic","shadow_kv_plus","42","0.994859151226137","0.999507351981459","10.0603201289794","14.0136412590059","0.9921875","127","16256","0.0","raw_results\Qwen_Qwen2_5-3B-Instruct\semantic\seed_42\alpaca_eval\shadow_kv_plus\benchmark_hf_Qwen_Qwen2.5-3B-Instruct_public_dataset_alpaca_eval_semantic_cuda.json"
"Qwen_Qwen2_5-3B-Instruct","Qwen/Qwen2.5-3B-Instruct","alpaca_eval","semantic","shadow_kv","123","0.984731111681291","0.976794667051592","6.89717675689922","3.73277683471147","0.0","0","0","0.0","raw_results\Qwen_Qwen2_5-3B-Instruct\semantic\seed_123\alpaca_eval\shadow_kv\benchmark_hf_Qwen_Qwen2_5-3B-Instruct_public_dataset_alpaca_eval_semantic_cuda.json"
"Qwen_Qwen2_5-3B-Instruct","Qwen/Qwen2.5-3B-Instruct","alpaca_eval","semantic","shadow_kv_plus","123","1.0619486234654","0.953411526335831","11.9123599481497","16.4467914508558","0.9921875","127","16256","0.0","raw_results\Qwen_Qwen2_5-3B-Instruct\semantic\seed_123\alpaca_eval\shadow_kv_plus\benchmark_hf_Qwen_Qwen2_5-3B-Instruct_public_dataset_alpaca_eval_semantic_cuda.json"
"Qwen_Qwen2_5-3B-Instruct","Qwen/Qwen2.5-3B-Instruct","alpaca_eval","semantic","shadow_kv","456","1.05391603900977","0.965827796482949","0.250356816084227","-3.50354553656902","0.0","0","0","0.0","raw_results\Qwen_Qwen2_5-3B-Instruct\semantic\seed_456\alpaca_eval\shadow_kv\benchmark_hf_Qwen_Qwen2_5-3B-Instruct_public_dataset_alpaca_eval_semantic_cuda.json"
"Qwen_Qwen2_5-3B-Instruct","Qwen/Qwen2.5-3B-Instruct","alpaca_eval","semantic","shadow_kv_plus","456","0.995939872200276","0.975450469721286","7.57155258851132","6.8980656006455","0.9921875","127","16256","0.0","raw_results\Qwen_Qwen2_5-3B-Instruct\semantic\seed_456\alpaca_eval\shadow_kv_plus\benchmark_hf_Qwen_Qwen2_5-3B-Instruct_public_dataset_alpaca_eval_semantic_cuda.json"
"Qwen_Qwen2_5-3B-Instruct","Qwen/Qwen2.5-3B-Instruct","alpaca_eval","semantic","shadow_kv","789","0.936662395418769","1.04205787335419","2.97657077331455","3.60637745806706","0.0","0","0","0.0","raw_results\Qwen_Qwen2_5-3B-Instruct\semantic\seed_789\alpaca_eval\shadow_kv\benchmark_hf_Qwen_Qwen2_5-3B-Instruct_public_dataset_alpaca_eval_semantic_cuda.json"
"Qwen_Qwen2_5-3B-Instruct","Qwen/Qwen2.5-3B-Instruct","alpaca_eval","semantic","shadow_kv_plus","789","0.934438168651425","0.954181499369418","12.2919399373144","14.3462590265963","0.9921875","127","16256","0.0","raw_results\Qwen_Qwen2_5-3B-Instruct\semantic\seed_789\alpaca_eval\shadow_kv_plus\benchmark_hf_Qwen_Qwen2_5-3B-Instruct_public_dataset_alpaca_eval_semantic_cuda.json"
"Qwen_Qwen2_5-3B-Instruct","Qwen/Qwen2.5-3B-Instruct","alpaca_eval","semantic","shadow_kv","999","0.95353649905736","1.00278845931618","3.33535947844793","-2.07794839358106","0.0","0","0","0.0","raw_results\Qwen_Qwen2_5-3B-Instruct\semantic\seed_999\alpaca_eval\shadow_kv\benchmark_hf_Qwen_Qwen2_5-3B-Instruct_public_dataset_alpaca_eval_semantic_cuda.json"
"Qwen_Qwen2_5-3B-Instruct","Qwen/Qwen2.5-3B-Instruct","alpaca_eval","semantic","shadow_kv_plus","999","0.995108024007966","1.01766470670355","6.03100365858258","8.07296389253331","0.9921875","127","16256","0.0","raw_results\Qwen_Qwen2_5-3B-Instruct\semantic\seed_999\alpaca_eval\shadow_kv_plus\benchmark_hf_Qwen_Qwen2_5-3B-Instruct_public_dataset_alpaca_eval_semantic_cuda.json"
"Qwen_Qwen2_5-3B-Instruct","Qwen/Qwen2.5-3B-Instruct","banking77","semantic","shadow_kv","42","0.996525682812663","0.996744659833726","-1.27654500672293","-2.5777327821796","0.0","0","0","0.0","raw_results\Qwen_Qwen2_5-3B-Instruct\semantic\seed_42\banking77\shadow_kv\benchmark_hf_Qwen_Qwen2.5-3B-Instruct_public_dataset_banking77_semantic_cuda.json"
"Qwen_Qwen2_5-3B-Instruct","Qwen/Qwen2.5-3B-Instruct","banking77","semantic","shadow_kv_plus","42","0.988218696426833","0.985295177716831","7.68144168930228","9.70556534870352","0.9921875","127","16256","0.0","raw_results\Qwen_Qwen2_5-3B-Instruct\semantic\seed_42\banking77\shadow_kv_plus\benchmark_hf_Qwen_Qwen2.5-3B-Instruct_public_dataset_banking77_semantic_cuda.json"
"Qwen_Qwen2_5-3B-Instruct","Qwen/Qwen2.5-3B-Instruct","banking77","semantic","shadow_kv","123","0.997837785435214","0.988466817814157","7.01561299087965","0.702234915941091","0.0","0","0","0.0","raw_results\Qwen_Qwen2_5-3B-Instruct\semantic\seed_123\banking77\shadow_kv\benchmark_hf_Qwen_Qwen2_5-3B-Instruct_public_dataset_banking77_semantic_cuda.json"
"Qwen_Qwen2_5-3B-Instruct","Qwen/Qwen2.5-3B-Instruct","banking77","semantic","shadow_kv_plus","123","0.923263766017194","0.933759459871965","9.96945601353517","6.02559644575872","0.9921875","127","16256","0.0","raw_results\Qwen_Qwen2_5-3B-Instruct\semantic\seed_123\banking77\shadow_kv_plus\benchmark_hf_Qwen_Qwen2_5-3B-Instruct_public_dataset_banking77_semantic_cuda.json"
"Qwen_Qwen2_5-3B-Instruct","Qwen/Qwen2.5-3B-Instruct","banking77","semantic","shadow_kv","456","1.0389186071961","0.937641289829326","-0.940441205102423","-3.66483549405954","0.0","0","0","0.0","raw_results\Qwen_Qwen2_5-3B-Instruct\semantic\seed_456\banking77\shadow_kv\benchmark_hf_Qwen_Qwen2_5-3B-Instruct_public_dataset_banking77_semantic_cuda.json"
"Qwen_Qwen2_5-3B-Instruct","Qwen/Qwen2.5-3B-Instruct","banking77","semantic","shadow_kv_plus","456","0.990695982660583","0.935517492711726","5.13420949289078","16.2134456010066","0.9921875","127","16256","0.0","raw_results\Qwen_Qwen2_5-3B-Instruct\semantic\seed_456\banking77\shadow_kv_plus\benchmark_hf_Qwen_Qwen2_5-3B-Instruct_public_dataset_banking77_semantic_cuda.json"
"Qwen_Qwen2_5-3B-Instruct","Qwen/Qwen2.5-3B-Instruct","banking77","semantic","shadow_kv","789","1.05765918303666","0.991331012421099","-3.20142646889502","-6.56540692567385","0.0","0","0","0.0","raw_results\Qwen_Qwen2_5-3B-Instruct\semantic\seed_789\banking77\shadow_kv\benchmark_hf_Qwen_Qwen2_5-3B-Instruct_public_dataset_banking77_semantic_cuda.json"
"Qwen_Qwen2_5-3B-Instruct","Qwen/Qwen2.5-3B-Instruct","banking77","semantic","shadow_kv_plus","789","1.02489350798021","0.987602876744466","8.63323429732828","9.29369948097645","0.9921875","127","16256","0.0","raw_results\Qwen_Qwen2_5-3B-Instruct\semantic\seed_789\banking77\shadow_kv_plus\benchmark_hf_Qwen_Qwen2_5-3B-Instruct_public_dataset_banking77_semantic_cuda.json"
"Qwen_Qwen2_5-3B-Instruct","Qwen/Qwen2.5-3B-Instruct","banking77","semantic","shadow_kv","999","0.981666871696055","0.997854627213705","-3.22926340548241","-6.65437533910634","0.0","0","0","0.0","raw_results\Qwen_Qwen2_5-3B-Instruct\semantic\seed_999\banking77\shadow_kv\benchmark_hf_Qwen_Qwen2_5-3B-Instruct_public_dataset_banking77_semantic_cuda.json"
"Qwen_Qwen2_5-3B-Instruct","Qwen/Qwen2.5-3B-Instruct","banking77","semantic","shadow_kv_plus","999","0.957644878490754","1.01954797012552","7.24322890536746","4.76725965241047","0.9921875","127","16256","0.0","raw_results\Qwen_Qwen2_5-3B-Instruct\semantic\seed_999\banking77\shadow_kv_plus\benchmark_hf_Qwen_Qwen2_5-3B-Instruct_public_dataset_banking77_semantic_cuda.json"
"Qwen_Qwen2_5-3B-Instruct","Qwen/Qwen2.5-3B-Instruct","cnn_dailymail","semantic","shadow_kv","42","1.00202049487528","1.00718243058682","-0.412262482946372","-1.13122831173857","0.0","0","0","0.0","raw_results\Qwen_Qwen2_5-3B-Instruct\semantic\seed_42\cnn_dailymail\shadow_kv\benchmark_hf_Qwen_Qwen2.5-3B-Instruct_public_dataset_cnn_dailymail_semantic_cuda.json"
"Qwen_Qwen2_5-3B-Instruct","Qwen/Qwen2.5-3B-Instruct","cnn_dailymail","semantic","shadow_kv_plus","42","0.838046585765513","0.823372644857168","-1.86876003347819","-1.77329205995224","0.9921875","127","16256","0.0","raw_results\Qwen_Qwen2_5-3B-Instruct\semantic\seed_42\cnn_dailymail\shadow_kv_plus\benchmark_hf_Qwen_Qwen2.5-3B-Instruct_public_dataset_cnn_dailymail_semantic_cuda.json"
"Qwen_Qwen2_5-3B-Instruct","Qwen/Qwen2.5-3B-Instruct","cnn_dailymail","semantic","shadow_kv","123","1.00274365794366","0.973935505929705","4.60768924077498","-10.2671837734606","0.0","0","0","0.0","raw_results\Qwen_Qwen2_5-3B-Instruct\semantic\seed_123\cnn_dailymail\shadow_kv\benchmark_hf_Qwen_Qwen2_5-3B-Instruct_public_dataset_cnn_dailymail_semantic_cuda.json"
"Qwen_Qwen2_5-3B-Instruct","Qwen/Qwen2.5-3B-Instruct","cnn_dailymail","semantic","shadow_kv_plus","123","0.850885771354772","0.795765021483431","-0.814921230055193","-3.40448078098067","0.9921875","127","16256","0.0","raw_results\Qwen_Qwen2_5-3B-Instruct\semantic\seed_123\cnn_dailymail\shadow_kv_plus\benchmark_hf_Qwen_Qwen2_5-3B-Instruct_public_dataset_cnn_dailymail_semantic_cuda.json"
"Qwen_Qwen2_5-3B-Instruct","Qwen/Qwen2.5-3B-Instruct","cnn_dailymail","semantic","shadow_kv","456","0.951883861033031","0.941150149298024","-12.7312861560142","0.0210067374324505","0.0","0","0","0.0","raw_results\Qwen_Qwen2_5-3B-Instruct\semantic\seed_456\cnn_dailymail\shadow_kv\benchmark_hf_Qwen_Qwen2_5-3B-Instruct_public_dataset_cnn_dailymail_semantic_cuda.json"
"Qwen_Qwen2_5-3B-Instruct","Qwen/Qwen2.5-3B-Instruct","cnn_dailymail","semantic","shadow_kv_plus","456","0.802828291665599","0.77662574759002","0.0845346898913448","-2.70723853251774","0.9921875","127","16256","0.0","raw_results\Qwen_Qwen2_5-3B-Instruct\semantic\seed_456\cnn_dailymail\shadow_kv_plus\benchmark_hf_Qwen_Qwen2_5-3B-Instruct_public_dataset_cnn_dailymail_semantic_cuda.json"
"Qwen_Qwen2_5-3B-Instruct","Qwen/Qwen2.5-3B-Instruct","cnn_dailymail","semantic","shadow_kv","789","0.98376789770846","1.0249652259495","3.0346883128504","-0.974202610961612","0.0","0","0","0.0","raw_results\Qwen_Qwen2_5-3B-Instruct\semantic\seed_789\cnn_dailymail\shadow_kv\benchmark_hf_Qwen_Qwen2_5-3B-Instruct_public_dataset_cnn_dailymail_semantic_cuda.json"
"Qwen_Qwen2_5-3B-Instruct","Qwen/Qwen2.5-3B-Instruct","cnn_dailymail","semantic","shadow_kv_plus","789","0.852401930173222","0.833856285670631","-2.21794157008157","-8.25338457866838","0.9921875","127","16256","0.0","raw_results\Qwen_Qwen2_5-3B-Instruct\semantic\seed_789\cnn_dailymail\shadow_kv_plus\benchmark_hf_Qwen_Qwen2_5-3B-Instruct_public_dataset_cnn_dailymail_semantic_cuda.json"
"Qwen_Qwen2_5-3B-Instruct","Qwen/Qwen2.5-3B-Instruct","cnn_dailymail","semantic","shadow_kv","999","0.966131137254708","0.931880161569496","-2.07972168124298","-5.40287075534263","0.0","0","0","0.0","raw_results\Qwen_Qwen2_5-3B-Instruct\semantic\seed_999\cnn_dailymail\shadow_kv\benchmark_hf_Qwen_Qwen2_5-3B-Instruct_public_dataset_cnn_dailymail_semantic_cuda.json"
"Qwen_Qwen2_5-3B-Instruct","Qwen/Qwen2.5-3B-Instruct","cnn_dailymail","semantic","shadow_kv_plus","999","0.823516540390024","0.804365956229441","-0.550251721526404","1.91655977576889","0.9921875","127","16256","0.0","raw_results\Qwen_Qwen2_5-3B-Instruct\semantic\seed_999\cnn_dailymail\shadow_kv_plus\benchmark_hf_Qwen_Qwen2_5-3B-Instruct_public_dataset_cnn_dailymail_semantic_cuda.json"
"Qwen_Qwen2_5-3B-Instruct","Qwen/Qwen2.5-3B-Instruct","daily_dialog","semantic","shadow_kv","42","1.00207584132151","0.976312721196138","0.697595677973056","0.374136605509135","0.0","0","0","0.0","raw_results\Qwen_Qwen2_5-3B-Instruct\semantic\seed_42\daily_dialog\shadow_kv\benchmark_hf_Qwen_Qwen2.5-3B-Instruct_public_dataset_daily_dialog_semantic_cuda.json"
"Qwen_Qwen2_5-3B-Instruct","Qwen/Qwen2.5-3B-Instruct","daily_dialog","semantic","shadow_kv_plus","42","0.973365127017465","0.926323035718313","7.13297486274813","11.0813850419389","0.9921875","127","16256","0.0","raw_results\Qwen_Qwen2_5-3B-Instruct\semantic\seed_42\daily_dialog\shadow_kv_plus\benchmark_hf_Qwen_Qwen2.5-3B-Instruct_public_dataset_daily_dialog_semantic_cuda.json"
"Qwen_Qwen2_5-3B-Instruct","Qwen/Qwen2.5-3B-Instruct","daily_dialog","semantic","shadow_kv","123","1.01000468050186","0.984044924918182","2.8131534544179","-0.0190235525490317","0.0","0","0","0.0","raw_results\Qwen_Qwen2_5-3B-Instruct\semantic\seed_123\daily_dialog\shadow_kv\benchmark_hf_Qwen_Qwen2_5-3B-Instruct_public_dataset_daily_dialog_semantic_cuda.json"
"Qwen_Qwen2_5-3B-Instruct","Qwen/Qwen2.5-3B-Instruct","daily_dialog","semantic","shadow_kv_plus","123","0.996539899564615","0.92727415165041","11.616397207298","9.70256818777629","0.9921875","127","16256","0.0","raw_results\Qwen_Qwen2_5-3B-Instruct\semantic\seed_123\daily_dialog\shadow_kv_plus\benchmark_hf_Qwen_Qwen2_5-3B-Instruct_public_dataset_daily_dialog_semantic_cuda.json"
"Qwen_Qwen2_5-3B-Instruct","Qwen/Qwen2.5-3B-Instruct","daily_dialog","semantic","shadow_kv","456","0.980274683220706","0.927783616509436","-3.69417755953194","-2.08582028624978","0.0","0","0","0.0","raw_results\Qwen_Qwen2_5-3B-Instruct\semantic\seed_456\daily_dialog\shadow_kv\benchmark_hf_Qwen_Qwen2_5-3B-Instruct_public_dataset_daily_dialog_semantic_cuda.json"
"Qwen_Qwen2_5-3B-Instruct","Qwen/Qwen2.5-3B-Instruct","daily_dialog","semantic","shadow_kv_plus","456","0.909013225031549","0.858764430124294","9.00262476902936","6.70393328341537","0.9921875","127","16256","0.0","raw_results\Qwen_Qwen2_5-3B-Instruct\semantic\seed_456\daily_dialog\shadow_kv_plus\benchmark_hf_Qwen_Qwen2_5-3B-Instruct_public_dataset_daily_dialog_semantic_cuda.json"
"Qwen_Qwen2_5-3B-Instruct","Qwen/Qwen2.5-3B-Instruct","daily_dialog","semantic","shadow_kv","789","1.0032426855705","0.927298987759153","0.411517387072656","4.18939957892284","0.0","0","0","0.0","raw_results\Qwen_Qwen2_5-3B-Instruct\semantic\seed_789\daily_dialog\shadow_kv\benchmark_hf_Qwen_Qwen2_5-3B-Instruct_public_dataset_daily_dialog_semantic_cuda.json"
"Qwen_Qwen2_5-3B-Instruct","Qwen/Qwen2.5-3B-Instruct","daily_dialog","semantic","shadow_kv_plus","789","0.963151135920979","0.904096540781808","2.92347056352887","15.8485271161786","0.9921875","127","16256","0.0","raw_results\Qwen_Qwen2_5-3B-Instruct\semantic\seed_789\daily_dialog\shadow_kv_plus\benchmark_hf_Qwen_Qwen2_5-3B-Instruct_public_dataset_daily_dialog_semantic_cuda.json"
"Qwen_Qwen2_5-3B-Instruct","Qwen/Qwen2.5-3B-Instruct","daily_dialog","semantic","shadow_kv","999","1.03192858204515","0.944655924567814","-5.0343593022034","1.87112212007977","0.0","0","0","0.0","raw_results\Qwen_Qwen2_5-3B-Instruct\semantic\seed_999\daily_dialog\shadow_kv\benchmark_hf_Qwen_Qwen2_5-3B-Instruct_public_dataset_daily_dialog_semantic_cuda.json"
"Qwen_Qwen2_5-3B-Instruct","Qwen/Qwen2.5-3B-Instruct","daily_dialog","semantic","shadow_kv_plus","999","0.971390278539813","0.901052337222568","2.74301819891883","12.7835668912227","0.9921875","127","16256","0.0","raw_results\Qwen_Qwen2_5-3B-Instruct\semantic\seed_999\daily_dialog\shadow_kv_plus\benchmark_hf_Qwen_Qwen2_5-3B-Instruct_public_dataset_daily_dialog_semantic_cuda.json"
"Qwen_Qwen2_5-3B-Instruct","Qwen/Qwen2.5-3B-Instruct","dolly","semantic","shadow_kv","42","1.00593400103009","0.999062779771247","2.07780559811651","5.20645222466931","0.0","0","0","0.0","raw_results\Qwen_Qwen2_5-3B-Instruct\semantic\seed_42\dolly\shadow_kv\benchmark_hf_Qwen_Qwen2.5-3B-Instruct_public_dataset_dolly_semantic_cuda.json"
"Qwen_Qwen2_5-3B-Instruct","Qwen/Qwen2.5-3B-Instruct","dolly","semantic","shadow_kv_plus","42","0.995485849370914","0.964100183913605","8.667382480843","11.9555486500788","0.9921875","127","16256","0.0","raw_results\Qwen_Qwen2_5-3B-Instruct\semantic\seed_42\dolly\shadow_kv_plus\benchmark_hf_Qwen_Qwen2.5-3B-Instruct_public_dataset_dolly_semantic_cuda.json"
"Qwen_Qwen2_5-3B-Instruct","Qwen/Qwen2.5-3B-Instruct","dolly","semantic","shadow_kv","123","0.978103099952054","0.962326221471114","7.75279154337025","12.3800589330285","0.0","0","0","0.0","raw_results\Qwen_Qwen2_5-3B-Instruct\semantic\seed_123\dolly\shadow_kv\benchmark_hf_Qwen_Qwen2_5-3B-Instruct_public_dataset_dolly_semantic_cuda.json"
"Qwen_Qwen2_5-3B-Instruct","Qwen/Qwen2.5-3B-Instruct","dolly","semantic","shadow_kv_plus","123","0.995065851657962","0.904414184081769","17.0813583927018","11.7362923091263","0.9921875","127","16256","0.0","raw_results\Qwen_Qwen2_5-3B-Instruct\semantic\seed_123\dolly\shadow_kv_plus\benchmark_hf_Qwen_Qwen2_5-3B-Instruct_public_dataset_dolly_semantic_cuda.json"
"Qwen_Qwen2_5-3B-Instruct","Qwen/Qwen2.5-3B-Instruct","dolly","semantic","shadow_kv","456","1.00325566761389","0.941549510025529","-4.62062494533783","6.08052866942823","0.0","0","0","0.0","raw_results\Qwen_Qwen2_5-3B-Instruct\semantic\seed_456\dolly\shadow_kv\benchmark_hf_Qwen_Qwen2_5-3B-Instruct_public_dataset_dolly_semantic_cuda.json"
"Qwen_Qwen2_5-3B-Instruct","Qwen/Qwen2.5-3B-Instruct","dolly","semantic","shadow_kv_plus","456","1.06431631030217","0.935942564761079","3.5479435288189","13.4285748690622","0.9921875","127","16256","0.0","raw_results\Qwen_Qwen2_5-3B-Instruct\semantic\seed_456\dolly\shadow_kv_plus\benchmark_hf_Qwen_Qwen2_5-3B-Instruct_public_dataset_dolly_semantic_cuda.json"
"Qwen_Qwen2_5-3B-Instruct","Qwen/Qwen2.5-3B-Instruct","dolly","semantic","shadow_kv","789","0.942326686930109","0.92918368810503","-0.530029314427415","2.83296013806379","0.0","0","0","0.0","raw_results\Qwen_Qwen2_5-3B-Instruct\semantic\seed_789\dolly\shadow_kv\benchmark_hf_Qwen_Qwen2_5-3B-Instruct_public_dataset_dolly_semantic_cuda.json"
"Qwen_Qwen2_5-3B-Instruct","Qwen/Qwen2.5-3B-Instruct","dolly","semantic","shadow_kv_plus","789","0.935805500435036","0.908820538919751","3.42532318683548","12.5837237939583","0.9921875","127","16256","0.0","raw_results\Qwen_Qwen2_5-3B-Instruct\semantic\seed_789\dolly\shadow_kv_plus\benchmark_hf_Qwen_Qwen2_5-3B-Instruct_public_dataset_dolly_semantic_cuda.json"
"Qwen_Qwen2_5-3B-Instruct","Qwen/Qwen2.5-3B-Instruct","dolly","semantic","shadow_kv","999","1.00538448139339","0.963470151037121","4.39506008707662","6.66737653438258","0.0","0","0","0.0","raw_results\Qwen_Qwen2_5-3B-Instruct\semantic\seed_999\dolly\shadow_kv\benchmark_hf_Qwen_Qwen2_5-3B-Instruct_public_dataset_dolly_semantic_cuda.json"
"Qwen_Qwen2_5-3B-Instruct","Qwen/Qwen2.5-3B-Instruct","dolly","semantic","shadow_kv_plus","999","0.984254313506219","0.937592602622454","9.81867854293368","9.4796479545693","0.9921875","127","16256","0.0","raw_results\Qwen_Qwen2_5-3B-Instruct\semantic\seed_999\dolly\shadow_kv_plus\benchmark_hf_Qwen_Qwen2_5-3B-Instruct_public_dataset_dolly_semantic_cuda.json"
"Qwen_Qwen2_5-3B-Instruct","Qwen/Qwen2.5-3B-Instruct","oasst1","semantic","shadow_kv","42","1.00093183666466","1.03029916234686","1.06372151703751","0.893954793983843","0.0","0","0","0.0","raw_results\Qwen_Qwen2_5-3B-Instruct\semantic\seed_42\oasst1\shadow_kv\benchmark_hf_Qwen_Qwen2.5-3B-Instruct_public_dataset_oasst1_semantic_cuda.json"
"Qwen_Qwen2_5-3B-Instruct","Qwen/Qwen2.5-3B-Instruct","oasst1","semantic","shadow_kv_plus","42","0.981246451734146","1.00468467359359","6.22636734723817","6.28290007912798","0.9921875","127","16256","0.0","raw_results\Qwen_Qwen2_5-3B-Instruct\semantic\seed_42\oasst1\shadow_kv_plus\benchmark_hf_Qwen_Qwen2.5-3B-Instruct_public_dataset_oasst1_semantic_cuda.json"
"Qwen_Qwen2_5-3B-Instruct","Qwen/Qwen2.5-3B-Instruct","oasst1","semantic","shadow_kv","123","0.955599472901587","1.01334042596373","-0.111683207167578","0.114215671945922","0.0","0","0","0.0","raw_results\Qwen_Qwen2_5-3B-Instruct\semantic\seed_123\oasst1\shadow_kv\benchmark_hf_Qwen_Qwen2_5-3B-Instruct_public_dataset_oasst1_semantic_cuda.json"
"Qwen_Qwen2_5-3B-Instruct","Qwen/Qwen2.5-3B-Instruct","oasst1","semantic","shadow_kv_plus","123","0.921609349144993","0.990533987769766","3.1209020908014","5.92053330279852","0.9921875","127","16256","0.0","raw_results\Qwen_Qwen2_5-3B-Instruct\semantic\seed_123\oasst1\shadow_kv_plus\benchmark_hf_Qwen_Qwen2_5-3B-Instruct_public_dataset_oasst1_semantic_cuda.json"
"Qwen_Qwen2_5-3B-Instruct","Qwen/Qwen2.5-3B-Instruct","oasst1","semantic","shadow_kv","456","1.06055399893903","1.02867017913629","4.63509794268804","5.45375908157639","0.0","0","0","0.0","raw_results\Qwen_Qwen2_5-3B-Instruct\semantic\seed_456\oasst1\shadow_kv\benchmark_hf_Qwen_Qwen2_5-3B-Instruct_public_dataset_oasst1_semantic_cuda.json"
"Qwen_Qwen2_5-3B-Instruct","Qwen/Qwen2.5-3B-Instruct","oasst1","semantic","shadow_kv_plus","456","0.991538968196327","0.981383455305604","11.311641755895","13.2470874855278","0.9921875","127","16256","0.0","raw_results\Qwen_Qwen2_5-3B-Instruct\semantic\seed_456\oasst1\shadow_kv_plus\benchmark_hf_Qwen_Qwen2_5-3B-Instruct_public_dataset_oasst1_semantic_cuda.json"
"Qwen_Qwen2_5-3B-Instruct","Qwen/Qwen2.5-3B-Instruct","oasst1","semantic","shadow_kv","789","0.991516022154901","1.02889618651131","5.95060097368463","3.0031931366642","0.0","0","0","0.0","raw_results\Qwen_Qwen2_5-3B-Instruct\semantic\seed_789\oasst1\shadow_kv\benchmark_hf_Qwen_Qwen2_5-3B-Instruct_public_dataset_oasst1_semantic_cuda.json"
"Qwen_Qwen2_5-3B-Instruct","Qwen/Qwen2.5-3B-Instruct","oasst1","semantic","shadow_kv_plus","789","1.0066044660464","1.0037896891962","0.880771579385742","14.1499405207561","0.9921875","127","16256","0.0","raw_results\Qwen_Qwen2_5-3B-Instruct\semantic\seed_789\oasst1\shadow_kv_plus\benchmark_hf_Qwen_Qwen2_5-3B-Instruct_public_dataset_oasst1_semantic_cuda.json"
"Qwen_Qwen2_5-3B-Instruct","Qwen/Qwen2.5-3B-Instruct","oasst1","semantic","shadow_kv","999","1.02300658888387","0.987653875033684","0.146886727638705","-2.58454594816217","0.0","0","0","0.0","raw_results\Qwen_Qwen2_5-3B-Instruct\semantic\seed_999\oasst1\shadow_kv\benchmark_hf_Qwen_Qwen2_5-3B-Instruct_public_dataset_oasst1_semantic_cuda.json"
"Qwen_Qwen2_5-3B-Instruct","Qwen/Qwen2.5-3B-Instruct","oasst1","semantic","shadow_kv_plus","999","1.00605860157567","1.03006031795503","4.90095670162794","3.08103134574935","0.9921875","127","16256","0.0","raw_results\Qwen_Qwen2_5-3B-Instruct\semantic\seed_999\oasst1\shadow_kv_plus\benchmark_hf_Qwen_Qwen2_5-3B-Instruct_public_dataset_oasst1_semantic_cuda.json"
"Qwen_Qwen2_5-3B-Instruct","Qwen/Qwen2.5-3B-Instruct","samsum","semantic","shadow_kv","42","1.0035388971433","0.999340449319631","-0.596136668855666","-1.32321392503014","0.0","0","0","0.0","raw_results\Qwen_Qwen2_5-3B-Instruct\semantic\seed_42\samsum\shadow_kv\benchmark_hf_Qwen_Qwen2.5-3B-Instruct_public_dataset_samsum_semantic_cuda.json"
"Qwen_Qwen2_5-3B-Instruct","Qwen/Qwen2.5-3B-Instruct","samsum","semantic","shadow_kv_plus","42","0.961271182730156","0.97711012608468","4.68398216427892","7.32472109320753","0.9921875","127","16256","0.0","raw_results\Qwen_Qwen2_5-3B-Instruct\semantic\seed_42\samsum\shadow_kv_plus\benchmark_hf_Qwen_Qwen2.5-3B-Instruct_public_dataset_samsum_semantic_cuda.json"
"Qwen_Qwen2_5-3B-Instruct","Qwen/Qwen2.5-3B-Instruct","samsum","semantic","shadow_kv","123","1.09451656361599","0.998375319342254","-1.14883627267809","-4.15094552968229","0.0","0","0","0.0","raw_results\Qwen_Qwen2_5-3B-Instruct\semantic\seed_123\samsum\shadow_kv\benchmark_hf_Qwen_Qwen2_5-3B-Instruct_public_dataset_samsum_semantic_cuda.json"
"Qwen_Qwen2_5-3B-Instruct","Qwen/Qwen2.5-3B-Instruct","samsum","semantic","shadow_kv_plus","123","1.03458635024233","1.00899693562516","8.44831608645157","10.5030386924458","0.9921875","127","16256","0.0","raw_results\Qwen_Qwen2_5-3B-Instruct\semantic\seed_123\samsum\shadow_kv_plus\benchmark_hf_Qwen_Qwen2_5-3B-Instruct_public_dataset_samsum_semantic_cuda.json"
"Qwen_Qwen2_5-3B-Instruct","Qwen/Qwen2.5-3B-Instruct","samsum","semantic","shadow_kv","456","0.958003014064367","1.04980364020042","-4.71801870255946","-0.952626302704799","0.0","0","0","0.0","raw_results\Qwen_Qwen2_5-3B-Instruct\semantic\seed_456\samsum\shadow_kv\benchmark_hf_Qwen_Qwen2_5-3B-Instruct_public_dataset_samsum_semantic_cuda.json"
"Qwen_Qwen2_5-3B-Instruct","Qwen/Qwen2.5-3B-Instruct","samsum","semantic","shadow_kv_plus","456","0.976247277592906","1.0288560016848","-4.5030093741518","2.41070494131719","0.9921875","127","16256","0.0","raw_results\Qwen_Qwen2_5-3B-Instruct\semantic\seed_456\samsum\shadow_kv_plus\benchmark_hf_Qwen_Qwen2_5-3B-Instruct_public_dataset_samsum_semantic_cuda.json"
"Qwen_Qwen2_5-3B-Instruct","Qwen/Qwen2.5-3B-Instruct","samsum","semantic","shadow_kv","789","0.991636788320202","1.01101006997551","0.751171293850861","-0.248198449349054","0.0","0","0","0.0","raw_results\Qwen_Qwen2_5-3B-Instruct\semantic\seed_789\samsum\shadow_kv\benchmark_hf_Qwen_Qwen2_5-3B-Instruct_public_dataset_samsum_semantic_cuda.json"
"Qwen_Qwen2_5-3B-Instruct","Qwen/Qwen2.5-3B-Instruct","samsum","semantic","shadow_kv_plus","789","0.953133769799922","0.960169012575389","4.92499124034448","8.97509258139157","0.9921875","127","16256","0.0","raw_results\Qwen_Qwen2_5-3B-Instruct\semantic\seed_789\samsum\shadow_kv_plus\benchmark_hf_Qwen_Qwen2_5-3B-Instruct_public_dataset_samsum_semantic_cuda.json"
"Qwen_Qwen2_5-3B-Instruct","Qwen/Qwen2.5-3B-Instruct","samsum","semantic","shadow_kv","999","1.03341554991911","1.00086637405141","9.94159393275809","-7.44602992781829","0.0","0","0","0.0","raw_results\Qwen_Qwen2_5-3B-Instruct\semantic\seed_999\samsum\shadow_kv\benchmark_hf_Qwen_Qwen2_5-3B-Instruct_public_dataset_samsum_semantic_cuda.json"
"Qwen_Qwen2_5-3B-Instruct","Qwen/Qwen2.5-3B-Instruct","samsum","semantic","shadow_kv_plus","999","0.972799187474248","0.977761620888335","9.93604602594507","10.5602735059849","0.9921875","127","16256","0.0","raw_results\Qwen_Qwen2_5-3B-Instruct\semantic\seed_999\samsum\shadow_kv_plus\benchmark_hf_Qwen_Qwen2_5-3B-Instruct_public_dataset_samsum_semantic_cuda.json"
"Qwen_Qwen2_5-3B-Instruct","Qwen/Qwen2.5-3B-Instruct","ultrachat","semantic","shadow_kv","42","0.999175783100774","0.99887869943053","-0.392474768331423","0.856123815376745","0.0","0","0","0.0","raw_results\Qwen_Qwen2_5-3B-Instruct\semantic\seed_42\ultrachat\shadow_kv\benchmark_hf_Qwen_Qwen2.5-3B-Instruct_public_dataset_ultrachat_semantic_cuda.json"
"Qwen_Qwen2_5-3B-Instruct","Qwen/Qwen2.5-3B-Instruct","ultrachat","semantic","shadow_kv_plus","42","0.963786441728306","0.885835702704254","-0.404204822819933","1.04833297853602","0.9921875","127","16256","0.0","raw_results\Qwen_Qwen2_5-3B-Instruct\semantic\seed_42\ultrachat\shadow_kv_plus\benchmark_hf_Qwen_Qwen2.5-3B-Instruct_public_dataset_ultrachat_semantic_cuda.json"
"Qwen_Qwen2_5-3B-Instruct","Qwen/Qwen2.5-3B-Instruct","ultrachat","semantic","shadow_kv","123","0.985434878853126","1.00792231267175","-1.22997988227575","7.50615638564935","0.0","0","0","0.0","raw_results\Qwen_Qwen2_5-3B-Instruct\semantic\seed_123\ultrachat\shadow_kv\benchmark_hf_Qwen_Qwen2_5-3B-Instruct_public_dataset_ultrachat_semantic_cuda.json"
"Qwen_Qwen2_5-3B-Instruct","Qwen/Qwen2.5-3B-Instruct","ultrachat","semantic","shadow_kv_plus","123","0.894004662342706","0.946368666438792","-1.77923640759986","3.06689490610369","0.9921875","127","16256","0.0","raw_results\Qwen_Qwen2_5-3B-Instruct\semantic\seed_123\ultrachat\shadow_kv_plus\benchmark_hf_Qwen_Qwen2_5-3B-Instruct_public_dataset_ultrachat_semantic_cuda.json"
"Qwen_Qwen2_5-3B-Instruct","Qwen/Qwen2.5-3B-Instruct","ultrachat","semantic","shadow_kv","456","1.01565504417126","0.936534062246","1.4778067965689","-6.13611047955285","0.0","0","0","0.0","raw_results\Qwen_Qwen2_5-3B-Instruct\semantic\seed_456\ultrachat\shadow_kv\benchmark_hf_Qwen_Qwen2_5-3B-Instruct_public_dataset_ultrachat_semantic_cuda.json"
"Qwen_Qwen2_5-3B-Instruct","Qwen/Qwen2.5-3B-Instruct","ultrachat","semantic","shadow_kv_plus","456","0.987954270818128","0.892643057222114","0.944750233241818","3.48249727786061","0.9921875","127","16256","0.0","raw_results\Qwen_Qwen2_5-3B-Instruct\semantic\seed_456\ultrachat\shadow_kv_plus\benchmark_hf_Qwen_Qwen2_5-3B-Instruct_public_dataset_ultrachat_semantic_cuda.json"
"Qwen_Qwen2_5-3B-Instruct","Qwen/Qwen2.5-3B-Instruct","ultrachat","semantic","shadow_kv","789","0.970813699168945","1.0073404582108","0.696827854220157","-0.935112809637406","0.0","0","0","0.0","raw_results\Qwen_Qwen2_5-3B-Instruct\semantic\seed_789\ultrachat\shadow_kv\benchmark_hf_Qwen_Qwen2_5-3B-Instruct_public_dataset_ultrachat_semantic_cuda.json"
"Qwen_Qwen2_5-3B-Instruct","Qwen/Qwen2.5-3B-Instruct","ultrachat","semantic","shadow_kv_plus","789","0.955197463880593","0.868785523511336","1.48764637184938","3.67248958243022","0.9921875","127","16256","0.0","raw_results\Qwen_Qwen2_5-3B-Instruct\semantic\seed_789\ultrachat\shadow_kv_plus\benchmark_hf_Qwen_Qwen2_5-3B-Instruct_public_dataset_ultrachat_semantic_cuda.json"
"Qwen_Qwen2_5-3B-Instruct","Qwen/Qwen2.5-3B-Instruct","ultrachat","semantic","shadow_kv","999","0.985277456714685","0.96881900548527","0.592269892163482","-2.30015749784368","0.0","0","0","0.0","raw_results\Qwen_Qwen2_5-3B-Instruct\semantic\seed_999\ultrachat\shadow_kv\benchmark_hf_Qwen_Qwen2_5-3B-Instruct_public_dataset_ultrachat_semantic_cuda.json"
"Qwen_Qwen2_5-3B-Instruct","Qwen/Qwen2.5-3B-Instruct","ultrachat","semantic","shadow_kv_plus","999","0.989079350271114","0.867131898736723","-0.685464642397588","0.410052989024422","0.9921875","127","16256","0.0","raw_results\Qwen_Qwen2_5-3B-Instruct\semantic\seed_999\ultrachat\shadow_kv_plus\benchmark_hf_Qwen_Qwen2_5-3B-Instruct_public_dataset_ultrachat_semantic_cuda.json"
"Qwen_Qwen2_5-3B-Instruct","Qwen/Qwen2.5-3B-Instruct","xsum","semantic","shadow_kv","42","1.00216216884802","0.994051988875623","-4.42448276350195","-4.63855961955209","0.0","0","0","0.0","raw_results\Qwen_Qwen2_5-3B-Instruct\semantic\seed_42\xsum\shadow_kv\benchmark_hf_Qwen_Qwen2.5-3B-Instruct_public_dataset_xsum_semantic_cuda.json"
"Qwen_Qwen2_5-3B-Instruct","Qwen/Qwen2.5-3B-Instruct","xsum","semantic","shadow_kv_plus","42","0.893860088853514","0.823718761543808","-2.230239250318","-0.959951049307316","0.9921875","127","16256","0.0","raw_results\Qwen_Qwen2_5-3B-Instruct\semantic\seed_42\xsum\shadow_kv_plus\benchmark_hf_Qwen_Qwen2.5-3B-Instruct_public_dataset_xsum_semantic_cuda.json"
"Qwen_Qwen2_5-3B-Instruct","Qwen/Qwen2.5-3B-Instruct","xsum","semantic","shadow_kv","123","0.990314023002838","1.11198475572217","-4.39404553140607","-5.67400930290176","0.0","0","0","0.0","raw_results\Qwen_Qwen2_5-3B-Instruct\semantic\seed_123\xsum\shadow_kv\benchmark_hf_Qwen_Qwen2_5-3B-Instruct_public_dataset_xsum_semantic_cuda.json"
"Qwen_Qwen2_5-3B-Instruct","Qwen/Qwen2.5-3B-Instruct","xsum","semantic","shadow_kv_plus","123","0.871646545615864","0.878900121757584","-2.81821235347983","-1.40935124075718","0.9921875","127","16256","0.0","raw_results\Qwen_Qwen2_5-3B-Instruct\semantic\seed_123\xsum\shadow_kv_plus\benchmark_hf_Qwen_Qwen2_5-3B-Instruct_public_dataset_xsum_semantic_cuda.json"
"Qwen_Qwen2_5-3B-Instruct","Qwen/Qwen2.5-3B-Instruct","xsum","semantic","shadow_kv","456","1.00572690208547","0.987459182565785","0.0290013959231997","4.85283552264223","0.0","0","0","0.0","raw_results\Qwen_Qwen2_5-3B-Instruct\semantic\seed_456\xsum\shadow_kv\benchmark_hf_Qwen_Qwen2_5-3B-Instruct_public_dataset_xsum_semantic_cuda.json"
"Qwen_Qwen2_5-3B-Instruct","Qwen/Qwen2.5-3B-Instruct","xsum","semantic","shadow_kv_plus","456","0.900459746845604","0.900592704509412","1.90208896964922","-1.92747755792479","0.9921875","127","16256","0.0","raw_results\Qwen_Qwen2_5-3B-Instruct\semantic\seed_456\xsum\shadow_kv_plus\benchmark_hf_Qwen_Qwen2_5-3B-Instruct_public_dataset_xsum_semantic_cuda.json"
"Qwen_Qwen2_5-3B-Instruct","Qwen/Qwen2.5-3B-Instruct","xsum","semantic","shadow_kv","789","0.988006468340146","0.988916779699529","-4.15877842227189","1.71483699760037","0.0","0","0","0.0","raw_results\Qwen_Qwen2_5-3B-Instruct\semantic\seed_789\xsum\shadow_kv\benchmark_hf_Qwen_Qwen2_5-3B-Instruct_public_dataset_xsum_semantic_cuda.json"
"Qwen_Qwen2_5-3B-Instruct","Qwen/Qwen2.5-3B-Instruct","xsum","semantic","shadow_kv_plus","789","0.883877722258264","0.800839607526615","-4.37187373453365","1.12164400385284","0.9921875","127","16256","0.0","raw_results\Qwen_Qwen2_5-3B-Instruct\semantic\seed_789\xsum\shadow_kv_plus\benchmark_hf_Qwen_Qwen2_5-3B-Instruct_public_dataset_xsum_semantic_cuda.json"
"Qwen_Qwen2_5-3B-Instruct","Qwen/Qwen2.5-3B-Instruct","xsum","semantic","shadow_kv","999","1.00098421016552","0.988779905578038","-2.32602676952464","-5.46216258192304","0.0","0","0","0.0","raw_results\Qwen_Qwen2_5-3B-Instruct\semantic\seed_999\xsum\shadow_kv\benchmark_hf_Qwen_Qwen2_5-3B-Instruct_public_dataset_xsum_semantic_cuda.json"
"Qwen_Qwen2_5-3B-Instruct","Qwen/Qwen2.5-3B-Instruct","xsum","semantic","shadow_kv_plus","999","0.858871800044776","0.784292152668366","0.541464929841494","0.668011598887782","0.9921875","127","16256","0.0","raw_results\Qwen_Qwen2_5-3B-Instruct\semantic\seed_999\xsum\shadow_kv_plus\benchmark_hf_Qwen_Qwen2_5-3B-Instruct_public_dataset_xsum_semantic_cuda.json"
"Qwen_Qwen2_5-7B-Instruct","Qwen/Qwen2.5-7B-Instruct","ag_news","semantic","shadow_kv","42","0.998161964855751","0.997775245331599","-3.77364106968719","8.72090114807807","0.0","0","0","0.0","raw_results\Qwen_Qwen2_5-7B-Instruct\semantic\seed_42\ag_news\shadow_kv\benchmark_hf_Qwen_Qwen2.5-7B-Instruct_public_dataset_ag_news_semantic_cuda.json"
"Qwen_Qwen2_5-7B-Instruct","Qwen/Qwen2.5-7B-Instruct","ag_news","semantic","shadow_kv_plus","42","1.01551168418069","1.01562312534248","6.85758847523531","28.8810086330782","0.9921875","127","16256","0.0","raw_results\Qwen_Qwen2_5-7B-Instruct\semantic\seed_42\ag_news\shadow_kv_plus\benchmark_hf_Qwen_Qwen2.5-7B-Instruct_public_dataset_ag_news_semantic_cuda.json"
"Qwen_Qwen2_5-7B-Instruct","Qwen/Qwen2.5-7B-Instruct","ag_news","semantic","shadow_kv","123","0.962857708880042","0.971185914341122","-7.39232743531167","12.5230259458291","0.0","0","0","0.0","raw_results\Qwen_Qwen2_5-7B-Instruct\semantic\seed_123\ag_news\shadow_kv\benchmark_hf_Qwen_Qwen2_5-7B-Instruct_public_dataset_ag_news_semantic_cuda.json"
"Qwen_Qwen2_5-7B-Instruct","Qwen/Qwen2.5-7B-Instruct","ag_news","semantic","shadow_kv_plus","123","0.986971095980828","1.01365722729326","1.44588965564599","27.115926387689","0.9921875","127","16256","0.0","raw_results\Qwen_Qwen2_5-7B-Instruct\semantic\seed_123\ag_news\shadow_kv_plus\benchmark_hf_Qwen_Qwen2_5-7B-Instruct_public_dataset_ag_news_semantic_cuda.json"
"Qwen_Qwen2_5-7B-Instruct","Qwen/Qwen2.5-7B-Instruct","ag_news","semantic","shadow_kv","456","0.984109565754386","1.00310070285582","-5.35437697353696","3.3053836639192","0.0","0","0","0.0","raw_results\Qwen_Qwen2_5-7B-Instruct\semantic\seed_456\ag_news\shadow_kv\benchmark_hf_Qwen_Qwen2_5-7B-Instruct_public_dataset_ag_news_semantic_cuda.json"
"Qwen_Qwen2_5-7B-Instruct","Qwen/Qwen2.5-7B-Instruct","ag_news","semantic","shadow_kv_plus","456","1.02171519687901","1.05057869092049","6.23813591967469","23.3592616625728","0.9921875","127","16256","0.0","raw_results\Qwen_Qwen2_5-7B-Instruct\semantic\seed_456\ag_news\shadow_kv_plus\benchmark_hf_Qwen_Qwen2_5-7B-Instruct_public_dataset_ag_news_semantic_cuda.json"
"Qwen_Qwen2_5-7B-Instruct","Qwen/Qwen2.5-7B-Instruct","ag_news","semantic","shadow_kv","789","1.01960162457641","1.01576308944601","-5.26638069081602","9.63915551095505","0.0","0","0","0.0","raw_results\Qwen_Qwen2_5-7B-Instruct\semantic\seed_789\ag_news\shadow_kv\benchmark_hf_Qwen_Qwen2_5-7B-Instruct_public_dataset_ag_news_semantic_cuda.json"
"Qwen_Qwen2_5-7B-Instruct","Qwen/Qwen2.5-7B-Instruct","ag_news","semantic","shadow_kv_plus","789","1.03027119722064","1.10009117353892","9.45693339806244","32.6740492239357","0.9921875","127","16256","0.0","raw_results\Qwen_Qwen2_5-7B-Instruct\semantic\seed_789\ag_news\shadow_kv_plus\benchmark_hf_Qwen_Qwen2_5-7B-Instruct_public_dataset_ag_news_semantic_cuda.json"
"Qwen_Qwen2_5-7B-Instruct","Qwen/Qwen2.5-7B-Instruct","ag_news","semantic","shadow_kv","999","1.00220530971222","0.988936248362732","-3.29661761716379","7.21546125040459","0.0","0","0","0.0","raw_results\Qwen_Qwen2_5-7B-Instruct\semantic\seed_999\ag_news\shadow_kv\benchmark_hf_Qwen_Qwen2_5-7B-Instruct_public_dataset_ag_news_semantic_cuda.json"
"Qwen_Qwen2_5-7B-Instruct","Qwen/Qwen2.5-7B-Instruct","ag_news","semantic","shadow_kv_plus","999","1.03821820616202","1.04751966359264","11.3622344937481","26.4926874949433","0.9921875","127","16256","0.0","raw_results\Qwen_Qwen2_5-7B-Instruct\semantic\seed_999\ag_news\shadow_kv_plus\benchmark_hf_Qwen_Qwen2_5-7B-Instruct_public_dataset_ag_news_semantic_cuda.json"
"Qwen_Qwen2_5-7B-Instruct","Qwen/Qwen2.5-7B-Instruct","alpaca_eval","semantic","shadow_kv","42","1.00014158590708","0.998493715950903","0.396826383098239","-0.925567102015792","0.0","0","0","0.0","raw_results\Qwen_Qwen2_5-7B-Instruct\semantic\seed_42\alpaca_eval\shadow_kv\benchmark_hf_Qwen_Qwen2.5-7B-Instruct_public_dataset_alpaca_eval_semantic_cuda.json"
"Qwen_Qwen2_5-7B-Instruct","Qwen/Qwen2.5-7B-Instruct","alpaca_eval","semantic","shadow_kv_plus","42","1.04006337094229","1.03149871767989","6.31088471809886","7.09130589068972","0.9921875","127","16256","0.0","raw_results\Qwen_Qwen2_5-7B-Instruct\semantic\seed_42\alpaca_eval\shadow_kv_plus\benchmark_hf_Qwen_Qwen2.5-7B-Instruct_public_dataset_alpaca_eval_semantic_cuda.json"
"Qwen_Qwen2_5-7B-Instruct","Qwen/Qwen2.5-7B-Instruct","alpaca_eval","semantic","shadow_kv","123","0.986153280036537","0.98432349191682","-8.35699894074808","-5.48787870875222","0.0","0","0","0.0","raw_results\Qwen_Qwen2_5-7B-Instruct\semantic\seed_123\alpaca_eval\shadow_kv\benchmark_hf_Qwen_Qwen2_5-7B-Instruct_public_dataset_alpaca_eval_semantic_cuda.json"
"Qwen_Qwen2_5-7B-Instruct","Qwen/Qwen2.5-7B-Instruct","alpaca_eval","semantic","shadow_kv_plus","123","1.02909602317562","1.05616991652618","-3.71936409406264","-1.46215568718561","0.9921875","127","16256","0.0","raw_results\Qwen_Qwen2_5-7B-Instruct\semantic\seed_123\alpaca_eval\shadow_kv_plus\benchmark_hf_Qwen_Qwen2_5-7B-Instruct_public_dataset_alpaca_eval_semantic_cuda.json"
"Qwen_Qwen2_5-7B-Instruct","Qwen/Qwen2.5-7B-Instruct","alpaca_eval","semantic","shadow_kv","456","0.998711564384893","0.92149993904082","-0.778270565457237","3.78605072524755","0.0","0","0","0.0","raw_results\Qwen_Qwen2_5-7B-Instruct\semantic\seed_456\alpaca_eval\shadow_kv\benchmark_hf_Qwen_Qwen2_5-7B-Instruct_public_dataset_alpaca_eval_semantic_cuda.json"
"Qwen_Qwen2_5-7B-Instruct","Qwen/Qwen2.5-7B-Instruct","alpaca_eval","semantic","shadow_kv_plus","456","1.06048747460347","0.975660633052157","10.2294872773468","8.57280458090719","0.9921875","127","16256","0.0","raw_results\Qwen_Qwen2_5-7B-Instruct\semantic\seed_456\alpaca_eval\shadow_kv_plus\benchmark_hf_Qwen_Qwen2_5-7B-Instruct_public_dataset_alpaca_eval_semantic_cuda.json"
"Qwen_Qwen2_5-7B-Instruct","Qwen/Qwen2.5-7B-Instruct","alpaca_eval","semantic","shadow_kv","789","0.942757312056909","1.01145047076961","-3.36709698712655","-7.01840402031033","0.0","0","0","0.0","raw_results\Qwen_Qwen2_5-7B-Instruct\semantic\seed_789\alpaca_eval\shadow_kv\benchmark_hf_Qwen_Qwen2_5-7B-Instruct_public_dataset_alpaca_eval_semantic_cuda.json"
"Qwen_Qwen2_5-7B-Instruct","Qwen/Qwen2.5-7B-Instruct","alpaca_eval","semantic","shadow_kv_plus","789","0.990724128934966","1.10082085893562","12.2465042543417","2.52807475969187","0.9921875","127","16256","0.0","raw_results\Qwen_Qwen2_5-7B-Instruct\semantic\seed_789\alpaca_eval\shadow_kv_plus\benchmark_hf_Qwen_Qwen2_5-7B-Instruct_public_dataset_alpaca_eval_semantic_cuda.json"
"Qwen_Qwen2_5-7B-Instruct","Qwen/Qwen2.5-7B-Instruct","alpaca_eval","semantic","shadow_kv","999","0.971556413303248","1.09350196224074","-6.44478997582053","-2.78547416285164","0.0","0","0","0.0","raw_results\Qwen_Qwen2_5-7B-Instruct\semantic\seed_999\alpaca_eval\shadow_kv\benchmark_hf_Qwen_Qwen2_5-7B-Instruct_public_dataset_alpaca_eval_semantic_cuda.json"
"Qwen_Qwen2_5-7B-Instruct","Qwen/Qwen2.5-7B-Instruct","alpaca_eval","semantic","shadow_kv_plus","999","1.01932975910201","1.03175409223075","3.59634837098125","8.40388300099635","0.9921875","127","16256","0.0","raw_results\Qwen_Qwen2_5-7B-Instruct\semantic\seed_999\alpaca_eval\shadow_kv_plus\benchmark_hf_Qwen_Qwen2_5-7B-Instruct_public_dataset_alpaca_eval_semantic_cuda.json"
"Qwen_Qwen2_5-7B-Instruct","Qwen/Qwen2.5-7B-Instruct","banking77","semantic","shadow_kv","42","1.00173704037334","1.00576218096035","0.694479504661851","1.49363799143483","0.0","0","0","0.0","raw_results\Qwen_Qwen2_5-7B-Instruct\semantic\seed_42\banking77\shadow_kv\benchmark_hf_Qwen_Qwen2.5-7B-Instruct_public_dataset_banking77_semantic_cuda.json"
"Qwen_Qwen2_5-7B-Instruct","Qwen/Qwen2.5-7B-Instruct","banking77","semantic","shadow_kv_plus","42","1.03768161816302","1.02942234822306","12.3673401150795","16.4369603490968","0.9921875","127","16256","0.0","raw_results\Qwen_Qwen2_5-7B-Instruct\semantic\seed_42\banking77\shadow_kv_plus\benchmark_hf_Qwen_Qwen2.5-7B-Instruct_public_dataset_banking77_semantic_cuda.json"
"Qwen_Qwen2_5-7B-Instruct","Qwen/Qwen2.5-7B-Instruct","banking77","semantic","shadow_kv","123","1.06001443779533","1.01432852708436","0.966797203231951","3.81423696282625","0.0","0","0","0.0","raw_results\Qwen_Qwen2_5-7B-Instruct\semantic\seed_123\banking77\shadow_kv\benchmark_hf_Qwen_Qwen2_5-7B-Instruct_public_dataset_banking77_semantic_cuda.json"
"Qwen_Qwen2_5-7B-Instruct","Qwen/Qwen2.5-7B-Instruct","banking77","semantic","shadow_kv_plus","123","1.03659580033647","1.09339831315798","12.0785242173797","20.2220927950864","0.9921875","127","16256","0.0","raw_results\Qwen_Qwen2_5-7B-Instruct\semantic\seed_123\banking77\shadow_kv_plus\benchmark_hf_Qwen_Qwen2_5-7B-Instruct_public_dataset_banking77_semantic_cuda.json"
"Qwen_Qwen2_5-7B-Instruct","Qwen/Qwen2.5-7B-Instruct","banking77","semantic","shadow_kv","456","0.942054536821475","0.985528380118566","-2.33205381061475","0.547748445321827","0.0","0","0","0.0","raw_results\Qwen_Qwen2_5-7B-Instruct\semantic\seed_456\banking77\shadow_kv\benchmark_hf_Qwen_Qwen2_5-7B-Instruct_public_dataset_banking77_semantic_cuda.json"
"Qwen_Qwen2_5-7B-Instruct","Qwen/Qwen2.5-7B-Instruct","banking77","semantic","shadow_kv_plus","456","1.04043573821111","1.02356674988434","13.5113869130206","16.7301689454291","0.9921875","127","16256","0.0","raw_results\Qwen_Qwen2_5-7B-Instruct\semantic\seed_456\banking77\shadow_kv_plus\benchmark_hf_Qwen_Qwen2_5-7B-Instruct_public_dataset_banking77_semantic_cuda.json"
"Qwen_Qwen2_5-7B-Instruct","Qwen/Qwen2.5-7B-Instruct","banking77","semantic","shadow_kv","789","0.986008288500017","1.04939275920938","-3.85154888663736","3.44519662311286","0.0","0","0","0.0","raw_results\Qwen_Qwen2_5-7B-Instruct\semantic\seed_789\banking77\shadow_kv\benchmark_hf_Qwen_Qwen2_5-7B-Instruct_public_dataset_banking77_semantic_cuda.json"
"Qwen_Qwen2_5-7B-Instruct","Qwen/Qwen2.5-7B-Instruct","banking77","semantic","shadow_kv_plus","789","0.998182771782879","1.00723410063786","12.4321685413714","17.623719872861","0.9921875","127","16256","0.0","raw_results\Qwen_Qwen2_5-7B-Instruct\semantic\seed_789\banking77\shadow_kv_plus\benchmark_hf_Qwen_Qwen2_5-7B-Instruct_public_dataset_banking77_semantic_cuda.json"
"Qwen_Qwen2_5-7B-Instruct","Qwen/Qwen2.5-7B-Instruct","banking77","semantic","shadow_kv","999","1.06926658267277","0.996318368253732","-6.80334892983639","-3.18714640765138","0.0","0","0","0.0","raw_results\Qwen_Qwen2_5-7B-Instruct\semantic\seed_999\banking77\shadow_kv\benchmark_hf_Qwen_Qwen2_5-7B-Instruct_public_dataset_banking77_semantic_cuda.json"
"Qwen_Qwen2_5-7B-Instruct","Qwen/Qwen2.5-7B-Instruct","banking77","semantic","shadow_kv_plus","999","1.08735244271584","0.992239073061437","6.77135307675889","16.0403051199019","0.9921875","127","16256","0.0","raw_results\Qwen_Qwen2_5-7B-Instruct\semantic\seed_999\banking77\shadow_kv_plus\benchmark_hf_Qwen_Qwen2_5-7B-Instruct_public_dataset_banking77_semantic_cuda.json"
"Qwen_Qwen2_5-7B-Instruct","Qwen/Qwen2.5-7B-Instruct","cnn_dailymail","semantic","shadow_kv","42","0.999257688103148","0.996988386432959","1.08235942456071","1.80801277526505","0.0","0","0","0.0","raw_results\Qwen_Qwen2_5-7B-Instruct\semantic\seed_42\cnn_dailymail\shadow_kv\benchmark_hf_Qwen_Qwen2.5-7B-Instruct_public_dataset_cnn_dailymail_semantic_cuda.json"
"Qwen_Qwen2_5-7B-Instruct","Qwen/Qwen2.5-7B-Instruct","cnn_dailymail","semantic","shadow_kv_plus","42","0.992054125403292","0.994873035936007","3.56619023528135","5.67832678043351","0.9921875","127","16256","0.0","raw_results\Qwen_Qwen2_5-7B-Instruct\semantic\seed_42\cnn_dailymail\shadow_kv_plus\benchmark_hf_Qwen_Qwen2.5-7B-Instruct_public_dataset_cnn_dailymail_semantic_cuda.json"
"Qwen_Qwen2_5-7B-Instruct","Qwen/Qwen2.5-7B-Instruct","cnn_dailymail","semantic","shadow_kv","123","1.06890907845342","1.01902014983061","-1.66033689284898","0.612005821936172","0.0","0","0","0.0","raw_results\Qwen_Qwen2_5-7B-Instruct\semantic\seed_123\cnn_dailymail\shadow_kv\benchmark_hf_Qwen_Qwen2_5-7B-Instruct_public_dataset_cnn_dailymail_semantic_cuda.json"
"Qwen_Qwen2_5-7B-Instruct","Qwen/Qwen2.5-7B-Instruct","cnn_dailymail","semantic","shadow_kv_plus","123","1.03419272325648","1.03215205318005","0.172814237970816","6.64277086907663","0.9921875","127","16256","0.0","raw_results\Qwen_Qwen2_5-7B-Instruct\semantic\seed_123\cnn_dailymail\shadow_kv_plus\benchmark_hf_Qwen_Qwen2_5-7B-Instruct_public_dataset_cnn_dailymail_semantic_cuda.json"
"Qwen_Qwen2_5-7B-Instruct","Qwen/Qwen2.5-7B-Instruct","cnn_dailymail","semantic","shadow_kv","456","0.959268148016719","1.04563141062677","-4.36790511716841","-0.949944376094446","0.0","0","0","0.0","raw_results\Qwen_Qwen2_5-7B-Instruct\semantic\seed_456\cnn_dailymail\shadow_kv\benchmark_hf_Qwen_Qwen2_5-7B-Instruct_public_dataset_cnn_dailymail_semantic_cuda.json"
"Qwen_Qwen2_5-7B-Instruct","Qwen/Qwen2.5-7B-Instruct","cnn_dailymail","semantic","shadow_kv_plus","456","0.938284938669673","1.03969859694741","-1.09903935453445","5.17152031936116","0.9921875","127","16256","0.0","raw_results\Qwen_Qwen2_5-7B-Instruct\semantic\seed_456\cnn_dailymail\shadow_kv_plus\benchmark_hf_Qwen_Qwen2_5-7B-Instruct_public_dataset_cnn_dailymail_semantic_cuda.json"
"Qwen_Qwen2_5-7B-Instruct","Qwen/Qwen2.5-7B-Instruct","cnn_dailymail","semantic","shadow_kv","789","0.966221328817294","0.962297341219758","0.253079591418815","5.13298167411786","0.0","0","0","0.0","raw_results\Qwen_Qwen2_5-7B-Instruct\semantic\seed_789\cnn_dailymail\shadow_kv\benchmark_hf_Qwen_Qwen2_5-7B-Instruct_public_dataset_cnn_dailymail_semantic_cuda.json"
"Qwen_Qwen2_5-7B-Instruct","Qwen/Qwen2.5-7B-Instruct","cnn_dailymail","semantic","shadow_kv_plus","789","0.967854993993805","0.94707997617954","-3.43610952344661","3.48185553791498","0.9921875","127","16256","0.0","raw_results\Qwen_Qwen2_5-7B-Instruct\semantic\seed_789\cnn_dailymail\shadow_kv_plus\benchmark_hf_Qwen_Qwen2_5-7B-Instruct_public_dataset_cnn_dailymail_semantic_cuda.json"
"Qwen_Qwen2_5-7B-Instruct","Qwen/Qwen2.5-7B-Instruct","cnn_dailymail","semantic","shadow_kv","999","1.06193565698741","0.995332062886373","4.29192380865475","-8.47904425995977","0.0","0","0","0.0","raw_results\Qwen_Qwen2_5-7B-Instruct\semantic\seed_999\cnn_dailymail\shadow_kv\benchmark_hf_Qwen_Qwen2_5-7B-Instruct_public_dataset_cnn_dailymail_semantic_cuda.json"
"Qwen_Qwen2_5-7B-Instruct","Qwen/Qwen2.5-7B-Instruct","cnn_dailymail","semantic","shadow_kv_plus","999","1.13548205900603","1.0149501164206","2.42653004718099","-5.68701048937398","0.9921875","127","16256","0.0","raw_results\Qwen_Qwen2_5-7B-Instruct\semantic\seed_999\cnn_dailymail\shadow_kv_plus\benchmark_hf_Qwen_Qwen2_5-7B-Instruct_public_dataset_cnn_dailymail_semantic_cuda.json"
"Qwen_Qwen2_5-7B-Instruct","Qwen/Qwen2.5-7B-Instruct","daily_dialog","semantic","shadow_kv","42","1.00097755561382","0.999265581736963","0.31307022451355","-0.347566343422379","0.0","0","0","0.0","raw_results\Qwen_Qwen2_5-7B-Instruct\semantic\seed_42\daily_dialog\shadow_kv\benchmark_hf_Qwen_Qwen2.5-7B-Instruct_public_dataset_daily_dialog_semantic_cuda.json"
"Qwen_Qwen2_5-7B-Instruct","Qwen/Qwen2.5-7B-Instruct","daily_dialog","semantic","shadow_kv_plus","42","1.0230034206063","1.02664834996601","8.32271078094644","9.55538109213845","0.9921875","127","16256","0.0","raw_results\Qwen_Qwen2_5-7B-Instruct\semantic\seed_42\daily_dialog\shadow_kv_plus\benchmark_hf_Qwen_Qwen2.5-7B-Instruct_public_dataset_daily_dialog_semantic_cuda.json"
"Qwen_Qwen2_5-7B-Instruct","Qwen/Qwen2.5-7B-Instruct","daily_dialog","semantic","shadow_kv","123","0.980682844026641","0.984470820146421","9.36684411231258","0.580278351050422","0.0","0","0","0.0","raw_results\Qwen_Qwen2_5-7B-Instruct\semantic\seed_123\daily_dialog\shadow_kv\benchmark_hf_Qwen_Qwen2_5-7B-Instruct_public_dataset_daily_dialog_semantic_cuda.json"
"Qwen_Qwen2_5-7B-Instruct","Qwen/Qwen2.5-7B-Instruct","daily_dialog","semantic","shadow_kv_plus","123","1.01697451578866","1.0865004856665","10.0188813108258","9.53680175220027","0.9921875","127","16256","0.0","raw_results\Qwen_Qwen2_5-7B-Instruct\semantic\seed_123\daily_dialog\shadow_kv_plus\benchmark_hf_Qwen_Qwen2_5-7B-Instruct_public_dataset_daily_dialog_semantic_cuda.json"
"Qwen_Qwen2_5-7B-Instruct","Qwen/Qwen2.5-7B-Instruct","daily_dialog","semantic","shadow_kv","456","1.03204862041918","0.990431165378567","1.36817250133505","-6.5145474798352","0.0","0","0","0.0","raw_results\Qwen_Qwen2_5-7B-Instruct\semantic\seed_456\daily_dialog\shadow_kv\benchmark_hf_Qwen_Qwen2_5-7B-Instruct_public_dataset_daily_dialog_semantic_cuda.json"
"Qwen_Qwen2_5-7B-Instruct","Qwen/Qwen2.5-7B-Instruct","daily_dialog","semantic","shadow_kv_plus","456","0.998405064535784","0.982278380522192","6.82204436960992","3.70245384239267","0.9921875","127","16256","0.0","raw_results\Qwen_Qwen2_5-7B-Instruct\semantic\seed_456\daily_dialog\shadow_kv_plus\benchmark_hf_Qwen_Qwen2_5-7B-Instruct_public_dataset_daily_dialog_semantic_cuda.json"
"Qwen_Qwen2_5-7B-Instruct","Qwen/Qwen2.5-7B-Instruct","daily_dialog","semantic","shadow_kv","789","0.975118198321777","0.981249576547963","7.8713582510602","-0.300395679220315","0.0","0","0","0.0","raw_results\Qwen_Qwen2_5-7B-Instruct\semantic\seed_789\daily_dialog\shadow_kv\benchmark_hf_Qwen_Qwen2_5-7B-Instruct_public_dataset_daily_dialog_semantic_cuda.json"
"Qwen_Qwen2_5-7B-Instruct","Qwen/Qwen2.5-7B-Instruct","daily_dialog","semantic","shadow_kv_plus","789","1.0420057738751","1.01489964552283","11.8435736172623","9.22556511616001","0.9921875","127","16256","0.0","raw_results\Qwen_Qwen2_5-7B-Instruct\semantic\seed_789\daily_dialog\shadow_kv_plus\benchmark_hf_Qwen_Qwen2_5-7B-Instruct_public_dataset_daily_dialog_semantic_cuda.json"
"Qwen_Qwen2_5-7B-Instruct","Qwen/Qwen2.5-7B-Instruct","daily_dialog","semantic","shadow_kv","999","0.946956895202606","1.04523167970813","3.04354467964555","3.74808800467725","0.0","0","0","0.0","raw_results\Qwen_Qwen2_5-7B-Instruct\semantic\seed_999\daily_dialog\shadow_kv\benchmark_hf_Qwen_Qwen2_5-7B-Instruct_public_dataset_daily_dialog_semantic_cuda.json"
"Qwen_Qwen2_5-7B-Instruct","Qwen/Qwen2.5-7B-Instruct","daily_dialog","semantic","shadow_kv_plus","999","0.957655731940157","1.02115871324775","15.5440987151397","8.92351811287809","0.9921875","127","16256","0.0","raw_results\Qwen_Qwen2_5-7B-Instruct\semantic\seed_999\daily_dialog\shadow_kv_plus\benchmark_hf_Qwen_Qwen2_5-7B-Instruct_public_dataset_daily_dialog_semantic_cuda.json"
"Qwen_Qwen2_5-7B-Instruct","Qwen/Qwen2.5-7B-Instruct","dolly","semantic","shadow_kv","42","1.00045197494814","1.00657662287099","1.09562586762965","1.76074626954342","0.0","0","0","0.0","raw_results\Qwen_Qwen2_5-7B-Instruct\semantic\seed_42\dolly\shadow_kv\benchmark_hf_Qwen_Qwen2.5-7B-Instruct_public_dataset_dolly_semantic_cuda.json"
"Qwen_Qwen2_5-7B-Instruct","Qwen/Qwen2.5-7B-Instruct","dolly","semantic","shadow_kv_plus","42","1.03792319970784","1.02398620941811","7.97274625567665","9.90593335836039","0.9921875","127","16256","0.0","raw_results\Qwen_Qwen2_5-7B-Instruct\semantic\seed_42\dolly\shadow_kv_plus\benchmark_hf_Qwen_Qwen2.5-7B-Instruct_public_dataset_dolly_semantic_cuda.json"
"Qwen_Qwen2_5-7B-Instruct","Qwen/Qwen2.5-7B-Instruct","dolly","semantic","shadow_kv","123","1.00571928442609","1.00807903925206","0.903055449255974","0.77111139618981","0.0","0","0","0.0","raw_results\Qwen_Qwen2_5-7B-Instruct\semantic\seed_123\dolly\shadow_kv\benchmark_hf_Qwen_Qwen2_5-7B-Instruct_public_dataset_dolly_semantic_cuda.json"
"Qwen_Qwen2_5-7B-Instruct","Qwen/Qwen2.5-7B-Instruct","dolly","semantic","shadow_kv_plus","123","1.03581941396629","1.07801943124704","11.4200444184978","8.68349123855501","0.9921875","127","16256","0.0","raw_results\Qwen_Qwen2_5-7B-Instruct\semantic\seed_123\dolly\shadow_kv_plus\benchmark_hf_Qwen_Qwen2_5-7B-Instruct_public_dataset_dolly_semantic_cuda.json"
"Qwen_Qwen2_5-7B-Instruct","Qwen/Qwen2.5-7B-Instruct","dolly","semantic","shadow_kv","456","1.02369213624191","0.986172479014853","-6.17550877532904","-9.27129372505928","0.0","0","0","0.0","raw_results\Qwen_Qwen2_5-7B-Instruct\semantic\seed_456\dolly\shadow_kv\benchmark_hf_Qwen_Qwen2_5-7B-Instruct_public_dataset_dolly_semantic_cuda.json"
"Qwen_Qwen2_5-7B-Instruct","Qwen/Qwen2.5-7B-Instruct","dolly","semantic","shadow_kv_plus","456","1.05627890822422","0.95897907726603","1.66090809947531","6.50201739931834","0.9921875","127","16256","0.0","raw_results\Qwen_Qwen2_5-7B-Instruct\semantic\seed_456\dolly\shadow_kv_plus\benchmark_hf_Qwen_Qwen2_5-7B-Instruct_public_dataset_dolly_semantic_cuda.json"
"Qwen_Qwen2_5-7B-Instruct","Qwen/Qwen2.5-7B-Instruct","dolly","semantic","shadow_kv","789","0.951448749908447","0.968808345129582","10.3229141194729","0.357472642138714","0.0","0","0","0.0","raw_results\Qwen_Qwen2_5-7B-Instruct\semantic\seed_789\dolly\shadow_kv\benchmark_hf_Qwen_Qwen2_5-7B-Instruct_public_dataset_dolly_semantic_cuda.json"
"Qwen_Qwen2_5-7B-Instruct","Qwen/Qwen2.5-7B-Instruct","dolly","semantic","shadow_kv_plus","789","0.997977725103571","0.952047329527619","13.006587003968","8.09867572823465","0.9921875","127","16256","0.0","raw_results\Qwen_Qwen2_5-7B-Instruct\semantic\seed_789\dolly\shadow_kv_plus\benchmark_hf_Qwen_Qwen2_5-7B-Instruct_public_dataset_dolly_semantic_cuda.json"
"Qwen_Qwen2_5-7B-Instruct","Qwen/Qwen2.5-7B-Instruct","dolly","semantic","shadow_kv","999","1.01895618610722","0.986338496889513","3.03454248261753","2.93905260612922","0.0","0","0","0.0","raw_results\Qwen_Qwen2_5-7B-Instruct\semantic\seed_999\dolly\shadow_kv\benchmark_hf_Qwen_Qwen2_5-7B-Instruct_public_dataset_dolly_semantic_cuda.json"
"Qwen_Qwen2_5-7B-Instruct","Qwen/Qwen2.5-7B-Instruct","dolly","semantic","shadow_kv_plus","999","1.03050798563156","1.11238462486602","15.9863315746073","9.65131174265048","0.9921875","127","16256","0.0","raw_results\Qwen_Qwen2_5-7B-Instruct\semantic\seed_999\dolly\shadow_kv_plus\benchmark_hf_Qwen_Qwen2_5-7B-Instruct_public_dataset_dolly_semantic_cuda.json"
"Qwen_Qwen2_5-7B-Instruct","Qwen/Qwen2.5-7B-Instruct","oasst1","semantic","shadow_kv","42","1.00175846366755","1.00296335635089","-2.16901478556703","-3.93681080167033","0.0","0","0","0.0","raw_results\Qwen_Qwen2_5-7B-Instruct\semantic\seed_42\oasst1\shadow_kv\benchmark_hf_Qwen_Qwen2.5-7B-Instruct_public_dataset_oasst1_semantic_cuda.json"
"Qwen_Qwen2_5-7B-Instruct","Qwen/Qwen2.5-7B-Instruct","oasst1","semantic","shadow_kv_plus","42","1.0262500962189","0.971190660698639","8.58400385237353","9.77890567940618","0.9921875","127","16256","0.0","raw_results\Qwen_Qwen2_5-7B-Instruct\semantic\seed_42\oasst1\shadow_kv_plus\benchmark_hf_Qwen_Qwen2.5-7B-Instruct_public_dataset_oasst1_semantic_cuda.json"
"Qwen_Qwen2_5-7B-Instruct","Qwen/Qwen2.5-7B-Instruct","oasst1","semantic","shadow_kv","123","1.03441515429709","0.936090181971835","-4.41987699759389","3.39506723271708","0.0","0","0","0.0","raw_results\Qwen_Qwen2_5-7B-Instruct\semantic\seed_123\oasst1\shadow_kv\benchmark_hf_Qwen_Qwen2_5-7B-Instruct_public_dataset_oasst1_semantic_cuda.json"
"Qwen_Qwen2_5-7B-Instruct","Qwen/Qwen2.5-7B-Instruct","oasst1","semantic","shadow_kv_plus","123","1.02402967919531","0.961699182244899","11.3042244073048","15.6928984619121","0.9921875","127","16256","0.0","raw_results\Qwen_Qwen2_5-7B-Instruct\semantic\seed_123\oasst1\shadow_kv_plus\benchmark_hf_Qwen_Qwen2_5-7B-Instruct_public_dataset_oasst1_semantic_cuda.json"
"Qwen_Qwen2_5-7B-Instruct","Qwen/Qwen2.5-7B-Instruct","oasst1","semantic","shadow_kv","456","1.03216460211674","1.06400881114303","-8.39862839086461","-2.9206302581394","0.0","0","0","0.0","raw_results\Qwen_Qwen2_5-7B-Instruct\semantic\seed_456\oasst1\shadow_kv\benchmark_hf_Qwen_Qwen2_5-7B-Instruct_public_dataset_oasst1_semantic_cuda.json"
"Qwen_Qwen2_5-7B-Instruct","Qwen/Qwen2.5-7B-Instruct","oasst1","semantic","shadow_kv_plus","456","1.06366944986818","0.995978047966708","11.186709328807","13.1469188897555","0.9921875","127","16256","0.0","raw_results\Qwen_Qwen2_5-7B-Instruct\semantic\seed_456\oasst1\shadow_kv_plus\benchmark_hf_Qwen_Qwen2_5-7B-Instruct_public_dataset_oasst1_semantic_cuda.json"
"Qwen_Qwen2_5-7B-Instruct","Qwen/Qwen2.5-7B-Instruct","oasst1","semantic","shadow_kv","789","1.04478568188522","1.07810508539627","2.87854080553242","-3.2203687356602","0.0","0","0","0.0","raw_results\Qwen_Qwen2_5-7B-Instruct\semantic\seed_789\oasst1\shadow_kv\benchmark_hf_Qwen_Qwen2_5-7B-Instruct_public_dataset_oasst1_semantic_cuda.json"
"Qwen_Qwen2_5-7B-Instruct","Qwen/Qwen2.5-7B-Instruct","oasst1","semantic","shadow_kv_plus","789","0.98396678756501","0.963603078143719","13.8819731785152","14.3534022349304","0.9921875","127","16256","0.0","raw_results\Qwen_Qwen2_5-7B-Instruct\semantic\seed_789\oasst1\shadow_kv_plus\benchmark_hf_Qwen_Qwen2_5-7B-Instruct_public_dataset_oasst1_semantic_cuda.json"
"Qwen_Qwen2_5-7B-Instruct","Qwen/Qwen2.5-7B-Instruct","oasst1","semantic","shadow_kv","999","1.04154496906121","0.954173548725713","9.22045170753641","-1.85498528809183","0.0","0","0","0.0","raw_results\Qwen_Qwen2_5-7B-Instruct\semantic\seed_999\oasst1\shadow_kv\benchmark_hf_Qwen_Qwen2_5-7B-Instruct_public_dataset_oasst1_semantic_cuda.json"
"Qwen_Qwen2_5-7B-Instruct","Qwen/Qwen2.5-7B-Instruct","oasst1","semantic","shadow_kv_plus","999","1.02729504535284","1.026055468918","9.87160203772558","9.42008375184055","0.9921875","127","16256","0.0","raw_results\Qwen_Qwen2_5-7B-Instruct\semantic\seed_999\oasst1\shadow_kv_plus\benchmark_hf_Qwen_Qwen2_5-7B-Instruct_public_dataset_oasst1_semantic_cuda.json"
"Qwen_Qwen2_5-7B-Instruct","Qwen/Qwen2.5-7B-Instruct","samsum","semantic","shadow_kv","42","0.999965876966272","1.00140094777309","-0.883058925247445","-0.794198577261702","0.0","0","0","0.0","raw_results\Qwen_Qwen2_5-7B-Instruct\semantic\seed_42\samsum\shadow_kv\benchmark_hf_Qwen_Qwen2.5-7B-Instruct_public_dataset_samsum_semantic_cuda.json"
"Qwen_Qwen2_5-7B-Instruct","Qwen/Qwen2.5-7B-Instruct","samsum","semantic","shadow_kv_plus","42","1.0132746629033","1.01568792911568","6.58250934820992","7.88706529247902","0.9921875","127","16256","0.0","raw_results\Qwen_Qwen2_5-7B-Instruct\semantic\seed_42\samsum\shadow_kv_plus\benchmark_hf_Qwen_Qwen2.5-7B-Instruct_public_dataset_samsum_semantic_cuda.json"
"Qwen_Qwen2_5-7B-Instruct","Qwen/Qwen2.5-7B-Instruct","samsum","semantic","shadow_kv","123","1.00375370836047","1.01450555918729","3.32393548122537","3.9123407188122","0.0","0","0","0.0","raw_results\Qwen_Qwen2_5-7B-Instruct\semantic\seed_123\samsum\shadow_kv\benchmark_hf_Qwen_Qwen2_5-7B-Instruct_public_dataset_samsum_semantic_cuda.json"
"Qwen_Qwen2_5-7B-Instruct","Qwen/Qwen2.5-7B-Instruct","samsum","semantic","shadow_kv_plus","123","1.03434622395855","1.00907476030532","5.44556027658605","13.0761942637716","0.9921875","127","16256","0.0","raw_results\Qwen_Qwen2_5-7B-Instruct\semantic\seed_123\samsum\shadow_kv_plus\benchmark_hf_Qwen_Qwen2_5-7B-Instruct_public_dataset_samsum_semantic_cuda.json"
"Qwen_Qwen2_5-7B-Instruct","Qwen/Qwen2.5-7B-Instruct","samsum","semantic","shadow_kv","456","0.91847567545817","0.935827632086664","-0.646683812696888","4.78084273154161","0.0","0","0","0.0","raw_results\Qwen_Qwen2_5-7B-Instruct\semantic\seed_456\samsum\shadow_kv\benchmark_hf_Qwen_Qwen2_5-7B-Instruct_public_dataset_samsum_semantic_cuda.json"
"Qwen_Qwen2_5-7B-Instruct","Qwen/Qwen2.5-7B-Instruct","samsum","semantic","shadow_kv_plus","456","0.96949831143831","0.965452263633614","14.3012180576378","8.84705211834739","0.9921875","127","16256","0.0","raw_results\Qwen_Qwen2_5-7B-Instruct\semantic\seed_456\samsum\shadow_kv_plus\benchmark_hf_Qwen_Qwen2_5-7B-Instruct_public_dataset_samsum_semantic_cuda.json"
"Qwen_Qwen2_5-7B-Instruct","Qwen/Qwen2.5-7B-Instruct","samsum","semantic","shadow_kv","789","1.0640138053007","1.03445589008001","5.33035462636483","7.74719824582499","0.0","0","0","0.0","raw_results\Qwen_Qwen2_5-7B-Instruct\semantic\seed_789\samsum\shadow_kv\benchmark_hf_Qwen_Qwen2_5-7B-Instruct_public_dataset_samsum_semantic_cuda.json"
"Qwen_Qwen2_5-7B-Instruct","Qwen/Qwen2.5-7B-Instruct","samsum","semantic","shadow_kv_plus","789","1.09953840501284","0.967369329009297","14.5039285708741","6.08969957313222","0.9921875","127","16256","0.0","raw_results\Qwen_Qwen2_5-7B-Instruct\semantic\seed_789\samsum\shadow_kv_plus\benchmark_hf_Qwen_Qwen2_5-7B-Instruct_public_dataset_samsum_semantic_cuda.json"
"Qwen_Qwen2_5-7B-Instruct","Qwen/Qwen2.5-7B-Instruct","samsum","semantic","shadow_kv","999","1.01564129620293","1.0738708014088","1.86382196117893","8.79524888606544","0.0","0","0","0.0","raw_results\Qwen_Qwen2_5-7B-Instruct\semantic\seed_999\samsum\shadow_kv\benchmark_hf_Qwen_Qwen2_5-7B-Instruct_public_dataset_samsum_semantic_cuda.json"
"Qwen_Qwen2_5-7B-Instruct","Qwen/Qwen2.5-7B-Instruct","samsum","semantic","shadow_kv_plus","999","0.993733929759912","1.07833283333646","5.64236472965607","13.5169768480836","0.9921875","127","16256","0.0","raw_results\Qwen_Qwen2_5-7B-Instruct\semantic\seed_999\samsum\shadow_kv_plus\benchmark_hf_Qwen_Qwen2_5-7B-Instruct_public_dataset_samsum_semantic_cuda.json"
"Qwen_Qwen2_5-7B-Instruct","Qwen/Qwen2.5-7B-Instruct","ultrachat","semantic","shadow_kv","42","0.999344107817039","0.994208571215345","-1.33001660755909","-0.586308746692685","0.0","0","0","0.0","raw_results\Qwen_Qwen2_5-7B-Instruct\semantic\seed_42\ultrachat\shadow_kv\benchmark_hf_Qwen_Qwen2.5-7B-Instruct_public_dataset_ultrachat_semantic_cuda.json"
"Qwen_Qwen2_5-7B-Instruct","Qwen/Qwen2.5-7B-Instruct","ultrachat","semantic","shadow_kv_plus","42","1.00931308591902","0.999741958505487","4.90557142925515","7.22155307869986","0.9921875","127","16256","0.0","raw_results\Qwen_Qwen2_5-7B-Instruct\semantic\seed_42\ultrachat\shadow_kv_plus\benchmark_hf_Qwen_Qwen2.5-7B-Instruct_public_dataset_ultrachat_semantic_cuda.json"
"Qwen_Qwen2_5-7B-Instruct","Qwen/Qwen2.5-7B-Instruct","ultrachat","semantic","shadow_kv","123","0.975750177268119","1.02460444368121","1.96918292858289","-5.89086909499291","0.0","0","0","0.0","raw_results\Qwen_Qwen2_5-7B-Instruct\semantic\seed_123\ultrachat\shadow_kv\benchmark_hf_Qwen_Qwen2_5-7B-Instruct_public_dataset_ultrachat_semantic_cuda.json"
"Qwen_Qwen2_5-7B-Instruct","Qwen/Qwen2.5-7B-Instruct","ultrachat","semantic","shadow_kv_plus","123","0.990057478380856","0.986293418846313","7.00268502466241","6.83056980529077","0.9921875","127","16256","0.0","raw_results\Qwen_Qwen2_5-7B-Instruct\semantic\seed_123\ultrachat\shadow_kv_plus\benchmark_hf_Qwen_Qwen2_5-7B-Instruct_public_dataset_ultrachat_semantic_cuda.json"
"Qwen_Qwen2_5-7B-Instruct","Qwen/Qwen2.5-7B-Instruct","ultrachat","semantic","shadow_kv","456","1.02662857756571","1.13568307976196","-9.57801365089488","3.28023122848355","0.0","0","0","0.0","raw_results\Qwen_Qwen2_5-7B-Instruct\semantic\seed_456\ultrachat\shadow_kv\benchmark_hf_Qwen_Qwen2_5-7B-Instruct_public_dataset_ultrachat_semantic_cuda.json"
"Qwen_Qwen2_5-7B-Instruct","Qwen/Qwen2.5-7B-Instruct","ultrachat","semantic","shadow_kv_plus","456","1.06104852390722","1.05537732556639","-4.90174368525926","12.1815306335324","0.9921875","127","16256","0.0","raw_results\Qwen_Qwen2_5-7B-Instruct\semantic\seed_456\ultrachat\shadow_kv_plus\benchmark_hf_Qwen_Qwen2_5-7B-Instruct_public_dataset_ultrachat_semantic_cuda.json"
"Qwen_Qwen2_5-7B-Instruct","Qwen/Qwen2.5-7B-Instruct","ultrachat","semantic","shadow_kv","789","1.01038482850292","1.02793041394721","-1.40749710676088","-2.94775952477078","0.0","0","0","0.0","raw_results\Qwen_Qwen2_5-7B-Instruct\semantic\seed_789\ultrachat\shadow_kv\benchmark_hf_Qwen_Qwen2_5-7B-Instruct_public_dataset_ultrachat_semantic_cuda.json"
"Qwen_Qwen2_5-7B-Instruct","Qwen/Qwen2.5-7B-Instruct","ultrachat","semantic","shadow_kv_plus","789","1.05730208742738","1.03220384048936","6.11921873260971","9.04557475319612","0.9921875","127","16256","0.0","raw_results\Qwen_Qwen2_5-7B-Instruct\semantic\seed_789\ultrachat\shadow_kv_plus\benchmark_hf_Qwen_Qwen2_5-7B-Instruct_public_dataset_ultrachat_semantic_cuda.json"
"Qwen_Qwen2_5-7B-Instruct","Qwen/Qwen2.5-7B-Instruct","ultrachat","semantic","shadow_kv","999","1.02783832586859","0.99732864455863","3.45128125916346","5.73170826349493","0.0","0","0","0.0","raw_results\Qwen_Qwen2_5-7B-Instruct\semantic\seed_999\ultrachat\shadow_kv\benchmark_hf_Qwen_Qwen2_5-7B-Instruct_public_dataset_ultrachat_semantic_cuda.json"
"Qwen_Qwen2_5-7B-Instruct","Qwen/Qwen2.5-7B-Instruct","ultrachat","semantic","shadow_kv_plus","999","1.00362537908303","1.00468733508177","17.2611648749384","8.88171258600119","0.9921875","127","16256","0.0","raw_results\Qwen_Qwen2_5-7B-Instruct\semantic\seed_999\ultrachat\shadow_kv_plus\benchmark_hf_Qwen_Qwen2_5-7B-Instruct_public_dataset_ultrachat_semantic_cuda.json"
"Qwen_Qwen2_5-7B-Instruct","Qwen/Qwen2.5-7B-Instruct","xsum","semantic","shadow_kv","42","0.998689597022592","0.997146153803885","-0.382930004808916","-0.181110810393017","0.0","0","0","0.0","raw_results\Qwen_Qwen2_5-7B-Instruct\semantic\seed_42\xsum\shadow_kv\benchmark_hf_Qwen_Qwen2.5-7B-Instruct_public_dataset_xsum_semantic_cuda.json"
"Qwen_Qwen2_5-7B-Instruct","Qwen/Qwen2.5-7B-Instruct","xsum","semantic","shadow_kv_plus","42","0.999304430239515","1.00610677624872","3.22009103200768","3.02389650427928","0.9921875","127","16256","0.0","raw_results\Qwen_Qwen2_5-7B-Instruct\semantic\seed_42\xsum\shadow_kv_plus\benchmark_hf_Qwen_Qwen2.5-7B-Instruct_public_dataset_xsum_semantic_cuda.json"
"Qwen_Qwen2_5-7B-Instruct","Qwen/Qwen2.5-7B-Instruct","xsum","semantic","shadow_kv","123","1.03596855007885","1.00347473149431","-1.01875084682049","7.4324720137145","0.0","0","0","0.0","raw_results\Qwen_Qwen2_5-7B-Instruct\semantic\seed_123\xsum\shadow_kv\benchmark_hf_Qwen_Qwen2_5-7B-Instruct_public_dataset_xsum_semantic_cuda.json"
"Qwen_Qwen2_5-7B-Instruct","Qwen/Qwen2.5-7B-Instruct","xsum","semantic","shadow_kv_plus","123","0.993650377898195","1.00244821361398","1.80371608397305","-0.00160367711735636","0.9921875","127","16256","0.0","raw_results\Qwen_Qwen2_5-7B-Instruct\semantic\seed_123\xsum\shadow_kv_plus\benchmark_hf_Qwen_Qwen2_5-7B-Instruct_public_dataset_xsum_semantic_cuda.json"
"Qwen_Qwen2_5-7B-Instruct","Qwen/Qwen2.5-7B-Instruct","xsum","semantic","shadow_kv","456","0.975764566242202","0.978584103024305","2.48372760398054","3.63916284650783","0.0","0","0","0.0","raw_results\Qwen_Qwen2_5-7B-Instruct\semantic\seed_456\xsum\shadow_kv\benchmark_hf_Qwen_Qwen2_5-7B-Instruct_public_dataset_xsum_semantic_cuda.json"
"Qwen_Qwen2_5-7B-Instruct","Qwen/Qwen2.5-7B-Instruct","xsum","semantic","shadow_kv_plus","456","0.974902455595314","0.994005058011297","5.68395414041295","3.81641826460272","0.9921875","127","16256","0.0","raw_results\Qwen_Qwen2_5-7B-Instruct\semantic\seed_456\xsum\shadow_kv_plus\benchmark_hf_Qwen_Qwen2_5-7B-Instruct_public_dataset_xsum_semantic_cuda.json"
"Qwen_Qwen2_5-7B-Instruct","Qwen/Qwen2.5-7B-Instruct","xsum","semantic","shadow_kv","789","1.02136092144968","0.987735271102128","-2.12134729033925","1.80292994420735","0.0","0","0","0.0","raw_results\Qwen_Qwen2_5-7B-Instruct\semantic\seed_789\xsum\shadow_kv\benchmark_hf_Qwen_Qwen2_5-7B-Instruct_public_dataset_xsum_semantic_cuda.json"
"Qwen_Qwen2_5-7B-Instruct","Qwen/Qwen2.5-7B-Instruct","xsum","semantic","shadow_kv_plus","789","1.00114253831693","0.98822274782978","-0.0884778924500201","5.73167513967132","0.9921875","127","16256","0.0","raw_results\Qwen_Qwen2_5-7B-Instruct\semantic\seed_789\xsum\shadow_kv_plus\benchmark_hf_Qwen_Qwen2_5-7B-Instruct_public_dataset_xsum_semantic_cuda.json"
"Qwen_Qwen2_5-7B-Instruct","Qwen/Qwen2.5-7B-Instruct","xsum","semantic","shadow_kv","999","0.911862486941858","1.01614951420676","2.07165688562749","2.56062975134744","0.0","0","0","0.0","raw_results\Qwen_Qwen2_5-7B-Instruct\semantic\seed_999\xsum\shadow_kv\benchmark_hf_Qwen_Qwen2_5-7B-Instruct_public_dataset_xsum_semantic_cuda.json"
"Qwen_Qwen2_5-7B-Instruct","Qwen/Qwen2.5-7B-Instruct","xsum","semantic","shadow_kv_plus","999","0.913734068555071","1.02414177274228","1.14333428306508","1.90576144259477","0.9921875","127","16256","0.0","raw_results\Qwen_Qwen2_5-7B-Instruct\semantic\seed_999\xsum\shadow_kv_plus\benchmark_hf_Qwen_Qwen2_5-7B-Instruct_public_dataset_xsum_semantic_cuda.json"
"TinyLlama_TinyLlama-1_1B-Chat-v1_0","TinyLlama/TinyLlama-1.1B-Chat-v1.0","ag_news","semantic","shadow_kv","42","0.998045388601724","1.00024691631494","-3.30648837823106","-4.23081229899278","0.0","0","0","0.0","raw_results\TinyLlama_TinyLlama-1_1B-Chat-v1_0\semantic\seed_42\ag_news\shadow_kv\benchmark_hf_TinyLlama_TinyLlama-1.1B-Chat-v1.0_public_dataset_ag_news_semantic_cuda.json"
"TinyLlama_TinyLlama-1_1B-Chat-v1_0","TinyLlama/TinyLlama-1.1B-Chat-v1.0","ag_news","semantic","shadow_kv_plus","42","0.862347217329991","0.880014369803487","-4.17593586003832","-4.66015523926334","0.9921875","127","16256","0.0","raw_results\TinyLlama_TinyLlama-1_1B-Chat-v1_0\semantic\seed_42\ag_news\shadow_kv_plus\benchmark_hf_TinyLlama_TinyLlama-1.1B-Chat-v1.0_public_dataset_ag_news_semantic_cuda.json"
"TinyLlama_TinyLlama-1_1B-Chat-v1_0","TinyLlama/TinyLlama-1.1B-Chat-v1.0","ag_news","semantic","shadow_kv","123","0.925097780999641","0.938201562004646","-2.16161438428091","-6.63359223235332","0.0","0","0","0.0","raw_results\TinyLlama_TinyLlama-1_1B-Chat-v1_0\semantic\seed_123\ag_news\shadow_kv\benchmark_hf_TinyLlama_TinyLlama-1_1B-Chat-v1_0_public_dataset_ag_news_semantic_cuda.json"
"TinyLlama_TinyLlama-1_1B-Chat-v1_0","TinyLlama/TinyLlama-1.1B-Chat-v1.0","ag_news","semantic","shadow_kv_plus","123","0.803448220809236","0.844530433434804","2.42204436742743","-10.601689170446","0.9921875","127","16256","0.0","raw_results\TinyLlama_TinyLlama-1_1B-Chat-v1_0\semantic\seed_123\ag_news\shadow_kv_plus\benchmark_hf_TinyLlama_TinyLlama-1_1B-Chat-v1_0_public_dataset_ag_news_semantic_cuda.json"
"TinyLlama_TinyLlama-1_1B-Chat-v1_0","TinyLlama/TinyLlama-1.1B-Chat-v1.0","ag_news","semantic","shadow_kv","456","0.967233467631618","1.02699408881609","0.237240743015558","-0.00911916661360922","0.0","0","0","0.0","raw_results\TinyLlama_TinyLlama-1_1B-Chat-v1_0\semantic\seed_456\ag_news\shadow_kv\benchmark_hf_TinyLlama_TinyLlama-1_1B-Chat-v1_0_public_dataset_ag_news_semantic_cuda.json"
"TinyLlama_TinyLlama-1_1B-Chat-v1_0","TinyLlama/TinyLlama-1.1B-Chat-v1.0","ag_news","semantic","shadow_kv_plus","456","0.843791011437883","0.894302021667498","-0.501071096221022","-6.9062358306311","0.9921875","127","16256","0.0","raw_results\TinyLlama_TinyLlama-1_1B-Chat-v1_0\semantic\seed_456\ag_news\shadow_kv_plus\benchmark_hf_TinyLlama_TinyLlama-1_1B-Chat-v1_0_public_dataset_ag_news_semantic_cuda.json"
"TinyLlama_TinyLlama-1_1B-Chat-v1_0","TinyLlama/TinyLlama-1.1B-Chat-v1.0","ag_news","semantic","shadow_kv","789","0.946822750563116","0.916581040979359","6.05720099348481","-0.315138158314399","0.0","0","0","0.0","raw_results\TinyLlama_TinyLlama-1_1B-Chat-v1_0\semantic\seed_789\ag_news\shadow_kv\benchmark_hf_TinyLlama_TinyLlama-1_1B-Chat-v1_0_public_dataset_ag_news_semantic_cuda.json"
"TinyLlama_TinyLlama-1_1B-Chat-v1_0","TinyLlama/TinyLlama-1.1B-Chat-v1.0","ag_news","semantic","shadow_kv_plus","789","0.901169839517711","0.846013041532645","-2.65433042095138","-7.05429381336197","0.9921875","127","16256","0.0","raw_results\TinyLlama_TinyLlama-1_1B-Chat-v1_0\semantic\seed_789\ag_news\shadow_kv_plus\benchmark_hf_TinyLlama_TinyLlama-1_1B-Chat-v1_0_public_dataset_ag_news_semantic_cuda.json"
"TinyLlama_TinyLlama-1_1B-Chat-v1_0","TinyLlama/TinyLlama-1.1B-Chat-v1.0","ag_news","semantic","shadow_kv","999","1.02763352368936","1.03200730778409","-10.0551401218906","-8.62335407809744","0.0","0","0","0.0","raw_results\TinyLlama_TinyLlama-1_1B-Chat-v1_0\semantic\seed_999\ag_news\shadow_kv\benchmark_hf_TinyLlama_TinyLlama-1_1B-Chat-v1_0_public_dataset_ag_news_semantic_cuda.json"
"TinyLlama_TinyLlama-1_1B-Chat-v1_0","TinyLlama/TinyLlama-1.1B-Chat-v1.0","ag_news","semantic","shadow_kv_plus","999","0.882160052141094","1.0115641789249","-11.4426502192237","-9.42559085708549","0.9921875","127","16256","0.0","raw_results\TinyLlama_TinyLlama-1_1B-Chat-v1_0\semantic\seed_999\ag_news\shadow_kv_plus\benchmark_hf_TinyLlama_TinyLlama-1_1B-Chat-v1_0_public_dataset_ag_news_semantic_cuda.json"
"TinyLlama_TinyLlama-1_1B-Chat-v1_0","TinyLlama/TinyLlama-1.1B-Chat-v1.0","alpaca_eval","semantic","shadow_kv","42","0.994507809825812","0.972799706637708","-2.44391680614482","-5.12227205053322","0.0","0","0","0.0","raw_results\TinyLlama_TinyLlama-1_1B-Chat-v1_0\semantic\seed_42\alpaca_eval\shadow_kv\benchmark_hf_TinyLlama_TinyLlama-1.1B-Chat-v1.0_public_dataset_alpaca_eval_semantic_cuda.json"
"TinyLlama_TinyLlama-1_1B-Chat-v1_0","TinyLlama/TinyLlama-1.1B-Chat-v1.0","alpaca_eval","semantic","shadow_kv_plus","42","0.856855460060806","0.864237609456354","-1.65462180876138","1.04441991657816","0.9921875","127","16256","0.0","raw_results\TinyLlama_TinyLlama-1_1B-Chat-v1_0\semantic\seed_42\alpaca_eval\shadow_kv_plus\benchmark_hf_TinyLlama_TinyLlama-1.1B-Chat-v1.0_public_dataset_alpaca_eval_semantic_cuda.json"
"TinyLlama_TinyLlama-1_1B-Chat-v1_0","TinyLlama/TinyLlama-1.1B-Chat-v1.0","alpaca_eval","semantic","shadow_kv","123","0.95111663904675","0.929622217172772","-4.08037359210203","-6.34383470708635","0.0","0","0","0.0","raw_results\TinyLlama_TinyLlama-1_1B-Chat-v1_0\semantic\seed_123\alpaca_eval\shadow_kv\benchmark_hf_TinyLlama_TinyLlama-1_1B-Chat-v1_0_public_dataset_alpaca_eval_semantic_cuda.json"
"TinyLlama_TinyLlama-1_1B-Chat-v1_0","TinyLlama/TinyLlama-1.1B-Chat-v1.0","alpaca_eval","semantic","shadow_kv_plus","123","0.782727378346261","0.869449016048592","-2.23952707019719","-2.31707220698757","0.9921875","127","16256","0.0","raw_results\TinyLlama_TinyLlama-1_1B-Chat-v1_0\semantic\seed_123\alpaca_eval\shadow_kv_plus\benchmark_hf_TinyLlama_TinyLlama-1_1B-Chat-v1_0_public_dataset_alpaca_eval_semantic_cuda.json"
"TinyLlama_TinyLlama-1_1B-Chat-v1_0","TinyLlama/TinyLlama-1.1B-Chat-v1.0","alpaca_eval","semantic","shadow_kv","456","0.991986550471684","0.988963266842244","4.71209627164174","-7.49622610002998","0.0","0","0","0.0","raw_results\TinyLlama_TinyLlama-1_1B-Chat-v1_0\semantic\seed_456\alpaca_eval\shadow_kv\benchmark_hf_TinyLlama_TinyLlama-1_1B-Chat-v1_0_public_dataset_alpaca_eval_semantic_cuda.json"
"TinyLlama_TinyLlama-1_1B-Chat-v1_0","TinyLlama/TinyLlama-1.1B-Chat-v1.0","alpaca_eval","semantic","shadow_kv_plus","456","0.88230468593621","0.861161054581667","-1.19938177408301","3.93173642376822","0.9921875","127","16256","0.0","raw_results\TinyLlama_TinyLlama-1_1B-Chat-v1_0\semantic\seed_456\alpaca_eval\shadow_kv_plus\benchmark_hf_TinyLlama_TinyLlama-1_1B-Chat-v1_0_public_dataset_alpaca_eval_semantic_cuda.json"
"TinyLlama_TinyLlama-1_1B-Chat-v1_0","TinyLlama/TinyLlama-1.1B-Chat-v1.0","alpaca_eval","semantic","shadow_kv","789","1.05351335919138","0.923315227257508","-4.2965587497106","-2.39491204463624","0.0","0","0","0.0","raw_results\TinyLlama_TinyLlama-1_1B-Chat-v1_0\semantic\seed_789\alpaca_eval\shadow_kv\benchmark_hf_TinyLlama_TinyLlama-1_1B-Chat-v1_0_public_dataset_alpaca_eval_semantic_cuda.json"
"TinyLlama_TinyLlama-1_1B-Chat-v1_0","TinyLlama/TinyLlama-1.1B-Chat-v1.0","alpaca_eval","semantic","shadow_kv_plus","789","0.819063736930729","0.830238139159308","1.77455252529078","7.11682213302306","0.9921875","127","16256","0.0","raw_results\TinyLlama_TinyLlama-1_1B-Chat-v1_0\semantic\seed_789\alpaca_eval\shadow_kv_plus\benchmark_hf_TinyLlama_TinyLlama-1_1B-Chat-v1_0_public_dataset_alpaca_eval_semantic_cuda.json"
"TinyLlama_TinyLlama-1_1B-Chat-v1_0","TinyLlama/TinyLlama-1.1B-Chat-v1.0","alpaca_eval","semantic","shadow_kv","999","1.056740650768","0.999355555219854","-0.865821933798276","-11.618977545009","0.0","0","0","0.0","raw_results\TinyLlama_TinyLlama-1_1B-Chat-v1_0\semantic\seed_999\alpaca_eval\shadow_kv\benchmark_hf_TinyLlama_TinyLlama-1_1B-Chat-v1_0_public_dataset_alpaca_eval_semantic_cuda.json"
"TinyLlama_TinyLlama-1_1B-Chat-v1_0","TinyLlama/TinyLlama-1.1B-Chat-v1.0","alpaca_eval","semantic","shadow_kv_plus","999","0.830734384552108","0.854400450685772","5.61991183376169","-5.56464025829878","0.9921875","127","16256","0.0","raw_results\TinyLlama_TinyLlama-1_1B-Chat-v1_0\semantic\seed_999\alpaca_eval\shadow_kv_plus\benchmark_hf_TinyLlama_TinyLlama-1_1B-Chat-v1_0_public_dataset_alpaca_eval_semantic_cuda.json"
"TinyLlama_TinyLlama-1_1B-Chat-v1_0","TinyLlama/TinyLlama-1.1B-Chat-v1.0","banking77","semantic","shadow_kv","42","0.988715570884713","0.99099025519287","-1.09874883601643","-1.18159237103252","0.0","0","0","0.0","raw_results\TinyLlama_TinyLlama-1_1B-Chat-v1_0\semantic\seed_42\banking77\shadow_kv\benchmark_hf_TinyLlama_TinyLlama-1.1B-Chat-v1.0_public_dataset_banking77_semantic_cuda.json"
"TinyLlama_TinyLlama-1_1B-Chat-v1_0","TinyLlama/TinyLlama-1.1B-Chat-v1.0","banking77","semantic","shadow_kv_plus","42","0.861742360887099","0.877850636543965","-1.12362064721787","0.549203746835205","0.9921875","127","16256","0.0","raw_results\TinyLlama_TinyLlama-1_1B-Chat-v1_0\semantic\seed_42\banking77\shadow_kv_plus\benchmark_hf_TinyLlama_TinyLlama-1.1B-Chat-v1.0_public_dataset_banking77_semantic_cuda.json"
"TinyLlama_TinyLlama-1_1B-Chat-v1_0","TinyLlama/TinyLlama-1.1B-Chat-v1.0","banking77","semantic","shadow_kv","123","1.00858888706535","1.04795357564159","0.749405962704931","0.728119736176852","0.0","0","0","0.0","raw_results\TinyLlama_TinyLlama-1_1B-Chat-v1_0\semantic\seed_123\banking77\shadow_kv\benchmark_hf_TinyLlama_TinyLlama-1_1B-Chat-v1_0_public_dataset_banking77_semantic_cuda.json"
"TinyLlama_TinyLlama-1_1B-Chat-v1_0","TinyLlama/TinyLlama-1.1B-Chat-v1.0","banking77","semantic","shadow_kv_plus","123","0.85696965524876","0.949868935746963","-2.35347683918799","0.814017328872521","0.9921875","127","16256","0.0","raw_results\TinyLlama_TinyLlama-1_1B-Chat-v1_0\semantic\seed_123\banking77\shadow_kv_plus\benchmark_hf_TinyLlama_TinyLlama-1_1B-Chat-v1_0_public_dataset_banking77_semantic_cuda.json"
"TinyLlama_TinyLlama-1_1B-Chat-v1_0","TinyLlama/TinyLlama-1.1B-Chat-v1.0","banking77","semantic","shadow_kv","456","0.962533833690253","0.995019341808311","-2.20247903820018","-2.22785609128758","0.0","0","0","0.0","raw_results\TinyLlama_TinyLlama-1_1B-Chat-v1_0\semantic\seed_456\banking77\shadow_kv\benchmark_hf_TinyLlama_TinyLlama-1_1B-Chat-v1_0_public_dataset_banking77_semantic_cuda.json"
"TinyLlama_TinyLlama-1_1B-Chat-v1_0","TinyLlama/TinyLlama-1.1B-Chat-v1.0","banking77","semantic","shadow_kv_plus","456","0.887766124775287","0.925177277670939","-6.48301521031363","2.23811800635369","0.9921875","127","16256","0.0","raw_results\TinyLlama_TinyLlama-1_1B-Chat-v1_0\semantic\seed_456\banking77\shadow_kv_plus\benchmark_hf_TinyLlama_TinyLlama-1_1B-Chat-v1_0_public_dataset_banking77_semantic_cuda.json"
"TinyLlama_TinyLlama-1_1B-Chat-v1_0","TinyLlama/TinyLlama-1.1B-Chat-v1.0","banking77","semantic","shadow_kv","789","0.981068990842087","0.949290287674618","0.650452510347337","-1.3787032836","0.0","0","0","0.0","raw_results\TinyLlama_TinyLlama-1_1B-Chat-v1_0\semantic\seed_789\banking77\shadow_kv\benchmark_hf_TinyLlama_TinyLlama-1_1B-Chat-v1_0_public_dataset_banking77_semantic_cuda.json"
"TinyLlama_TinyLlama-1_1B-Chat-v1_0","TinyLlama/TinyLlama-1.1B-Chat-v1.0","banking77","semantic","shadow_kv_plus","789","0.858880361598221","0.913639200214177","4.4588984584002","2.95055289119537","0.9921875","127","16256","0.0","raw_results\TinyLlama_TinyLlama-1_1B-Chat-v1_0\semantic\seed_789\banking77\shadow_kv_plus\benchmark_hf_TinyLlama_TinyLlama-1_1B-Chat-v1_0_public_dataset_banking77_semantic_cuda.json"
"TinyLlama_TinyLlama-1_1B-Chat-v1_0","TinyLlama/TinyLlama-1.1B-Chat-v1.0","banking77","semantic","shadow_kv","999","0.998720916421299","0.98247825290855","-0.197229716460342","-2.0599230592833","0.0","0","0","0.0","raw_results\TinyLlama_TinyLlama-1_1B-Chat-v1_0\semantic\seed_999\banking77\shadow_kv\benchmark_hf_TinyLlama_TinyLlama-1_1B-Chat-v1_0_public_dataset_banking77_semantic_cuda.json"
"TinyLlama_TinyLlama-1_1B-Chat-v1_0","TinyLlama/TinyLlama-1.1B-Chat-v1.0","banking77","semantic","shadow_kv_plus","999","0.890879282589945","0.880336308681799","-12.3325985157535","0.291258358172736","0.9921875","127","16256","0.0","raw_results\TinyLlama_TinyLlama-1_1B-Chat-v1_0\semantic\seed_999\banking77\shadow_kv_plus\benchmark_hf_TinyLlama_TinyLlama-1_1B-Chat-v1_0_public_dataset_banking77_semantic_cuda.json"
"TinyLlama_TinyLlama-1_1B-Chat-v1_0","TinyLlama/TinyLlama-1.1B-Chat-v1.0","cnn_dailymail","semantic","shadow_kv","42","0.995357737061299","1.01966325669397","-2.8027597554363","-1.76520183066283","0.0","0","0","0.0","raw_results\TinyLlama_TinyLlama-1_1B-Chat-v1_0\semantic\seed_42\cnn_dailymail\shadow_kv\benchmark_hf_TinyLlama_TinyLlama-1.1B-Chat-v1.0_public_dataset_cnn_dailymail_semantic_cuda.json"
"TinyLlama_TinyLlama-1_1B-Chat-v1_0","TinyLlama/TinyLlama-1.1B-Chat-v1.0","cnn_dailymail","semantic","shadow_kv_plus","42","0.79244196069746","0.862472752893678","-13.9263518673799","-18.7839248595763","0.9921875","127","16256","0.0","raw_results\TinyLlama_TinyLlama-1_1B-Chat-v1_0\semantic\seed_42\cnn_dailymail\shadow_kv_plus\benchmark_hf_TinyLlama_TinyLlama-1.1B-Chat-v1.0_public_dataset_cnn_dailymail_semantic_cuda.json"
"TinyLlama_TinyLlama-1_1B-Chat-v1_0","TinyLlama/TinyLlama-1.1B-Chat-v1.0","cnn_dailymail","semantic","shadow_kv","123","1.01506962768109","1.04289111144018","-0.478792944399099","4.81375404591607","0.0","0","0","0.0","raw_results\TinyLlama_TinyLlama-1_1B-Chat-v1_0\semantic\seed_123\cnn_dailymail\shadow_kv\benchmark_hf_TinyLlama_TinyLlama-1_1B-Chat-v1_0_public_dataset_cnn_dailymail_semantic_cuda.json"
"TinyLlama_TinyLlama-1_1B-Chat-v1_0","TinyLlama/TinyLlama-1.1B-Chat-v1.0","cnn_dailymail","semantic","shadow_kv_plus","123","0.8474676697732","0.839158708334882","-13.4821477174271","-14.4452114899821","0.9921875","127","16256","0.0","raw_results\TinyLlama_TinyLlama-1_1B-Chat-v1_0\semantic\seed_123\cnn_dailymail\shadow_kv_plus\benchmark_hf_TinyLlama_TinyLlama-1_1B-Chat-v1_0_public_dataset_cnn_dailymail_semantic_cuda.json"
"TinyLlama_TinyLlama-1_1B-Chat-v1_0","TinyLlama/TinyLlama-1.1B-Chat-v1.0","cnn_dailymail","semantic","shadow_kv","456","1.00033377635826","0.956600105183507","-2.43340681451944","-4.54273351354562","0.0","0","0","0.0","raw_results\TinyLlama_TinyLlama-1_1B-Chat-v1_0\semantic\seed_456\cnn_dailymail\shadow_kv\benchmark_hf_TinyLlama_TinyLlama-1_1B-Chat-v1_0_public_dataset_cnn_dailymail_semantic_cuda.json"
"TinyLlama_TinyLlama-1_1B-Chat-v1_0","TinyLlama/TinyLlama-1.1B-Chat-v1.0","cnn_dailymail","semantic","shadow_kv_plus","456","0.833887577197774","0.831064641632309","-13.6898708410957","-12.4410845389504","0.9921875","127","16256","0.0","raw_results\TinyLlama_TinyLlama-1_1B-Chat-v1_0\semantic\seed_456\cnn_dailymail\shadow_kv_plus\benchmark_hf_TinyLlama_TinyLlama-1_1B-Chat-v1_0_public_dataset_cnn_dailymail_semantic_cuda.json"
"TinyLlama_TinyLlama-1_1B-Chat-v1_0","TinyLlama/TinyLlama-1.1B-Chat-v1.0","cnn_dailymail","semantic","shadow_kv","789","1.0410570197789","1.00853229797974","0.687535451895484","0.907307985738405","0.0","0","0","0.0","raw_results\TinyLlama_TinyLlama-1_1B-Chat-v1_0\semantic\seed_789\cnn_dailymail\shadow_kv\benchmark_hf_TinyLlama_TinyLlama-1_1B-Chat-v1_0_public_dataset_cnn_dailymail_semantic_cuda.json"
"TinyLlama_TinyLlama-1_1B-Chat-v1_0","TinyLlama/TinyLlama-1.1B-Chat-v1.0","cnn_dailymail","semantic","shadow_kv_plus","789","0.796404621871574","0.811334365190202","-5.37052311783521","-16.5075009850888","0.9921875","127","16256","0.0","raw_results\TinyLlama_TinyLlama-1_1B-Chat-v1_0\semantic\seed_789\cnn_dailymail\shadow_kv_plus\benchmark_hf_TinyLlama_TinyLlama-1_1B-Chat-v1_0_public_dataset_cnn_dailymail_semantic_cuda.json"
"TinyLlama_TinyLlama-1_1B-Chat-v1_0","TinyLlama/TinyLlama-1.1B-Chat-v1.0","cnn_dailymail","semantic","shadow_kv","999","0.940131596362347","0.98642039765637","3.30482007210278","4.78442304950012","0.0","0","0","0.0","raw_results\TinyLlama_TinyLlama-1_1B-Chat-v1_0\semantic\seed_999\cnn_dailymail\shadow_kv\benchmark_hf_TinyLlama_TinyLlama-1_1B-Chat-v1_0_public_dataset_cnn_dailymail_semantic_cuda.json"
"TinyLlama_TinyLlama-1_1B-Chat-v1_0","TinyLlama/TinyLlama-1.1B-Chat-v1.0","cnn_dailymail","semantic","shadow_kv_plus","999","0.772022403041793","0.822036272171897","-13.428376549347","-9.9626779946446","0.9921875","127","16256","0.0","raw_results\TinyLlama_TinyLlama-1_1B-Chat-v1_0\semantic\seed_999\cnn_dailymail\shadow_kv_plus\benchmark_hf_TinyLlama_TinyLlama-1_1B-Chat-v1_0_public_dataset_cnn_dailymail_semantic_cuda.json"
"TinyLlama_TinyLlama-1_1B-Chat-v1_0","TinyLlama/TinyLlama-1.1B-Chat-v1.0","daily_dialog","semantic","shadow_kv","42","0.995806041859377","1.01088425460199","-0.230853753153746","-3.78811294732411","0.0","0","0","0.0","raw_results\TinyLlama_TinyLlama-1_1B-Chat-v1_0\semantic\seed_42\daily_dialog\shadow_kv\benchmark_hf_TinyLlama_TinyLlama-1.1B-Chat-v1.0_public_dataset_daily_dialog_semantic_cuda.json"
"TinyLlama_TinyLlama-1_1B-Chat-v1_0","TinyLlama/TinyLlama-1.1B-Chat-v1.0","daily_dialog","semantic","shadow_kv_plus","42","0.825622788040386","0.855131053329666","-4.57666737600926","-3.58653555111789","0.9921875","127","16256","0.0","raw_results\TinyLlama_TinyLlama-1_1B-Chat-v1_0\semantic\seed_42\daily_dialog\shadow_kv_plus\benchmark_hf_TinyLlama_TinyLlama-1.1B-Chat-v1.0_public_dataset_daily_dialog_semantic_cuda.json"
"TinyLlama_TinyLlama-1_1B-Chat-v1_0","TinyLlama/TinyLlama-1.1B-Chat-v1.0","daily_dialog","semantic","shadow_kv","123","0.929377528000714","0.969823075280839","1.89827609913627","-6.56985368121276","0.0","0","0","0.0","raw_results\TinyLlama_TinyLlama-1_1B-Chat-v1_0\semantic\seed_123\daily_dialog\shadow_kv\benchmark_hf_TinyLlama_TinyLlama-1_1B-Chat-v1_0_public_dataset_daily_dialog_semantic_cuda.json"
"TinyLlama_TinyLlama-1_1B-Chat-v1_0","TinyLlama/TinyLlama-1.1B-Chat-v1.0","daily_dialog","semantic","shadow_kv_plus","123","0.806504662878087","0.81269090378066","-7.90733610173265","-3.70930516350721","0.9921875","127","16256","0.0","raw_results\TinyLlama_TinyLlama-1_1B-Chat-v1_0\semantic\seed_123\daily_dialog\shadow_kv_plus\benchmark_hf_TinyLlama_TinyLlama-1_1B-Chat-v1_0_public_dataset_daily_dialog_semantic_cuda.json"
"TinyLlama_TinyLlama-1_1B-Chat-v1_0","TinyLlama/TinyLlama-1.1B-Chat-v1.0","daily_dialog","semantic","shadow_kv","456","0.997273382007468","0.959492836474685","-0.882381737770182","-4.14293886537228","0.0","0","0","0.0","raw_results\TinyLlama_TinyLlama-1_1B-Chat-v1_0\semantic\seed_456\daily_dialog\shadow_kv\benchmark_hf_TinyLlama_TinyLlama-1_1B-Chat-v1_0_public_dataset_daily_dialog_semantic_cuda.json"
"TinyLlama_TinyLlama-1_1B-Chat-v1_0","TinyLlama/TinyLlama-1.1B-Chat-v1.0","daily_dialog","semantic","shadow_kv_plus","456","0.793490707098111","0.806126577164207","3.50347595326314","-12.9933996851607","0.9921875","127","16256","0.0","raw_results\TinyLlama_TinyLlama-1_1B-Chat-v1_0\semantic\seed_456\daily_dialog\shadow_kv_plus\benchmark_hf_TinyLlama_TinyLlama-1_1B-Chat-v1_0_public_dataset_daily_dialog_semantic_cuda.json"
"TinyLlama_TinyLlama-1_1B-Chat-v1_0","TinyLlama/TinyLlama-1.1B-Chat-v1.0","daily_dialog","semantic","shadow_kv","789","1.06398328336299","0.907739208390194","5.08772553379488","-2.98051456328612","0.0","0","0","0.0","raw_results\TinyLlama_TinyLlama-1_1B-Chat-v1_0\semantic\seed_789\daily_dialog\shadow_kv\benchmark_hf_TinyLlama_TinyLlama-1_1B-Chat-v1_0_public_dataset_daily_dialog_semantic_cuda.json"
"TinyLlama_TinyLlama-1_1B-Chat-v1_0","TinyLlama/TinyLlama-1.1B-Chat-v1.0","daily_dialog","semantic","shadow_kv_plus","789","0.871390125869336","0.86332052108941","-3.67671417807978","-2.61088229318656","0.9921875","127","16256","0.0","raw_results\TinyLlama_TinyLlama-1_1B-Chat-v1_0\semantic\seed_789\daily_dialog\shadow_kv_plus\benchmark_hf_TinyLlama_TinyLlama-1_1B-Chat-v1_0_public_dataset_daily_dialog_semantic_cuda.json"
"TinyLlama_TinyLlama-1_1B-Chat-v1_0","TinyLlama/TinyLlama-1.1B-Chat-v1.0","daily_dialog","semantic","shadow_kv","999","1.00662051151538","0.987180556212939","0.206411034539268","-1.75195840144582","0.0","0","0","0.0","raw_results\TinyLlama_TinyLlama-1_1B-Chat-v1_0\semantic\seed_999\daily_dialog\shadow_kv\benchmark_hf_TinyLlama_TinyLlama-1_1B-Chat-v1_0_public_dataset_daily_dialog_semantic_cuda.json"
"TinyLlama_TinyLlama-1_1B-Chat-v1_0","TinyLlama/TinyLlama-1.1B-Chat-v1.0","daily_dialog","semantic","shadow_kv_plus","999","0.81616351212031","0.793632930878845","-6.4796470012779","-2.13939004409234","0.9921875","127","16256","0.0","raw_results\TinyLlama_TinyLlama-1_1B-Chat-v1_0\semantic\seed_999\daily_dialog\shadow_kv_plus\benchmark_hf_TinyLlama_TinyLlama-1_1B-Chat-v1_0_public_dataset_daily_dialog_semantic_cuda.json"
"TinyLlama_TinyLlama-1_1B-Chat-v1_0","TinyLlama/TinyLlama-1.1B-Chat-v1.0","dolly","semantic","shadow_kv","42","1.01006321999717","1.00030533852649","-0.90608236701028","-0.979981787417261","0.0","0","0","0.0","raw_results\TinyLlama_TinyLlama-1_1B-Chat-v1_0\semantic\seed_42\dolly\shadow_kv\benchmark_hf_TinyLlama_TinyLlama-1.1B-Chat-v1.0_public_dataset_dolly_semantic_cuda.json"
"TinyLlama_TinyLlama-1_1B-Chat-v1_0","TinyLlama/TinyLlama-1.1B-Chat-v1.0","dolly","semantic","shadow_kv_plus","42","0.875983633538584","0.87818369667237","-1.73498180209156","-8.70834903978927","0.9921875","127","16256","0.0","raw_results\TinyLlama_TinyLlama-1_1B-Chat-v1_0\semantic\seed_42\dolly\shadow_kv_plus\benchmark_hf_TinyLlama_TinyLlama-1.1B-Chat-v1.0_public_dataset_dolly_semantic_cuda.json"
"TinyLlama_TinyLlama-1_1B-Chat-v1_0","TinyLlama/TinyLlama-1.1B-Chat-v1.0","dolly","semantic","shadow_kv","123","0.982281294953466","0.996620172322986","-5.66003394270809","-1.16272483495584","0.0","0","0","0.0","raw_results\TinyLlama_TinyLlama-1_1B-Chat-v1_0\semantic\seed_123\dolly\shadow_kv\benchmark_hf_TinyLlama_TinyLlama-1_1B-Chat-v1_0_public_dataset_dolly_semantic_cuda.json"
"TinyLlama_TinyLlama-1_1B-Chat-v1_0","TinyLlama/TinyLlama-1.1B-Chat-v1.0","dolly","semantic","shadow_kv_plus","123","0.905818268164549","0.853917184295407","-1.70099919023297","-8.14948925368285","0.9921875","127","16256","0.0","raw_results\TinyLlama_TinyLlama-1_1B-Chat-v1_0\semantic\seed_123\dolly\shadow_kv_plus\benchmark_hf_TinyLlama_TinyLlama-1_1B-Chat-v1_0_public_dataset_dolly_semantic_cuda.json"
"TinyLlama_TinyLlama-1_1B-Chat-v1_0","TinyLlama/TinyLlama-1.1B-Chat-v1.0","dolly","semantic","shadow_kv","456","1.00961596412972","1.00048917775883","3.65226770087472","5.89971906188284","0.0","0","0","0.0","raw_results\TinyLlama_TinyLlama-1_1B-Chat-v1_0\semantic\seed_456\dolly\shadow_kv\benchmark_hf_TinyLlama_TinyLlama-1_1B-Chat-v1_0_public_dataset_dolly_semantic_cuda.json"
"TinyLlama_TinyLlama-1_1B-Chat-v1_0","TinyLlama/TinyLlama-1.1B-Chat-v1.0","dolly","semantic","shadow_kv_plus","456","0.82646517730317","0.901693894267129","-0.935728551465069","-11.4420479334037","0.9921875","127","16256","0.0","raw_results\TinyLlama_TinyLlama-1_1B-Chat-v1_0\semantic\seed_456\dolly\shadow_kv_plus\benchmark_hf_TinyLlama_TinyLlama-1_1B-Chat-v1_0_public_dataset_dolly_semantic_cuda.json"
"TinyLlama_TinyLlama-1_1B-Chat-v1_0","TinyLlama/TinyLlama-1.1B-Chat-v1.0","dolly","semantic","shadow_kv","789","1.0027844160685","0.950163187664766","-5.63498812979493","2.88003370725119","0.0","0","0","0.0","raw_results\TinyLlama_TinyLlama-1_1B-Chat-v1_0\semantic\seed_789\dolly\shadow_kv\benchmark_hf_TinyLlama_TinyLlama-1_1B-Chat-v1_0_public_dataset_dolly_semantic_cuda.json"
"TinyLlama_TinyLlama-1_1B-Chat-v1_0","TinyLlama/TinyLlama-1.1B-Chat-v1.0","dolly","semantic","shadow_kv_plus","789","0.8891469933784","0.9002756088329","-2.35545005234795","-1.64790224897155","0.9921875","127","16256","0.0","raw_results\TinyLlama_TinyLlama-1_1B-Chat-v1_0\semantic\seed_789\dolly\shadow_kv_plus\benchmark_hf_TinyLlama_TinyLlama-1_1B-Chat-v1_0_public_dataset_dolly_semantic_cuda.json"
"TinyLlama_TinyLlama-1_1B-Chat-v1_0","TinyLlama/TinyLlama-1.1B-Chat-v1.0","dolly","semantic","shadow_kv","999","1.06641713555587","1.02827582024228","4.11930190099303","0.224081139525025","0.0","0","0","0.0","raw_results\TinyLlama_TinyLlama-1_1B-Chat-v1_0\semantic\seed_999\dolly\shadow_kv\benchmark_hf_TinyLlama_TinyLlama-1_1B-Chat-v1_0_public_dataset_dolly_semantic_cuda.json"
"TinyLlama_TinyLlama-1_1B-Chat-v1_0","TinyLlama/TinyLlama-1.1B-Chat-v1.0","dolly","semantic","shadow_kv_plus","999","0.856713596421716","0.857715443440696","1.2676662077115","-14.3101226169723","0.9921875","127","16256","0.0","raw_results\TinyLlama_TinyLlama-1_1B-Chat-v1_0\semantic\seed_999\dolly\shadow_kv_plus\benchmark_hf_TinyLlama_TinyLlama-1_1B-Chat-v1_0_public_dataset_dolly_semantic_cuda.json"
"TinyLlama_TinyLlama-1_1B-Chat-v1_0","TinyLlama/TinyLlama-1.1B-Chat-v1.0","oasst1","semantic","shadow_kv","42","1.00000353791479","1.0057951115268","-1.78676112532233","-3.9042313253296","0.0","0","0","0.0","raw_results\TinyLlama_TinyLlama-1_1B-Chat-v1_0\semantic\seed_42\oasst1\shadow_kv\benchmark_hf_TinyLlama_TinyLlama-1.1B-Chat-v1.0_public_dataset_oasst1_semantic_cuda.json"
"TinyLlama_TinyLlama-1_1B-Chat-v1_0","TinyLlama/TinyLlama-1.1B-Chat-v1.0","oasst1","semantic","shadow_kv_plus","42","0.842086491714137","0.836765357699112","-3.55400977164409","-4.91367213703563","0.9921875","127","16256","0.0","raw_results\TinyLlama_TinyLlama-1_1B-Chat-v1_0\semantic\seed_42\oasst1\shadow_kv_plus\benchmark_hf_TinyLlama_TinyLlama-1.1B-Chat-v1.0_public_dataset_oasst1_semantic_cuda.json"
"TinyLlama_TinyLlama-1_1B-Chat-v1_0","TinyLlama/TinyLlama-1.1B-Chat-v1.0","oasst1","semantic","shadow_kv","123","0.999087994113781","1.05082422797586","1.49996613087397","-6.43131567317097","0.0","0","0","0.0","raw_results\TinyLlama_TinyLlama-1_1B-Chat-v1_0\semantic\seed_123\oasst1\shadow_kv\benchmark_hf_TinyLlama_TinyLlama-1_1B-Chat-v1_0_public_dataset_oasst1_semantic_cuda.json"
"TinyLlama_TinyLlama-1_1B-Chat-v1_0","TinyLlama/TinyLlama-1.1B-Chat-v1.0","oasst1","semantic","shadow_kv_plus","123","0.88200749456889","0.828527340394858","-2.4159294522797","-7.04422180410996","0.9921875","127","16256","0.0","raw_results\TinyLlama_TinyLlama-1_1B-Chat-v1_0\semantic\seed_123\oasst1\shadow_kv_plus\benchmark_hf_TinyLlama_TinyLlama-1_1B-Chat-v1_0_public_dataset_oasst1_semantic_cuda.json"
"TinyLlama_TinyLlama-1_1B-Chat-v1_0","TinyLlama/TinyLlama-1.1B-Chat-v1.0","oasst1","semantic","shadow_kv","456","1.01065190183088","0.99088188731389","5.98663327164544","-6.3071335935059","0.0","0","0","0.0","raw_results\TinyLlama_TinyLlama-1_1B-Chat-v1_0\semantic\seed_456\oasst1\shadow_kv\benchmark_hf_TinyLlama_TinyLlama-1_1B-Chat-v1_0_public_dataset_oasst1_semantic_cuda.json"
"TinyLlama_TinyLlama-1_1B-Chat-v1_0","TinyLlama/TinyLlama-1.1B-Chat-v1.0","oasst1","semantic","shadow_kv_plus","456","0.825138767463167","0.813820195736652","3.61382425346546","-5.2640279500792","0.9921875","127","16256","0.0","raw_results\TinyLlama_TinyLlama-1_1B-Chat-v1_0\semantic\seed_456\oasst1\shadow_kv_plus\benchmark_hf_TinyLlama_TinyLlama-1_1B-Chat-v1_0_public_dataset_oasst1_semantic_cuda.json"
"TinyLlama_TinyLlama-1_1B-Chat-v1_0","TinyLlama/TinyLlama-1.1B-Chat-v1.0","oasst1","semantic","shadow_kv","789","0.982419617822087","0.997588154103054","-1.34558227041939","4.6058904133888","0.0","0","0","0.0","raw_results\TinyLlama_TinyLlama-1_1B-Chat-v1_0\semantic\seed_789\oasst1\shadow_kv\benchmark_hf_TinyLlama_TinyLlama-1_1B-Chat-v1_0_public_dataset_oasst1_semantic_cuda.json"
"TinyLlama_TinyLlama-1_1B-Chat-v1_0","TinyLlama/TinyLlama-1.1B-Chat-v1.0","oasst1","semantic","shadow_kv_plus","789","0.866257435752649","0.861260591730715","-0.233521845688988","-10.0800288541417","0.9921875","127","16256","0.0","raw_results\TinyLlama_TinyLlama-1_1B-Chat-v1_0\semantic\seed_789\oasst1\shadow_kv_plus\benchmark_hf_TinyLlama_TinyLlama-1_1B-Chat-v1_0_public_dataset_oasst1_semantic_cuda.json"
"TinyLlama_TinyLlama-1_1B-Chat-v1_0","TinyLlama/TinyLlama-1.1B-Chat-v1.0","oasst1","semantic","shadow_kv","999","0.975847740158361","1.03729056008987","1.6131209129665","-7.06998700005821","0.0","0","0","0.0","raw_results\TinyLlama_TinyLlama-1_1B-Chat-v1_0\semantic\seed_999\oasst1\shadow_kv\benchmark_hf_TinyLlama_TinyLlama-1_1B-Chat-v1_0_public_dataset_oasst1_semantic_cuda.json"
"TinyLlama_TinyLlama-1_1B-Chat-v1_0","TinyLlama/TinyLlama-1.1B-Chat-v1.0","oasst1","semantic","shadow_kv_plus","999","0.833540281779664","0.881989024188112","-0.0226930280461088","-7.72656988103038","0.9921875","127","16256","0.0","raw_results\TinyLlama_TinyLlama-1_1B-Chat-v1_0\semantic\seed_999\oasst1\shadow_kv_plus\benchmark_hf_TinyLlama_TinyLlama-1_1B-Chat-v1_0_public_dataset_oasst1_semantic_cuda.json"
"TinyLlama_TinyLlama-1_1B-Chat-v1_0","TinyLlama/TinyLlama-1.1B-Chat-v1.0","samsum","semantic","shadow_kv","42","1.00587359533629","0.978886674156204","-3.49262334951608","-5.68847140327726","0.0","0","0","0.0","raw_results\TinyLlama_TinyLlama-1_1B-Chat-v1_0\semantic\seed_42\samsum\shadow_kv\benchmark_hf_TinyLlama_TinyLlama-1.1B-Chat-v1.0_public_dataset_samsum_semantic_cuda.json"
"TinyLlama_TinyLlama-1_1B-Chat-v1_0","TinyLlama/TinyLlama-1.1B-Chat-v1.0","samsum","semantic","shadow_kv_plus","42","0.837673727166183","0.825926356222074","-10.2738646297597","-12.8844121973252","0.9921875","127","16256","0.0","raw_results\TinyLlama_TinyLlama-1_1B-Chat-v1_0\semantic\seed_42\samsum\shadow_kv_plus\benchmark_hf_TinyLlama_TinyLlama-1.1B-Chat-v1.0_public_dataset_samsum_semantic_cuda.json"
"TinyLlama_TinyLlama-1_1B-Chat-v1_0","TinyLlama/TinyLlama-1.1B-Chat-v1.0","samsum","semantic","shadow_kv","123","1.01573869511992","0.910687161018473","1.44348697246231","-11.7859677932896","0.0","0","0","0.0","raw_results\TinyLlama_TinyLlama-1_1B-Chat-v1_0\semantic\seed_123\samsum\shadow_kv\benchmark_hf_TinyLlama_TinyLlama-1_1B-Chat-v1_0_public_dataset_samsum_semantic_cuda.json"
"TinyLlama_TinyLlama-1_1B-Chat-v1_0","TinyLlama/TinyLlama-1.1B-Chat-v1.0","samsum","semantic","shadow_kv_plus","123","0.815806541060253","0.771102887725611","-11.3224303667705","-13.5535440229593","0.9921875","127","16256","0.0","raw_results\TinyLlama_TinyLlama-1_1B-Chat-v1_0\semantic\seed_123\samsum\shadow_kv_plus\benchmark_hf_TinyLlama_TinyLlama-1_1B-Chat-v1_0_public_dataset_samsum_semantic_cuda.json"
"TinyLlama_TinyLlama-1_1B-Chat-v1_0","TinyLlama/TinyLlama-1.1B-Chat-v1.0","samsum","semantic","shadow_kv","456","0.931806162802719","0.925846548025839","-6.08016934146543","-6.06090424960154","0.0","0","0","0.0","raw_results\TinyLlama_TinyLlama-1_1B-Chat-v1_0\semantic\seed_456\samsum\shadow_kv\benchmark_hf_TinyLlama_TinyLlama-1_1B-Chat-v1_0_public_dataset_samsum_semantic_cuda.json"
"TinyLlama_TinyLlama-1_1B-Chat-v1_0","TinyLlama/TinyLlama-1.1B-Chat-v1.0","samsum","semantic","shadow_kv_plus","456","0.75184450266156","0.852170995733286","-8.12254446239919","-7.74375953327564","0.9921875","127","16256","0.0","raw_results\TinyLlama_TinyLlama-1_1B-Chat-v1_0\semantic\seed_456\samsum\shadow_kv_plus\benchmark_hf_TinyLlama_TinyLlama-1_1B-Chat-v1_0_public_dataset_samsum_semantic_cuda.json"
"TinyLlama_TinyLlama-1_1B-Chat-v1_0","TinyLlama/TinyLlama-1.1B-Chat-v1.0","samsum","semantic","shadow_kv","789","1.00606958972494","1.09037781648619","-4.76071120858463","-15.0511168574302","0.0","0","0","0.0","raw_results\TinyLlama_TinyLlama-1_1B-Chat-v1_0\semantic\seed_789\samsum\shadow_kv\benchmark_hf_TinyLlama_TinyLlama-1_1B-Chat-v1_0_public_dataset_samsum_semantic_cuda.json"
"TinyLlama_TinyLlama-1_1B-Chat-v1_0","TinyLlama/TinyLlama-1.1B-Chat-v1.0","samsum","semantic","shadow_kv_plus","789","0.83998985658935","0.851767144376132","-9.40750023933231","-5.55732266513219","0.9921875","127","16256","0.0","raw_results\TinyLlama_TinyLlama-1_1B-Chat-v1_0\semantic\seed_789\samsum\shadow_kv_plus\benchmark_hf_TinyLlama_TinyLlama-1_1B-Chat-v1_0_public_dataset_samsum_semantic_cuda.json"
"TinyLlama_TinyLlama-1_1B-Chat-v1_0","TinyLlama/TinyLlama-1.1B-Chat-v1.0","samsum","semantic","shadow_kv","999","1.00824412228103","0.950257993066618","-6.61113979840276","-8.87510839876453","0.0","0","0","0.0","raw_results\TinyLlama_TinyLlama-1_1B-Chat-v1_0\semantic\seed_999\samsum\shadow_kv\benchmark_hf_TinyLlama_TinyLlama-1_1B-Chat-v1_0_public_dataset_samsum_semantic_cuda.json"
"TinyLlama_TinyLlama-1_1B-Chat-v1_0","TinyLlama/TinyLlama-1.1B-Chat-v1.0","samsum","semantic","shadow_kv_plus","999","0.892854406195894","0.771350942612822","-16.2649675540395","-18.2916956292123","0.9921875","127","16256","0.0","raw_results\TinyLlama_TinyLlama-1_1B-Chat-v1_0\semantic\seed_999\samsum\shadow_kv_plus\benchmark_hf_TinyLlama_TinyLlama-1_1B-Chat-v1_0_public_dataset_samsum_semantic_cuda.json"
"TinyLlama_TinyLlama-1_1B-Chat-v1_0","TinyLlama/TinyLlama-1.1B-Chat-v1.0","ultrachat","semantic","shadow_kv","42","1.00358926014771","1.00684458258296","-2.15368770123175","-4.80571073515163","0.0","0","0","0.0","raw_results\TinyLlama_TinyLlama-1_1B-Chat-v1_0\semantic\seed_42\ultrachat\shadow_kv\benchmark_hf_TinyLlama_TinyLlama-1.1B-Chat-v1.0_public_dataset_ultrachat_semantic_cuda.json"
"TinyLlama_TinyLlama-1_1B-Chat-v1_0","TinyLlama/TinyLlama-1.1B-Chat-v1.0","ultrachat","semantic","shadow_kv_plus","42","0.795638882582985","0.818038256333285","-9.59517051388485","-11.5914741825689","0.9921875","127","16256","0.0","raw_results\TinyLlama_TinyLlama-1_1B-Chat-v1_0\semantic\seed_42\ultrachat\shadow_kv_plus\benchmark_hf_TinyLlama_TinyLlama-1.1B-Chat-v1.0_public_dataset_ultrachat_semantic_cuda.json"
"TinyLlama_TinyLlama-1_1B-Chat-v1_0","TinyLlama/TinyLlama-1.1B-Chat-v1.0","ultrachat","semantic","shadow_kv","123","0.981455442281042","1.00334995866447","3.4185620487591","-0.694391948395463","0.0","0","0","0.0","raw_results\TinyLlama_TinyLlama-1_1B-Chat-v1_0\semantic\seed_123\ultrachat\shadow_kv\benchmark_hf_TinyLlama_TinyLlama-1_1B-Chat-v1_0_public_dataset_ultrachat_semantic_cuda.json"
"TinyLlama_TinyLlama-1_1B-Chat-v1_0","TinyLlama/TinyLlama-1.1B-Chat-v1.0","ultrachat","semantic","shadow_kv_plus","123","0.767992087687627","0.800466118392448","-8.10834707475227","-6.56267659855074","0.9921875","127","16256","0.0","raw_results\TinyLlama_TinyLlama-1_1B-Chat-v1_0\semantic\seed_123\ultrachat\shadow_kv_plus\benchmark_hf_TinyLlama_TinyLlama-1_1B-Chat-v1_0_public_dataset_ultrachat_semantic_cuda.json"
"TinyLlama_TinyLlama-1_1B-Chat-v1_0","TinyLlama/TinyLlama-1.1B-Chat-v1.0","ultrachat","semantic","shadow_kv","456","0.993460216752073","1.00836136075905","-1.94968490495636","-5.52779535816193","0.0","0","0","0.0","raw_results\TinyLlama_TinyLlama-1_1B-Chat-v1_0\semantic\seed_456\ultrachat\shadow_kv\benchmark_hf_TinyLlama_TinyLlama-1_1B-Chat-v1_0_public_dataset_ultrachat_semantic_cuda.json"
"TinyLlama_TinyLlama-1_1B-Chat-v1_0","TinyLlama/TinyLlama-1.1B-Chat-v1.0","ultrachat","semantic","shadow_kv_plus","456","0.801765932351407","0.827532892089058","-5.00376002953983","-18.5405753611626","0.9921875","127","16256","0.0","raw_results\TinyLlama_TinyLlama-1_1B-Chat-v1_0\semantic\seed_456\ultrachat\shadow_kv_plus\benchmark_hf_TinyLlama_TinyLlama-1_1B-Chat-v1_0_public_dataset_ultrachat_semantic_cuda.json"
"TinyLlama_TinyLlama-1_1B-Chat-v1_0","TinyLlama/TinyLlama-1.1B-Chat-v1.0","ultrachat","semantic","shadow_kv","789","0.993216561268085","0.941040995310465","-5.06344113392887","-2.04681356827693","0.0","0","0","0.0","raw_results\TinyLlama_TinyLlama-1_1B-Chat-v1_0\semantic\seed_789\ultrachat\shadow_kv\benchmark_hf_TinyLlama_TinyLlama-1_1B-Chat-v1_0_public_dataset_ultrachat_semantic_cuda.json"
"TinyLlama_TinyLlama-1_1B-Chat-v1_0","TinyLlama/TinyLlama-1.1B-Chat-v1.0","ultrachat","semantic","shadow_kv_plus","789","0.772814500954215","0.853688789083472","-7.88398658955067","-8.06048479755664","0.9921875","127","16256","0.0","raw_results\TinyLlama_TinyLlama-1_1B-Chat-v1_0\semantic\seed_789\ultrachat\shadow_kv_plus\benchmark_hf_TinyLlama_TinyLlama-1_1B-Chat-v1_0_public_dataset_ultrachat_semantic_cuda.json"
"TinyLlama_TinyLlama-1_1B-Chat-v1_0","TinyLlama/TinyLlama-1.1B-Chat-v1.0","ultrachat","semantic","shadow_kv","999","0.913764683984116","0.949924403176065","-9.61092422273036","-7.52192884902357","0.0","0","0","0.0","raw_results\TinyLlama_TinyLlama-1_1B-Chat-v1_0\semantic\seed_999\ultrachat\shadow_kv\benchmark_hf_TinyLlama_TinyLlama-1_1B-Chat-v1_0_public_dataset_ultrachat_semantic_cuda.json"
"TinyLlama_TinyLlama-1_1B-Chat-v1_0","TinyLlama/TinyLlama-1.1B-Chat-v1.0","ultrachat","semantic","shadow_kv_plus","999","0.759728832959897","0.764819737510375","-14.3422651090136","-3.97898526131236","0.9921875","127","16256","0.0","raw_results\TinyLlama_TinyLlama-1_1B-Chat-v1_0\semantic\seed_999\ultrachat\shadow_kv_plus\benchmark_hf_TinyLlama_TinyLlama-1_1B-Chat-v1_0_public_dataset_ultrachat_semantic_cuda.json"
"TinyLlama_TinyLlama-1_1B-Chat-v1_0","TinyLlama/TinyLlama-1.1B-Chat-v1.0","xsum","semantic","shadow_kv","42","1.01799214961037","1.02564307858092","-0.484929111303031","1.22517445642692","0.0","0","0","0.0","raw_results\TinyLlama_TinyLlama-1_1B-Chat-v1_0\semantic\seed_42\xsum\shadow_kv\benchmark_hf_TinyLlama_TinyLlama-1.1B-Chat-v1.0_public_dataset_xsum_semantic_cuda.json"
"TinyLlama_TinyLlama-1_1B-Chat-v1_0","TinyLlama/TinyLlama-1.1B-Chat-v1.0","xsum","semantic","shadow_kv_plus","42","0.809101395912623","0.818272754077093","-11.2828781247773","-11.6619288949124","0.9921875","127","16256","0.0","raw_results\TinyLlama_TinyLlama-1_1B-Chat-v1_0\semantic\seed_42\xsum\shadow_kv_plus\benchmark_hf_TinyLlama_TinyLlama-1.1B-Chat-v1.0_public_dataset_xsum_semantic_cuda.json"
"TinyLlama_TinyLlama-1_1B-Chat-v1_0","TinyLlama/TinyLlama-1.1B-Chat-v1.0","xsum","semantic","shadow_kv","123","0.959232550904244","0.9655815548453","-0.316007428343381","-2.35219436871416","0.0","0","0","0.0","raw_results\TinyLlama_TinyLlama-1_1B-Chat-v1_0\semantic\seed_123\xsum\shadow_kv\benchmark_hf_TinyLlama_TinyLlama-1_1B-Chat-v1_0_public_dataset_xsum_semantic_cuda.json"
"TinyLlama_TinyLlama-1_1B-Chat-v1_0","TinyLlama/TinyLlama-1.1B-Chat-v1.0","xsum","semantic","shadow_kv_plus","123","0.787743065014693","0.799326597243845","-13.3309699573063","-17.9416868926317","0.9921875","127","16256","0.0","raw_results\TinyLlama_TinyLlama-1_1B-Chat-v1_0\semantic\seed_123\xsum\shadow_kv_plus\benchmark_hf_TinyLlama_TinyLlama-1_1B-Chat-v1_0_public_dataset_xsum_semantic_cuda.json"
"TinyLlama_TinyLlama-1_1B-Chat-v1_0","TinyLlama/TinyLlama-1.1B-Chat-v1.0","xsum","semantic","shadow_kv","456","1.02228175671145","0.978939064285122","0.387668957379282","-1.71344545977763","0.0","0","0","0.0","raw_results\TinyLlama_TinyLlama-1_1B-Chat-v1_0\semantic\seed_456\xsum\shadow_kv\benchmark_hf_TinyLlama_TinyLlama-1_1B-Chat-v1_0_public_dataset_xsum_semantic_cuda.json"
"TinyLlama_TinyLlama-1_1B-Chat-v1_0","TinyLlama/TinyLlama-1.1B-Chat-v1.0","xsum","semantic","shadow_kv_plus","456","0.816664216278698","0.817582030582533","-11.4836868395887","-18.3360887348658","0.9921875","127","16256","0.0","raw_results\TinyLlama_TinyLlama-1_1B-Chat-v1_0\semantic\seed_456\xsum\shadow_kv_plus\benchmark_hf_TinyLlama_TinyLlama-1_1B-Chat-v1_0_public_dataset_xsum_semantic_cuda.json"
"TinyLlama_TinyLlama-1_1B-Chat-v1_0","TinyLlama/TinyLlama-1.1B-Chat-v1.0","xsum","semantic","shadow_kv","789","1.03684455955847","1.05893451318493","-2.53023789442637","-3.05788192660862","0.0","0","0","0.0","raw_results\TinyLlama_TinyLlama-1_1B-Chat-v1_0\semantic\seed_789\xsum\shadow_kv\benchmark_hf_TinyLlama_TinyLlama-1_1B-Chat-v1_0_public_dataset_xsum_semantic_cuda.json"
"TinyLlama_TinyLlama-1_1B-Chat-v1_0","TinyLlama/TinyLlama-1.1B-Chat-v1.0","xsum","semantic","shadow_kv_plus","789","0.797768149635422","0.842985234326423","-21.2780486796042","-14.2038822040201","0.9921875","127","16256","0.0","raw_results\TinyLlama_TinyLlama-1_1B-Chat-v1_0\semantic\seed_789\xsum\shadow_kv_plus\benchmark_hf_TinyLlama_TinyLlama-1_1B-Chat-v1_0_public_dataset_xsum_semantic_cuda.json"
"TinyLlama_TinyLlama-1_1B-Chat-v1_0","TinyLlama/TinyLlama-1.1B-Chat-v1.0","xsum","semantic","shadow_kv","999","1.12073911062599","0.985133440287892","-14.7611230451159","-3.11775404823763","0.0","0","0","0.0","raw_results\TinyLlama_TinyLlama-1_1B-Chat-v1_0\semantic\seed_999\xsum\shadow_kv\benchmark_hf_TinyLlama_TinyLlama-1_1B-Chat-v1_0_public_dataset_xsum_semantic_cuda.json"
"TinyLlama_TinyLlama-1_1B-Chat-v1_0","TinyLlama/TinyLlama-1.1B-Chat-v1.0","xsum","semantic","shadow_kv_plus","999","0.871274511126141","0.781323322761208","-16.687076055308","-16.0506886583185","0.9921875","127","16256","0.0","raw_results\TinyLlama_TinyLlama-1_1B-Chat-v1_0\semantic\seed_999\xsum\shadow_kv_plus\benchmark_hf_TinyLlama_TinyLlama-1_1B-Chat-v1_0_public_dataset_xsum_semantic_cuda.json"
