model,model_slug,model_params_B,dataset,mode,engine,mean_latency_ms,latency_ci_95,latency_std,mean_latency_ms_est_mean,mean_latency_ms_est_std,mean_latency_ms_est_ci_95_lower,mean_latency_ms_est_ci_95_upper,throughput_rps,throughput_std,cached_tokens_mean,cached_tokens_std,cached_token_ratio,gpu_energy_j,energy_std,speedup_vs_lmcache_pct,ratio_sglang,ratio_vllm,ratio_ensemble,ratio_spread,method,estimation_method,n_replicates,source_dataset,batch
Qwen/Qwen2.5-14B-Instruct,qwen25_14b,14.7,ag_news,rag,lmcache_no_native_radix,46.888302764576416,0.12034303719382161,0.10634706875349498,42.04717011825619,0.05685576960825869,41.94931875522368,42.166122152526704,21.327354025231188,0.0484174671800895,0.0,0.0,0.0,6758.948333333334,30.893309572354585,0.0,0.9571521872330937,0.9945621521612806,0.9758571696971872,0.037409964928186934,measured,measured,3,,batch2_14b
Qwen/Qwen2.5-14B-Instruct,qwen25_14b,14.7,ag_news,rag,sglang_radix_attention,43.412087202189774,0.005270999844719318,0.0046579793559905725,38.78185091856843,0.053209388004171784,38.68803167247885,38.89371894280831,23.035059406778483,0.0024714652195848806,129.71875,0.01790068630842125,0.7206597222222222,5429.367333333333,10.314164742399225,7.413822547257743,0.9571521872330937,0.9945621521612806,0.9758571696971872,0.037409964928186934,measured,measured,3,,batch2_14b
Qwen/Qwen2.5-14B-Instruct,qwen25_14b,14.7,ag_news,rag,sglang_radix_attention_shadowkv_plus,42.71653058564576,0.10075432197392707,0.08903653303111993,37.71436445862704,0.08234719820353942,37.55467213504523,37.865252745151984,23.410208789290227,0.04885237701675988,129.71875,0.01790068630842125,0.7206597222222222,5398.734,12.207934018497703,8.89725567563597,0.9571521872330937,0.9945621521612806,0.9758571696971872,0.037409964928186934,measured,measured,3,,batch2_14b
Qwen/Qwen2.5-14B-Instruct,qwen25_14b,14.7,ag_news,templated,lmcache_no_native_radix,46.55427379733131,0.13729352178389703,0.12132620167335414,41.838610528987175,0.06355493405884814,41.72628900564225,41.950361000422724,21.480402172885317,0.05593231302145541,0.0,0.0,0.0,6704.974333333333,31.44797157740595,0.0,0.9704769289000672,0.9894981137437378,0.9799875213219025,0.019021184843670547,measured,measured,3,,batch2_14b
Qwen/Qwen2.5-14B-Instruct,qwen25_14b,14.7,ag_news,templated,sglang_radix_attention,43.17612551221828,0.07900244163167472,0.06981440960615065,38.38717356376332,0.1347392316797971,38.15442518033166,38.66297240803299,23.160988383546385,0.03741566473956316,118.7109375,0.010334966058846057,0.6595052083333334,5406.741666666666,16.392496586344677,7.256365548347754,0.9704769289000672,0.9894981137437378,0.9799875213219025,0.019021184843670547,measured,measured,3,,batch2_14b
Qwen/Qwen2.5-14B-Instruct,qwen25_14b,14.7,ag_news,templated,sglang_radix_attention_shadowkv_plus,42.5425964152358,0.06460320693979686,0.057089814669191045,37.62292083703126,0.046311449014214356,37.52904425752985,37.70998539931245,23.505880785072012,0.031519386893387964,118.7109375,0.010334966058846057,0.6595052083333334,5416.727666666667,15.83764516376527,8.617205371003939,0.9704769289000672,0.9894981137437378,0.9799875213219025,0.019021184843670547,measured,measured,3,,batch2_14b
Qwen/Qwen2.5-14B-Instruct,qwen25_14b,14.7,daily_dialog,rag,lmcache_no_native_radix,49.36557534938402,0.22342471177273937,0.19744028186572288,44.52937832466598,0.09627787025481473,44.34013967417152,44.70336803021608,20.257246889646527,0.0808931980263379,2.6666666666666665,1.1547005383792515,0.012698412698412698,7149.619,28.688979260336076,0.0,0.9581147462326928,1.0026587681886223,0.9803867572106575,0.04454402195592955,measured,measured,3,,batch2_14b
Qwen/Qwen2.5-14B-Instruct,qwen25_14b,14.7,daily_dialog,rag,sglang_radix_attention,43.85266233020957,0.07523334623536013,0.06648366229748187,39.20377276209454,0.035183215013159866,39.140377693182394,39.27634735107702,22.803667536337443,0.034573049251138153,156.19661458333334,0.34054644784232035,0.7437934027777778,5534.5086666666675,14.448915195728029,11.167525102577859,0.9581147462326928,1.0026587681886223,0.9803867572106575,0.04454402195592955,measured,measured,3,,batch2_14b
Qwen/Qwen2.5-14B-Instruct,qwen25_14b,14.7,daily_dialog,rag,sglang_radix_attention_shadowkv_plus,43.14237435210089,0.03976833708083045,0.03514325528394067,38.16653029964876,0.05126978176658584,38.07359207075767,38.26680853354674,23.17907759044036,0.01888882440800484,156.19661458333334,0.34054644784232035,0.7437934027777778,5535.858,9.763130850296116,12.606357675847047,0.9581147462326928,1.0026587681886223,0.9803867572106575,0.04454402195592955,measured,measured,3,,batch2_14b
Qwen/Qwen2.5-14B-Instruct,qwen25_14b,14.7,daily_dialog,templated,lmcache_no_native_radix,48.4580831104419,0.13665035792450017,0.12075783816209522,43.56527872176164,0.07044123947893387,43.43504422303556,43.712491536506526,20.636477534740067,0.051468560805290095,0.6666666666666666,0.5773502691896258,0.0031746031746031746,7017.22,30.870131697159795,0.0,0.9724396393971434,0.9932101222207165,0.9828248808089299,0.020770482823573078,measured,measured,3,,batch2_14b
Qwen/Qwen2.5-14B-Instruct,qwen25_14b,14.7,daily_dialog,templated,sglang_radix_attention,43.787225163062736,0.06399035810491052,0.05654824052664894,38.95021610558307,0.03586772161511472,38.8684193492988,39.015538748544564,22.83773653217257,0.029490287486262975,141.58854166666666,0.2830975916875141,0.6742311507936507,5525.479666666666,31.855915594019983,9.638965570994017,0.9724396393971434,0.9932101222207165,0.9828248808089299,0.020770482823573078,measured,measured,3,,batch2_14b
Qwen/Qwen2.5-14B-Instruct,qwen25_14b,14.7,daily_dialog,templated,sglang_radix_attention_shadowkv_plus,43.046655708773564,0.058108480343955375,0.05135042872772864,38.155387522663695,0.044082762288526554,38.07989752466352,38.24165232224029,23.230630394096533,0.027705883005801988,141.58854166666666,0.2830975916875141,0.6742311507936507,5528.514666666667,44.28788430635807,11.167233729272843,0.9724396393971434,0.9932101222207165,0.9828248808089299,0.020770482823573078,measured,measured,3,,batch2_14b
Qwen/Qwen2.5-14B-Instruct,qwen25_14b,14.7,dolly,rag,lmcache_no_native_radix,49.1086138014604,0.4590220617712765,0.40563751672595433,44.36719355310758,0.1724946579193419,44.042481353203584,44.69681482415558,20.363948501702804,0.16744935946511907,1.3333333333333333,1.1547005383792517,0.006666666666666666,7116.154333333333,65.31196674678608,0.0,0.9641600319924204,0.9892642816996244,0.9767121568460224,0.02510424970720404,measured,measured,3,,batch2_14b
Qwen/Qwen2.5-14B-Instruct,qwen25_14b,14.7,dolly,rag,sglang_radix_attention,43.97659585902147,0.1505767297558436,0.1330645644768824,39.16680166074037,0.09825944804234295,38.98145760812108,39.35349211797712,22.739506629005845,0.06868534865888089,142.45182291666666,0.17334832542335768,0.7122591145833332,5495.698333333334,70.6817281221488,10.450341691962626,0.9641600319924204,0.9892642816996244,0.9767121568460224,0.02510424970720404,measured,measured,3,,batch2_14b
Qwen/Qwen2.5-14B-Instruct,qwen25_14b,14.7,dolly,rag,sglang_radix_attention_shadowkv_plus,43.27439179890765,0.2128402662274791,0.18808681377677552,38.26722548001842,0.1006445329327494,38.07035241953721,38.45770994056602,23.108645318745417,0.10025810081825784,142.45182291666666,0.17334832542335768,0.7122591145833332,5516.607333333333,63.14012111433868,11.880241674382694,0.9641600319924204,0.9892642816996244,0.9767121568460224,0.02510424970720404,measured,measured,3,,batch2_14b
Qwen/Qwen2.5-14B-Instruct,qwen25_14b,14.7,dolly,templated,lmcache_no_native_radix,48.438748327498615,0.0881742487121704,0.07791952994321112,43.872579218586104,0.07448563404028938,43.74897882866246,44.02730993212115,20.644664823889446,0.03318250486092177,2.6666666666666665,0.5773502691896258,0.013333333333333332,7002.518666666667,16.331094278502103,0.0,0.9685481123267692,0.9977913863049109,0.98316974931584,0.02924327397814175,measured,measured,3,,batch2_14b
Qwen/Qwen2.5-14B-Instruct,qwen25_14b,14.7,dolly,templated,sglang_radix_attention,43.78733889719418,0.11525623096544274,0.10185186118420415,38.94101922117007,0.07814127500402221,38.77620361419909,39.07604990252274,22.837734150942648,0.053090546362078404,124.50651041666667,0.09377712281266266,0.6225325520833334,5473.375666666667,4.254758434192612,9.602662312526837,0.9685481123267692,0.9977913863049109,0.98316974931584,0.02924327397814175,measured,measured,3,,batch2_14b
Qwen/Qwen2.5-14B-Instruct,qwen25_14b,14.7,dolly,templated,sglang_radix_attention_shadowkv_plus,43.138966940811464,0.06390768426200513,0.05647518170197082,38.134949168352634,0.04547006096409559,38.05598731249036,38.231790662160975,23.180924655422697,0.030341682682851874,124.50651041666667,0.09377712281266266,0.6225325520833334,5491.093666666668,34.79519064947482,10.941202177345428,0.9685481123267692,0.9977913863049109,0.98316974931584,0.02924327397814175,measured,measured,3,,batch2_14b
Qwen/Qwen2.5-14B-Instruct,qwen25_14b,14.7,samsum,rag,lmcache_no_native_radix,53.499715059691276,0.5931017165842754,0.5241236261123885,48.6787920932906,0.2435157413135728,48.21236847110377,49.12827089177965,18.692879745428968,0.18242040103773918,4.333333333333333,2.3094010767585034,0.015476190476190475,7848.620666666667,84.68766344830453,0.0,0.9595786203737948,0.9992189143398147,0.9793987673568048,0.03964029396601987,measured,measured,3,,batch2_14b
Qwen/Qwen2.5-14B-Instruct,qwen25_14b,14.7,samsum,rag,sglang_radix_attention,46.1763786300556,0.2982719495245274,0.263582740331174,41.36486956402682,0.10810931449848536,41.17289341750762,41.570216540415565,21.65656385834491,0.12344878405964717,155.14453125,0.06765823467065928,0.5540876116071428,6198.383333333334,93.25897135039286,13.688552212782445,0.9595786203737948,0.9992189143398147,0.9793987673568048,0.03964029396601987,measured,measured,3,,batch2_14b
Qwen/Qwen2.5-14B-Instruct,qwen25_14b,14.7,samsum,rag,sglang_radix_attention_shadowkv_plus,45.38565979692066,0.2962815834420363,0.26182385503498196,40.25592527932788,0.1288901667542751,40.03165379588818,40.51587816799957,22.033879142609305,0.1268573378532472,155.14453125,0.06765823467065928,0.5540876116071428,6203.204999999999,74.33722006505187,15.166539211877133,0.9595786203737948,0.9992189143398147,0.9793987673568048,0.03964029396601987,measured,measured,3,,batch2_14b
Qwen/Qwen2.5-14B-Instruct,qwen25_14b,14.7,samsum,templated,lmcache_no_native_radix,52.66973407863892,0.5054413078545922,0.44665817624908977,47.79313921923661,0.21840901494325501,47.406753176763,48.22086256286596,18.987143407907038,0.16050709436229602,3.6666666666666665,1.5275252316519465,0.013095238095238096,7728.392666666667,100.53497472190098,0.0,0.9597197239647082,0.9884520736962191,0.9740858988304637,0.028732349731510953,measured,measured,3,,batch2_14b
Qwen/Qwen2.5-14B-Instruct,qwen25_14b,14.7,samsum,templated,sglang_radix_attention,46.21761290703338,0.3536072763181918,0.3124825349536506,41.344369939183714,0.14219742111258937,41.07009896010792,41.59914991404079,21.637431190029798,0.14602042517265149,140.15755208333334,0.041768268052987015,0.5005626860119048,6208.848666666668,82.03470349390757,12.250149510859796,0.9597197239647082,0.9884520736962191,0.9740858988304637,0.028732349731510953,measured,measured,3,,batch2_14b
Qwen/Qwen2.5-14B-Instruct,qwen25_14b,14.7,samsum,templated,sglang_radix_attention_shadowkv_plus,45.36539890235266,0.2776972497634206,0.24540089066958615,40.261726769721896,0.1627466940051936,39.93764599655883,40.554612359100744,22.043660917937544,0.11901466129437646,140.15755208333334,0.041768268052987015,0.5005626860119048,6207.109,79.82341471022131,13.868183130335288,0.9597197239647082,0.9884520736962191,0.9740858988304637,0.028732349731510953,measured,measured,3,,batch2_14b
Qwen/Qwen2.5-14B-Instruct,qwen25_14b,14.7,xsum,rag,lmcache_no_native_radix,64.55643637248916,0.44749810379025656,0.39545380206910974,59.561389610874606,0.22841762368886698,59.17856710573401,60.04053116023032,15.490710871851164,0.09517222154005128,8.333333333333334,0.5773502691896255,0.01893939393939394,9787.951666666666,97.24804601807448,0.0,0.953703251139971,0.9862343628879794,0.9699688070139751,0.03253111174800838,measured,measured,3,,batch2_14b
Qwen/Qwen2.5-14B-Instruct,qwen25_14b,14.7,xsum,rag,sglang_radix_attention,54.403390241835346,0.1654816580010306,0.14623604049924582,49.04745038801493,0.06463389146040872,48.91983752361563,49.18299827043172,18.381296080352488,0.049479707391648836,140.24609375,0.1446367857935439,0.3187411221590909,8016.587333333333,43.50926900481475,15.727395595492554,0.953703251139971,0.9862343628879794,0.9699688070139751,0.03253111174800838,measured,measured,3,,batch2_14b
Qwen/Qwen2.5-14B-Instruct,qwen25_14b,14.7,xsum,rag,sglang_radix_attention_shadowkv_plus,53.183097695485536,0.2845421765875441,0.25144974833972544,47.51808102786299,0.10098629106730936,47.32140128078155,47.716375164675725,18.803247194140017,0.08907870047647394,140.24609375,0.1446367857935439,0.3187411221590909,8031.380666666667,47.91185419427335,17.617668068571383,0.953703251139971,0.9862343628879794,0.9699688070139751,0.03253111174800838,measured,measured,3,,batch2_14b
Qwen/Qwen2.5-14B-Instruct,qwen25_14b,14.7,xsum,templated,lmcache_no_native_radix,63.53005019718694,0.5186735807207037,0.45835152773057963,58.50255391669118,0.2681912549242715,57.946034821089484,59.03089015467285,15.741129712912056,0.11375900115212172,7.333333333333333,2.516611478423583,0.016666666666666666,9626.315333333334,85.29116408124106,0.0,0.9543685413715621,0.985180389899429,0.9697744656354956,0.030811848527866892,measured,measured,3,,batch2_14b
Qwen/Qwen2.5-14B-Instruct,qwen25_14b,14.7,xsum,templated,sglang_radix_attention,54.21858520579311,0.458741655561271,0.40538972192876693,48.93855593362052,0.20048173508942868,48.56609057744501,49.322518985453485,18.444544808730637,0.13736540641121675,125.38020833333333,0.08667416271168005,0.28495501893939396,8006.258333333334,85.13313873183147,14.656788342670207,0.9543685413715621,0.985180389899429,0.9697744656354956,0.030811848527866892,measured,measured,3,,batch2_14b
Qwen/Qwen2.5-14B-Instruct,qwen25_14b,14.7,xsum,templated,sglang_radix_attention_shadowkv_plus,53.10421305800143,0.46747332237314715,0.4131058905782222,47.43839079765305,0.18485016936673532,47.08586489393695,47.801988297173,18.83165413781263,0.1458715869863735,125.38020833333333,0.08667416271168005,0.28495501893939396,8022.2463333333335,110.22344997473657,16.410875021860377,0.9543685413715621,0.985180389899429,0.9697744656354956,0.030811848527866892,measured,measured,3,,batch2_14b
Qwen/Qwen2.5-1.5B-Instruct,qwen25_15b,1.54,ag_news,rag,lmcache_no_native_radix,10.869866195662325,0.08209100909153594,0.07254377479139738,10.02633717181774,0.042829696805865965,9.950653620114554,10.106342780172278,92.00019358674287,0.6160621625915012,0.0,0.0,0.0,893.3423333333334,11.906262063860853,0.0,0.9571521872330937,0.9945621521612806,0.9758571696971872,0.037409964928186934,measured,measured,3,,batch1_15b_3b_7b
Qwen/Qwen2.5-1.5B-Instruct,qwen25_15b,1.54,ag_news,rag,sglang_radix_attention,10.709114713487603,0.17334021509857472,0.15318064262533124,9.981727056513524,0.05055207035331564,9.892005934247642,10.077702183468137,93.39119831265172,1.342132492688312,129.71875,0.01790068630842125,0.7206597222222222,731.3103333333333,8.579264090429577,1.4788726860213917,0.9571521872330937,0.9945621521612806,0.9758571696971872,0.037409964928186934,measured,measured,3,,batch1_15b_3b_7b
Qwen/Qwen2.5-1.5B-Instruct,qwen25_15b,1.54,ag_news,rag,sglang_radix_attention_shadowkv_plus,10.967673478565606,0.240591516491768,0.21261057675193246,10.16004745547629,0.07468006627385988,10.011275105529077,10.288539455866898,91.20014553129845,1.787898753676198,129.71875,0.01790068630842125,0.7206597222222222,751.7056666666667,4.632153099081743,-0.8998020871895486,0.9571521872330937,0.9945621521612806,0.9758571696971872,0.037409964928186934,measured,measured,3,,batch1_15b_3b_7b
Qwen/Qwen2.5-1.5B-Instruct,qwen25_15b,1.54,ag_news,templated,lmcache_no_native_radix,10.869648361979975,0.1141771391838801,0.10089826843333859,10.047103283447756,0.034112938643164774,9.978330065500447,10.105539063031614,92.00459909336796,0.856907713656194,0.0,0.0,0.0,888.9456666666666,1.1238364353113222,0.0,0.9704769289000672,0.9894981137437378,0.9799875213219025,0.019021184843670547,measured,measured,3,,batch1_15b_3b_7b
Qwen/Qwen2.5-1.5B-Instruct,qwen25_15b,1.54,ag_news,templated,sglang_radix_attention,10.893028074860922,0.414177211460964,0.3660081497895859,10.06646758853512,0.13355108301620067,9.800576063957232,10.331522877854498,91.86973349127533,3.0310796359621364,118.7109375,0.010334966058846057,0.6595052083333334,728.5836666666668,14.066735027480005,-0.2150917132032104,0.9704769289000672,0.9894981137437378,0.9799875213219025,0.019021184843670547,measured,measured,3,,batch1_15b_3b_7b
Qwen/Qwen2.5-1.5B-Instruct,qwen25_15b,1.54,ag_news,templated,sglang_radix_attention_shadowkv_plus,10.932016573254563,0.10507277889034304,0.09285275078087997,10.150776753403447,0.03718307505390666,10.07302783904873,10.22103909845308,91.47884377268169,0.779243544144822,118.7109375,0.010334966058846057,0.6595052083333334,739.526,4.118586772182854,-0.5737831546854888,0.9704769289000672,0.9894981137437378,0.9799875213219025,0.019021184843670547,measured,measured,3,,batch1_15b_3b_7b
Qwen/Qwen2.5-1.5B-Instruct,qwen25_15b,1.54,daily_dialog,rag,lmcache_no_native_radix,11.765383106497515,0.139216559300746,0.12302558875704979,10.950860494380043,0.053760631061922894,10.853396245587778,11.067620569798972,85.00128253336455,0.8858457037343107,2.6666666666666665,1.1547005383792515,0.012698412698412698,970.5896666666667,15.510661150748291,0.0,0.9581147462326928,1.0026587681886223,0.9803867572106575,0.04454402195592955,measured,measured,3,,batch1_15b_3b_7b
Qwen/Qwen2.5-1.5B-Instruct,qwen25_15b,1.54,daily_dialog,rag,sglang_radix_attention,10.756916257832927,0.059359500910920605,0.05245595484165589,10.028939804770094,0.02517473332738581,9.983039626839968,10.079441692827688,92.96492359048536,0.45460939518267807,156.19661458333334,0.34054644784232035,0.7437934027777778,744.8706666666667,14.749300503187733,8.57147480482514,0.9581147462326928,1.0026587681886223,0.9803867572106575,0.04454402195592955,measured,measured,3,,batch1_15b_3b_7b
Qwen/Qwen2.5-1.5B-Instruct,qwen25_15b,1.54,daily_dialog,rag,sglang_radix_attention_shadowkv_plus,10.997826216225803,0.15088867447248933,0.1333402298332003,10.203926154889315,0.05288512551823643,10.110273129549347,10.305717658460345,90.93603393859541,1.1102956715114878,156.19661458333334,0.34054644784232035,0.7437934027777778,767.703,3.1107383367939674,6.523858027604922,0.9581147462326928,1.0026587681886223,0.9803867572106575,0.04454402195592955,measured,measured,3,,batch1_15b_3b_7b
Qwen/Qwen2.5-1.5B-Instruct,qwen25_15b,1.54,daily_dialog,templated,lmcache_no_native_radix,11.596085912515264,0.025051292124505325,0.02213781160963944,10.752253262299163,0.03337782267080443,10.692382660322792,10.817558201134128,86.23620382666832,0.1645382355798017,0.3333333333333333,0.5773502691896258,0.0015873015873015873,953.5863333333333,8.344141797293036,0.0,0.9724396393971434,0.9932101222207165,0.9828248808089299,0.020770482823573078,measured,measured,3,,batch1_15b_3b_7b
Qwen/Qwen2.5-1.5B-Instruct,qwen25_15b,1.54,daily_dialog,templated,sglang_radix_attention,10.939619601382825,0.060707768876638944,0.05364741842269757,10.11433778085073,0.02120129617352239,10.072517583272605,10.15168573471813,91.41231882481121,0.4472212260822401,141.58854166666666,0.2830975916875141,0.6742311507936507,758.5986666666668,3.2572841959727143,5.661102514115879,0.9724396393971434,0.9932101222207165,0.9828248808089299,0.020770482823573078,measured,measured,3,,batch1_15b_3b_7b
Qwen/Qwen2.5-1.5B-Instruct,qwen25_15b,1.54,daily_dialog,templated,sglang_radix_attention_shadowkv_plus,10.891230113884376,0.11958136327933623,0.10567397797865388,10.131142681221059,0.039624021644771246,10.053216698367843,10.205186511694391,91.82277529034731,0.8939195007852887,141.58854166666666,0.2830975916875141,0.6742311507936507,760.3776666666666,2.784000957854221,6.07839407148718,0.9724396393971434,0.9932101222207165,0.9828248808089299,0.020770482823573078,measured,measured,3,,batch1_15b_3b_7b
Qwen/Qwen2.5-1.5B-Instruct,qwen25_15b,1.54,dolly,rag,lmcache_no_native_radix,11.80271167019479,0.06531821401283018,0.05772166598463228,10.982068809732995,0.05364735270803422,10.866586818267852,11.075137574767046,84.72764488688154,0.41483075307216566,1.3333333333333333,1.1547005383792517,0.006666666666666666,959.8046666666665,6.48480919791276,0.0,0.9641600319924204,0.9892642816996244,0.9767121568460224,0.02510424970720404,measured,measured,3,,batch1_15b_3b_7b
Qwen/Qwen2.5-1.5B-Instruct,qwen25_15b,1.54,dolly,rag,sglang_radix_attention,10.959406090175131,0.19916043379225498,0.17599795417634856,10.110096480748473,0.06797530419730329,9.986040619271236,10.253841251945099,91.26162913636927,1.4766373065196705,142.45182291666666,0.17334832542335768,0.7122591145833332,743.4843333333333,15.859850009799404,7.145015514945152,0.9641600319924204,0.9892642816996244,0.9767121568460224,0.02510424970720404,measured,measured,3,,batch1_15b_3b_7b
Qwen/Qwen2.5-1.5B-Instruct,qwen25_15b,1.54,dolly,rag,sglang_radix_attention_shadowkv_plus,11.095020604140396,0.17212370988696285,0.1521056177099312,10.254599942769765,0.07829387510514846,10.11406111301704,10.396290715692873,90.14187597178119,1.2422956524049416,142.45182291666666,0.17334832542335768,0.7122591145833332,777.0506666666666,19.016511676260013,5.996004018648664,0.9641600319924204,0.9892642816996244,0.9767121568460224,0.02510424970720404,measured,measured,3,,batch1_15b_3b_7b
Qwen/Qwen2.5-1.5B-Instruct,qwen25_15b,1.54,dolly,templated,lmcache_no_native_radix,11.706732680674273,0.19288472635552448,0.17045211533254492,10.888348212138519,0.06581574976423674,10.751851042274758,11.001286785613917,85.43297166974514,1.2405175344764878,2.6666666666666665,0.5773502691896258,0.013333333333333332,961.3143333333334,12.278785621279214,0.0,0.9685481123267692,0.9977913863049109,0.98316974931584,0.02924327397814175,measured,measured,3,,batch1_15b_3b_7b
Qwen/Qwen2.5-1.5B-Instruct,qwen25_15b,1.54,dolly,templated,sglang_radix_attention,10.966846395149332,0.17800251785777732,0.15730071673717178,10.064467176214462,0.061470562508610826,9.927220000668669,10.18220667229426,91.1964155901021,1.3072372294034689,124.50651041666667,0.09377712281266266,0.6225325520833334,757.774,10.402355887009415,6.3201775056020635,0.9685481123267692,0.9977913863049109,0.98316974931584,0.02924327397814175,measured,measured,3,,batch1_15b_3b_7b
Qwen/Qwen2.5-1.5B-Instruct,qwen25_15b,1.54,dolly,templated,sglang_radix_attention_shadowkv_plus,11.037852801867606,0.1050080484898934,0.09279554856538351,10.176226859478499,0.041008256897939806,10.082494628820882,10.254395047745549,90.6016205108831,0.7654054086481165,124.50651041666667,0.09377712281266266,0.6225325520833334,770.674,10.242798787440893,5.7136341714786765,0.9685481123267692,0.9977913863049109,0.98316974931584,0.02924327397814175,measured,measured,3,,batch1_15b_3b_7b
Qwen/Qwen2.5-1.5B-Instruct,qwen25_15b,1.54,samsum,rag,lmcache_no_native_radix,12.676067803719585,0.12143551718395619,0.1073124926561304,11.84066176705968,0.08083219505038103,11.68653150924537,12.014208158453272,78.89260298776834,0.6707256621251797,4.333333333333333,2.3094010767585034,0.015476190476190475,1082.791,20.895515092957233,0.0,0.9595786203737948,0.9992189143398147,0.9793987673568048,0.03964029396601987,measured,measured,3,,batch1_15b_3b_7b
Qwen/Qwen2.5-1.5B-Instruct,qwen25_15b,1.54,samsum,rag,sglang_radix_attention,11.193086809119754,0.07913198804342375,0.0699288896913994,10.453282754152347,0.03523517474321047,10.382488388059814,10.526332599764926,89.34317647341625,0.5562095323361569,155.14453125,0.06765823467065928,0.5540876116071428,828.948,19.36528822403631,11.699061708747525,0.9595786203737948,0.9992189143398147,0.9793987673568048,0.03964029396601987,measured,measured,3,,batch1_15b_3b_7b
Qwen/Qwen2.5-1.5B-Instruct,qwen25_15b,1.54,samsum,rag,sglang_radix_attention_shadowkv_plus,11.37468387150875,0.2015200303363927,0.1780831282068641,10.590949953846735,0.06652279751699684,10.47179798314094,10.71275754873416,87.9290128485892,1.387492275978318,155.14453125,0.06765823467065928,0.5540876116071428,861.4363333333334,7.826626497625473,10.2664639568192,0.9595786203737948,0.9992189143398147,0.9793987673568048,0.03964029396601987,measured,measured,3,,batch1_15b_3b_7b
Qwen/Qwen2.5-1.5B-Instruct,qwen25_15b,1.54,samsum,templated,lmcache_no_native_radix,12.704587136643871,0.24468449353342517,0.2162275380735463,11.826670764147382,0.09230287844433217,11.624968627640177,11.971544501353836,78.72681925247144,1.3301212357671854,3.6666666666666665,1.5275252316519465,0.013095238095238096,1067.723,8.329275178549452,0.0,0.9597197239647082,0.9884520736962191,0.9740858988304637,0.028732349731510953,measured,measured,3,,batch1_15b_3b_7b
Qwen/Qwen2.5-1.5B-Instruct,qwen25_15b,1.54,samsum,templated,sglang_radix_attention,11.181191995243958,0.14643993971684638,0.12940888563617423,10.433177961165493,0.056349091948990536,10.325430793375464,10.527477461586392,89.44384573688546,1.0294412630222238,140.15755208333334,0.041768268052987015,0.5005626860119048,830.9209999999999,13.172577234542985,11.990906316081542,0.9597197239647082,0.9884520736962191,0.9740858988304637,0.028732349731510953,measured,measured,3,,batch1_15b_3b_7b
Qwen/Qwen2.5-1.5B-Instruct,qwen25_15b,1.54,samsum,templated,sglang_radix_attention_shadowkv_plus,11.323230915422755,0.34417410251337033,0.3041464450013146,10.578661303807587,0.12304402945115923,10.33224805244945,10.81035863200907,88.35592145564976,2.3402095637732137,140.15755208333334,0.041768268052987015,0.5005626860119048,849.4276666666666,15.495588608805178,10.872893438912842,0.9597197239647082,0.9884520736962191,0.9740858988304637,0.028732349731510953,measured,measured,3,,batch1_15b_3b_7b
Qwen/Qwen2.5-1.5B-Instruct,qwen25_15b,1.54,xsum,rag,lmcache_no_native_radix,14.819190055277431,0.15750735610618782,0.13918915476620478,14.01686167868872,0.05423125045302986,13.906549324258712,14.118759147369095,67.48404171194208,0.6341085410064691,8.333333333333334,0.5773502691896255,0.01893939393939394,1325.355,11.419696186851947,0.0,0.953703251139971,0.9862343628879794,0.9699688070139751,0.03253111174800838,measured,measured,3,,batch1_15b_3b_7b
Qwen/Qwen2.5-1.5B-Instruct,qwen25_15b,1.54,xsum,rag,sglang_radix_attention,12.658099935682307,0.07615025982299556,0.06729393827704044,11.86066287476887,0.027206601794300907,11.805402472481573,11.904869468269574,79.00228319381289,0.41896445929926446,140.24609375,0.1446367857935439,0.3187411221590909,1107.6366666666665,17.503339119531848,14.583051513166295,0.953703251139971,0.9862343628879794,0.9699688070139751,0.03253111174800838,measured,measured,3,,batch1_15b_3b_7b
Qwen/Qwen2.5-1.5B-Instruct,qwen25_15b,1.54,xsum,rag,sglang_radix_attention_shadowkv_plus,12.747453454267088,0.1086312386388437,0.09599735949572277,11.999482971916953,0.03731782716558807,11.941490931147085,12.075516521440608,78.44999444826045,0.5883403650027932,140.24609375,0.1446367857935439,0.3187411221590909,1135.9756666666667,21.932729751066823,13.980093333593176,0.953703251139971,0.9862343628879794,0.9699688070139751,0.03253111174800838,measured,measured,3,,batch1_15b_3b_7b
Qwen/Qwen2.5-1.5B-Instruct,qwen25_15b,1.54,xsum,templated,lmcache_no_native_radix,14.755659474303682,0.21944621153317792,0.19392448362447526,13.882406840919234,0.0733596287738251,13.742969231864668,14.02031289865826,67.77846801465913,0.8972105960896477,7.333333333333333,2.516611478423583,0.016666666666666666,1307.8606666666667,4.017364476038116,0.0,0.9543685413715621,0.985180389899429,0.9697744656354956,0.030811848527866892,measured,measured,3,,batch1_15b_3b_7b
Qwen/Qwen2.5-1.5B-Instruct,qwen25_15b,1.54,xsum,templated,sglang_radix_attention,12.498598628553736,0.15930438381677153,0.14077718706076606,11.740650492367635,0.06949611106674146,11.613582922862236,11.872615892523292,80.01577499459661,0.9062842731838563,125.38020833333333,0.08667416271168005,0.28495501893939396,1105.4226666666666,12.099963071568967,15.29623836657735,0.9543685413715621,0.985180389899429,0.9697744656354956,0.030811848527866892,measured,measured,3,,batch1_15b_3b_7b
Qwen/Qwen2.5-1.5B-Instruct,qwen25_15b,1.54,xsum,templated,sglang_radix_attention_shadowkv_plus,12.651677627218305,0.15762394137550592,0.13929218109777267,11.904769967964421,0.05757664306872925,11.790234860021009,12.010649438609876,79.04727475783828,0.8683794292489198,125.38020833333333,0.08667416271168005,0.28495501893939396,1129.6583333333335,25.66084126316465,14.258812699963475,0.9543685413715621,0.985180389899429,0.9697744656354956,0.030811848527866892,measured,measured,3,,batch1_15b_3b_7b
Qwen/Qwen2.5-3B-Instruct,qwen25_3b,3.09,ag_news,rag,lmcache_no_native_radix,14.641560264711492,0.26434088398314043,0.2335978783553415,15.607026050971708,0.04702350026464075,15.52061357324907,15.703886979701702,68.31029674202439,1.087337555500616,0.0,0.0,0.0,1646.7666666666667,15.46044748166528,0.0,0.9571521872330937,0.9945621521612806,0.9758571696971872,0.037409964928186934,measured,measured,3,,batch1_15b_3b_7b
Qwen/Qwen2.5-3B-Instruct,qwen25_3b,3.09,ag_news,rag,sglang_radix_attention,14.55719600729329,0.057367647918228036,0.050695755563823414,15.175512164693087,0.04737424913973936,15.095481085468732,15.266978147856664,68.69510363188584,0.23931963571778853,129.71875,0.01790068630842125,0.7206597222222222,1313.0273333333334,15.251913989179567,0.5761971804434852,0.9571521872330937,0.9945621521612806,0.9758571696971872,0.037409964928186934,measured,measured,3,,batch1_15b_3b_7b
Qwen/Qwen2.5-3B-Instruct,qwen25_3b,3.09,ag_news,rag,sglang_radix_attention_shadowkv_plus,14.542396679947464,0.05840069033062707,0.05160865451517477,15.230559541186738,0.06855814515963998,15.092397454966765,15.344109015063351,68.76503478049229,0.24453713397373358,129.71875,0.01790068630842125,0.7206597222222222,1328.0806666666667,9.193431695146943,0.6772747096020111,0.9571521872330937,0.9945621521612806,0.9758571696971872,0.037409964928186934,measured,measured,3,,batch1_15b_3b_7b
Qwen/Qwen2.5-3B-Instruct,qwen25_3b,3.09,ag_news,templated,lmcache_no_native_radix,14.660855786739072,0.04372735190569469,0.03864183427607498,15.605392440005314,0.03216396882587466,15.538715895702593,15.661009331522356,68.20915824389898,0.17981886768860433,0.0,0.0,0.0,1619.642,19.469460110645052,0.0,0.9704769289000672,0.9894981137437378,0.9799875213219025,0.019021184843670547,measured,measured,3,,batch1_15b_3b_7b
Qwen/Qwen2.5-3B-Instruct,qwen25_3b,3.09,ag_news,templated,sglang_radix_attention,14.420591475603336,0.03313132755820899,0.029278134006645345,15.215954213628484,0.12347777830602459,14.971562561633466,15.457502767435232,69.34547363603048,0.14068460611733996,118.7109375,0.010334966058846057,0.6595052083333334,1312.0613333333333,3.385948956102734,1.6388150502991627,0.9704769289000672,0.9894981137437378,0.9799875213219025,0.019021184843670547,measured,measured,3,,batch1_15b_3b_7b
Qwen/Qwen2.5-3B-Instruct,qwen25_3b,3.09,ag_news,templated,sglang_radix_attention_shadowkv_plus,14.590079996499602,0.15903754113662252,0.140541378346661,15.209659762823549,0.03655090614765179,15.135075818800765,15.278586165372046,68.54398365853147,0.663913486542055,118.7109375,0.010334966058846057,0.6595052083333334,1321.353,9.72556728422562,0.4827534713456991,0.9704769289000672,0.9894981137437378,0.9799875213219025,0.019021184843670547,measured,measured,3,,batch1_15b_3b_7b
Qwen/Qwen2.5-3B-Instruct,qwen25_3b,3.09,daily_dialog,rag,lmcache_no_native_radix,16.056639810509903,0.14572756095752273,0.1287793569599592,16.884578745812068,0.05363465829896098,16.784491448621694,16.99897094211157,62.28220308839619,0.4997157931927352,2.6666666666666665,1.1547005383792515,0.012698412698412698,1767.396,8.851718985598172,0.0,0.9581147462326928,1.0026587681886223,0.9803867572106575,0.04454402195592955,measured,measured,3,,batch1_15b_3b_7b
Qwen/Qwen2.5-3B-Instruct,qwen25_3b,3.09,daily_dialog,rag,sglang_radix_attention,14.635625088582552,0.1430125793409235,0.12638012935711973,15.2760895493978,0.02676377812168546,15.224718559899221,15.328047791627002,68.32981575988906,0.5882993592705095,156.19661458333334,0.34054644784232035,0.7437934027777778,1342.7713333333334,5.433149117531624,8.850013070587929,0.9581147462326928,1.0026587681886223,0.9803867572106575,0.04454402195592955,measured,measured,3,,batch1_15b_3b_7b
Qwen/Qwen2.5-3B-Instruct,qwen25_3b,3.09,daily_dialog,rag,sglang_radix_attention_shadowkv_plus,14.678595402377445,0.13583589825565973,0.12003810064824454,15.332381463123449,0.050579186870894466,15.240266510253793,15.436613287209816,68.1294603099867,0.5596090528873499,156.19661458333334,0.34054644784232035,0.7437934027777778,1357.264,14.666767571622625,8.582395970733907,0.9581147462326928,1.0026587681886223,0.9803867572106575,0.04454402195592955,measured,measured,3,,batch1_15b_3b_7b
Qwen/Qwen2.5-3B-Instruct,qwen25_3b,3.09,daily_dialog,templated,lmcache_no_native_radix,15.659151575467453,0.19475054338446082,0.1721009367058842,16.560067954025694,0.03983092430106549,16.486152803596394,16.63335520522979,63.86553479028536,0.6980506636828419,0.3333333333333333,0.5773502691896258,0.0015873015873015873,1742.4583333333333,10.166163107747805,0.0,0.9724396393971434,0.9932101222207165,0.9828248808089299,0.020770482823573078,measured,measured,3,,batch1_15b_3b_7b
Qwen/Qwen2.5-3B-Instruct,qwen25_3b,3.09,daily_dialog,templated,sglang_radix_attention,14.537625494691989,0.04957738320788719,0.043811503378761586,15.335152877323445,0.020275071408887135,15.295757513220899,15.372668065433025,68.78744116807121,0.20742660701176271,141.58854166666666,0.2830975916875141,0.6742311507936507,1332.9396666666667,2.058513136546253,7.162112681331425,0.9724396393971434,0.9932101222207165,0.9828248808089299,0.020770482823573078,measured,measured,3,,batch1_15b_3b_7b
Qwen/Qwen2.5-3B-Instruct,qwen25_3b,3.09,daily_dialog,templated,sglang_radix_attention_shadowkv_plus,14.6246649060231,0.10657562858588884,0.09418081814252524,15.255341915769957,0.03759320944369395,15.18161564481056,15.325930672420819,68.37953266283331,0.4419948621410099,141.58854166666666,0.2830975916875141,0.6742311507936507,1348.7183333333332,8.224176574790535,6.606275342944129,0.9724396393971434,0.9932101222207165,0.9828248808089299,0.020770482823573078,measured,measured,3,,batch1_15b_3b_7b
Qwen/Qwen2.5-3B-Instruct,qwen25_3b,3.09,dolly,rag,lmcache_no_native_radix,16.031173005406647,0.35281408160569194,0.31178158926878086,16.89878955032473,0.06233379066876148,16.759380322035295,17.00832106960581,62.394036805844586,1.2008428455978277,1.3333333333333333,1.1547005383792517,0.006666666666666666,1764.695,34.91240127805584,0.0,0.9641600319924204,0.9892642816996244,0.9767121568460224,0.02510424970720404,measured,measured,3,,batch1_15b_3b_7b
Qwen/Qwen2.5-3B-Instruct,qwen25_3b,3.09,dolly,rag,sglang_radix_attention,14.4905011955719,0.10335237428110462,0.09133243027436129,15.356859661318653,0.0636121253518604,15.236066761942016,15.493058447084625,69.01254846797592,0.43384648339567955,142.45182291666666,0.17334832542335768,0.7122591145833332,1340.4013333333335,5.6317352861558225,9.610474600424698,0.9641600319924204,0.9892642816996244,0.9767121568460224,0.02510424970720404,measured,measured,3,,batch1_15b_3b_7b
Qwen/Qwen2.5-3B-Instruct,qwen25_3b,3.09,dolly,rag,sglang_radix_attention_shadowkv_plus,14.64878037101395,0.27768687974532014,0.2453917266908997,15.39743491088386,0.07838229901894309,15.257463439236817,15.538636527067617,68.27783350083321,1.1430450468213054,142.45182291666666,0.17334832542335768,0.7122591145833332,1345.8536666666666,24.266426525826574,8.623153364550882,0.9641600319924204,0.9892642816996244,0.9767121568460224,0.02510424970720404,measured,measured,3,,batch1_15b_3b_7b
Qwen/Qwen2.5-3B-Instruct,qwen25_3b,3.09,dolly,templated,lmcache_no_native_radix,15.865919545376528,0.09451704690800669,0.08352465685001961,16.740888094628602,0.06247359023124945,16.616539523012193,16.848688482709665,63.029344866409055,0.33250111046457803,2.6666666666666665,0.5773502691896258,0.013333333333333332,1739.1076666666668,8.44095612672718,0.0,0.9685481123267692,0.9977913863049109,0.98316974931584,0.02924327397814175,measured,measured,3,,batch1_15b_3b_7b
Qwen/Qwen2.5-3B-Instruct,qwen25_3b,3.09,dolly,templated,sglang_radix_attention,14.31784270304585,0.18859157859927841,0.16665826327222935,15.281646173201434,0.05916889591990662,15.148446028668053,15.399150554612282,69.84920321634709,0.8091911484890093,124.50651041666667,0.09377712281266266,0.6225325520833334,1321.4106666666667,10.863870136067135,9.757246265513817,0.9685481123267692,0.9977913863049109,0.98316974931584,0.02924327397814175,measured,measured,3,,batch1_15b_3b_7b
Qwen/Qwen2.5-3B-Instruct,qwen25_3b,3.09,dolly,templated,sglang_radix_attention_shadowkv_plus,14.483207190399602,0.12030241868556729,0.10631117420246225,15.299710612779775,0.039500454705294535,15.208838376731604,15.374226466051367,69.04795043489777,0.5047291368925518,124.50651041666667,0.09377712281266266,0.6225325520833334,1358.7803333333334,11.804278984051937,8.714984032424775,0.9685481123267692,0.9977913863049109,0.98316974931584,0.02924327397814175,measured,measured,3,,batch1_15b_3b_7b
Qwen/Qwen2.5-3B-Instruct,qwen25_3b,3.09,samsum,rag,lmcache_no_native_radix,17.359849848768743,0.4449527307707178,0.3932044574803056,18.318391697227586,0.09086182034955798,18.145199664463256,18.51851031969299,57.62388597718561,1.3048077753875247,4.333333333333333,2.3094010767585034,0.015476190476190475,1959.781,48.359585926680445,0.0,0.9595786203737948,0.9992189143398147,0.9793987673568048,0.03964029396601987,measured,measured,3,,batch1_15b_3b_7b
Qwen/Qwen2.5-3B-Instruct,qwen25_3b,3.09,samsum,rag,sglang_radix_attention,15.35095599304744,0.15600380935882638,0.13786047142029406,15.982587180521211,0.03720973791909761,15.910385183580296,16.055179624892364,65.1460423728033,0.587873616464089,155.14453125,0.06765823467065928,0.5540876116071428,1531.378,16.86038134206932,11.572069304872382,0.9595786203737948,0.9992189143398147,0.9793987673568048,0.03964029396601987,measured,measured,3,,batch1_15b_3b_7b
Qwen/Qwen2.5-3B-Instruct,qwen25_3b,3.09,samsum,rag,sglang_radix_attention_shadowkv_plus,15.397822654904303,0.0479807191809776,0.04240053234956519,15.993011837968817,0.06372785110389102,15.874256650107688,16.115818975564622,64.94457597043319,0.1791200642946099,155.14453125,0.06765823467065928,0.5540876116071428,1542.238,13.713420725697919,11.302097719489192,0.9595786203737948,0.9992189143398147,0.9793987673568048,0.03964029396601987,measured,measured,3,,batch1_15b_3b_7b
Qwen/Qwen2.5-3B-Instruct,qwen25_3b,3.09,samsum,templated,lmcache_no_native_radix,17.257079952438897,0.20415350924860348,0.18041033191942035,18.1999054696304,0.0909159709545946,18.028139472708432,18.356615134987873,57.95144990846006,0.6053344804615606,3.6666666666666665,1.5275252316519465,0.013095238095238096,1947.6463333333334,28.29052308341674,0.0,0.9597197239647082,0.9884520736962191,0.9740858988304637,0.028732349731510953,measured,measured,3,,batch1_15b_3b_7b
Qwen/Qwen2.5-3B-Instruct,qwen25_3b,3.09,samsum,templated,sglang_radix_attention,15.332112677545714,0.12522030971454423,0.11065711151280677,15.958830891794083,0.05550905687726544,15.852651214551578,16.054801722560743,65.22484900933028,0.4708421460651828,140.15755208333334,0.041768268052987015,0.5005626860119048,1518.2976666666666,32.13471659021335,11.154652352532747,0.9597197239647082,0.9884520736962191,0.9740858988304637,0.028732349731510953,measured,measured,3,,batch1_15b_3b_7b
Qwen/Qwen2.5-3B-Instruct,qwen25_3b,3.09,samsum,templated,sglang_radix_attention_shadowkv_plus,15.468500736308973,0.06308330760910055,0.05574668055533598,15.980621601430908,0.11298703844654832,15.751379876556918,16.184495637272697,64.64806542127288,0.23268420679467194,140.15755208333334,0.041768268052987015,0.5005626860119048,1547.8550000000002,18.211766828070292,10.364321316580261,0.9597197239647082,0.9884520736962191,0.9740858988304637,0.028732349731510953,measured,measured,3,,batch1_15b_3b_7b
Qwen/Qwen2.5-3B-Instruct,qwen25_3b,3.09,xsum,rag,lmcache_no_native_radix,21.063382001860493,0.08110503354112497,0.07167246879735019,21.907513969228333,0.05389910488848488,21.796502334083417,22.010915661969488,47.476122801246085,0.16137033334558853,8.333333333333334,0.5773502691896255,0.01893939393939394,2464.938666666667,22.348655269016362,0.0,0.953703251139971,0.9862343628879794,0.9699688070139751,0.03253111174800838,measured,measured,3,,batch1_15b_3b_7b
Qwen/Qwen2.5-3B-Instruct,qwen25_3b,3.09,xsum,rag,sglang_radix_attention,17.658872112557827,0.08920711229028955,0.07883227085881812,18.382662360905055,0.028263020745441913,18.324059815306555,18.43070135201493,56.629508704585504,0.2521558370412069,140.24609375,0.1446367857935439,0.3187411221590909,2004.3463333333332,21.143069557974254,16.163168331666547,0.953703251139971,0.9862343628879794,0.9699688070139751,0.03253111174800838,measured,measured,3,,batch1_15b_3b_7b
Qwen/Qwen2.5-3B-Instruct,qwen25_3b,3.09,xsum,rag,sglang_radix_attention_shadowkv_plus,17.901502590272383,0.051108887083701045,0.04516489242207702,18.350800805859873,0.03735354384022088,18.287427352161934,18.42544076716469,55.86146998728211,0.14113862610233066,140.24609375,0.1446367857935439,0.3187411221590909,2045.387,20.167301083684656,15.011261777946327,0.953703251139971,0.9862343628879794,0.9699688070139751,0.03253111174800838,measured,measured,3,,batch1_15b_3b_7b
Qwen/Qwen2.5-3B-Instruct,qwen25_3b,3.09,xsum,templated,lmcache_no_native_radix,20.63415518856952,0.13532577063556975,0.11958730118072411,21.6418308060849,0.0811398909179862,21.48547856240566,21.77644258952758,48.46442456639597,0.2816895357915241,7.333333333333333,2.516611478423583,0.016666666666666666,2405.7226666666666,35.837886409961925,0.0,0.9543685413715621,0.985180389899429,0.9697744656354956,0.030811848527866892,measured,measured,3,,batch1_15b_3b_7b
Qwen/Qwen2.5-3B-Instruct,qwen25_3b,3.09,xsum,templated,sglang_radix_attention,17.564299662656897,0.3087113975959995,0.2728080742407488,18.241255337075426,0.07528116316994972,18.106359606138035,18.384447972234764,56.94281656710802,0.8835893289608874,125.38020833333333,0.08667416271168005,0.28495501893939396,2000.696,19.441261378830315,14.877544042186894,0.9543685413715621,0.985180389899429,0.9697744656354956,0.030811848527866892,measured,measured,3,,batch1_15b_3b_7b
Qwen/Qwen2.5-3B-Instruct,qwen25_3b,3.09,xsum,templated,sglang_radix_attention_shadowkv_plus,17.76611014080724,0.15630305291329077,0.1381249127673195,18.24102489392947,0.05678737552432304,18.140090445131893,18.348885582481696,56.28921075178034,0.43784668274027755,125.38020833333333,0.08667416271168005,0.28495501893939396,2046.9276666666667,47.5072939066555,13.899503137162892,0.9543685413715621,0.985180389899429,0.9697744656354956,0.030811848527866892,measured,measured,3,,batch1_15b_3b_7b
Qwen/Qwen2.5-7B-Instruct,qwen25_7b,7.61,ag_news,rag,lmcache_no_native_radix,24.396225539627874,0.05647741219767032,0.04990905479917104,27.67228613159463,0.04502230582197467,27.59235204507433,27.766938871449522,40.99006181736143,0.08394208636889332,0.0,0.0,0.0,3459.1693333333333,22.730216240355954,0.0,0.9571521872330937,0.9945621521612806,0.9758571696971872,0.037409964928186934,measured,measured,3,,batch1_15b_3b_7b
Qwen/Qwen2.5-7B-Instruct,qwen25_7b,7.61,ag_news,rag,sglang_radix_attention,22.663849662573437,0.04678681108500412,0.041345476491507084,26.098544946579135,0.018849463884751384,26.06048086082178,26.138003475868796,44.12322861033065,0.08053551487818726,129.71875,0.01790068630842125,0.7206597222222222,2671.2936666666665,26.311302824705205,7.100999596189428,0.9571521872330937,0.9945621521612806,0.9758571696971872,0.037409964928186934,measured,measured,3,,batch1_15b_3b_7b
Qwen/Qwen2.5-7B-Instruct,qwen25_7b,7.61,ag_news,rag,sglang_radix_attention_shadowkv_plus,22.008801633395098,0.04009335672872704,0.03543047494905038,25.720186205927767,0.02777270879739059,25.664611574971975,25.767710167223058,45.43644610377084,0.07320919741069837,129.71875,0.01790068630842125,0.7206597222222222,2677.591,23.798635507104134,9.786038017867876,0.9571521872330937,0.9945621521612806,0.9758571696971872,0.037409964928186934,measured,measured,3,,batch1_15b_3b_7b
Qwen/Qwen2.5-7B-Instruct,qwen25_7b,7.61,ag_news,templated,lmcache_no_native_radix,24.383500998283125,0.04752033192757793,0.041993688413827786,27.59166358138457,0.02314041365568013,27.551115760920418,27.633230565600474,41.01141906071114,0.0706395018294906,0.0,0.0,0.0,3476.561333333333,15.751306750023355,0.0,0.9704769289000672,0.9894981137437378,0.9799875213219025,0.019021184843670547,measured,measured,3,,batch1_15b_3b_7b
Qwen/Qwen2.5-7B-Instruct,qwen25_7b,7.61,ag_news,templated,sglang_radix_attention,22.52301651409046,0.025417742392944143,0.022461643488916626,25.97353320482029,0.03927853056463461,25.905963836459172,26.052326232430847,44.39905563214152,0.044289690919445256,118.7109375,0.010334966058846057,0.6595052083333334,2686.632666666667,18.22944007185454,7.630095794380239,0.9704769289000672,0.9894981137437378,0.9799875213219025,0.019021184843670547,measured,measured,3,,batch1_15b_3b_7b
Qwen/Qwen2.5-7B-Instruct,qwen25_7b,7.61,ag_news,templated,sglang_radix_attention_shadowkv_plus,21.97685073269895,0.017021781770867474,0.015042138195149081,25.669348728242785,0.027455553895509233,25.613906874887522,25.716148916094856,45.50243911147279,0.031145165022710652,118.7109375,0.010334966058846057,0.6595052083333334,2684.905,6.2200565913823755,9.86999473846529,0.9704769289000672,0.9894981137437378,0.9799875213219025,0.019021184843670547,measured,measured,3,,batch1_15b_3b_7b
Qwen/Qwen2.5-7B-Instruct,qwen25_7b,7.61,daily_dialog,rag,lmcache_no_native_radix,26.140804319766175,0.1312378662670422,0.11597482257726875,29.570825047172494,0.04754820214464584,29.482897225643207,29.66277154346068,38.25487193630577,0.169712797470518,2.6666666666666665,1.1547005383792515,0.012698412698412698,3670.6666666666665,29.197769954798545,0.0,0.9581147462326928,1.0026587681886223,0.9803867572106575,0.04454402195592955,measured,measured,3,,batch1_15b_3b_7b
Qwen/Qwen2.5-7B-Instruct,qwen25_7b,7.61,daily_dialog,rag,sglang_radix_attention,22.904608780057362,0.05182612723454479,0.045798717107020756,26.335632432249,0.025294067135153166,26.274620683717316,26.38146043864908,43.65945193211642,0.08731877405324774,156.19661458333334,0.34054644784232035,0.7437934027777778,2772.2766666666666,7.54437474767349,12.37986215007848,0.9581147462326928,1.0026587681886223,0.9803867572106575,0.04454402195592955,measured,measured,3,,batch1_15b_3b_7b
Qwen/Qwen2.5-7B-Instruct,qwen25_7b,7.61,daily_dialog,rag,sglang_radix_attention_shadowkv_plus,22.25866176498433,0.03425208081666016,0.03026854297929116,25.970951471738047,0.027607836610445923,25.921778460109646,26.030639700020572,44.92638607766423,0.06105477047526911,156.19661458333334,0.34054644784232035,0.7437934027777778,2765.444333333333,8.092978767631513,14.850891760229404,0.9581147462326928,1.0026587681886223,0.9803867572106575,0.04454402195592955,measured,measured,3,,batch1_15b_3b_7b
Qwen/Qwen2.5-7B-Instruct,qwen25_7b,7.61,daily_dialog,templated,lmcache_no_native_radix,25.542211571519147,0.12656978818347187,0.11184964481479805,28.960970840564606,0.05043344434327902,28.872289409899754,29.066664561010487,39.15137837514704,0.17152241558603085,0.3333333333333333,0.5773502691896258,0.0015873015873015873,3611.303,6.731796417004775,0.0,0.9724396393971434,0.9932101222207165,0.9828248808089299,0.020770482823573078,measured,measured,3,,batch1_15b_3b_7b
Qwen/Qwen2.5-7B-Instruct,qwen25_7b,7.61,daily_dialog,templated,sglang_radix_attention,22.799050863492692,0.0608801070743506,0.05379971358316769,26.27984295589455,0.016209132982888515,26.246588883430164,26.312236276399457,43.861637659704996,0.10338235329504324,141.58854166666666,0.2830975916875141,0.6742311507936507,2764.228333333333,32.72375489355302,10.739714923844797,0.9724396393971434,0.9932101222207165,0.9828248808089299,0.020770482823573078,measured,measured,3,,batch1_15b_3b_7b
Qwen/Qwen2.5-7B-Instruct,qwen25_7b,7.61,daily_dialog,templated,sglang_radix_attention_shadowkv_plus,22.25157088711664,0.027555216662670867,0.02435052820067064,25.9114367627511,0.020864953908738406,25.87136864848762,25.95076373814553,44.940683232977456,0.04919857264572595,141.58854166666666,0.2830975916875141,0.6742311507936507,2756.844333333333,21.64362782283323,12.883147080622173,0.9724396393971434,0.9932101222207165,0.9828248808089299,0.020770482823573078,measured,measured,3,,batch1_15b_3b_7b
Qwen/Qwen2.5-7B-Instruct,qwen25_7b,7.61,dolly,rag,lmcache_no_native_radix,26.175368603010913,0.24106957702405996,0.21303303855347486,29.51902362482675,0.09495507664638755,29.33382605183644,29.7025689296919,38.20553484671686,0.3095104601914406,1.3333333333333333,1.1547005383792517,0.006666666666666666,3697.0676666666664,49.612809407786315,0.0,0.9641600319924204,0.9892642816996244,0.9767121568460224,0.02510424970720404,measured,measured,3,,batch1_15b_3b_7b
Qwen/Qwen2.5-7B-Instruct,qwen25_7b,7.61,dolly,rag,sglang_radix_attention,22.973336276815342,0.11125770854851602,0.09831836935699997,26.379831914154487,0.03839578898317179,26.310160361555898,26.46181180170358,43.52925367760266,0.18586485321668111,142.45182291666666,0.17334832542335768,0.7122591145833332,2754.313,32.43500114074289,12.232998032460356,0.9641600319924204,0.9892642816996244,0.9767121568460224,0.02510424970720404,measured,measured,3,,batch1_15b_3b_7b
Qwen/Qwen2.5-7B-Instruct,qwen25_7b,7.61,dolly,rag,sglang_radix_attention_shadowkv_plus,22.37775203032773,0.10219279443473966,0.09030771026959751,26.056995470734932,0.06343157252590523,25.94486107809607,26.16935575684659,44.68772527012936,0.179966364033921,142.45182291666666,0.17334832542335768,0.7122591145833332,2750.779,35.3461706978282,14.508359482075633,0.9641600319924204,0.9892642816996244,0.9767121568460224,0.02510424970720404,measured,measured,3,,batch1_15b_3b_7b
Qwen/Qwen2.5-7B-Instruct,qwen25_7b,7.61,dolly,templated,lmcache_no_native_radix,26.00659482171371,0.026322299323614753,0.023260999898232982,29.212373123512208,0.027033645420274074,29.15885034232186,29.255876921107316,38.45180580012216,0.03440997816520191,2.6666666666666665,0.5773502691896258,0.013333333333333332,3645.646666666667,19.14792506600476,0.0,0.9685481123267692,0.9977913863049109,0.98316974931584,0.02924327397814175,measured,measured,3,,batch1_15b_3b_7b
Qwen/Qwen2.5-7B-Instruct,qwen25_7b,7.61,dolly,templated,sglang_radix_attention,22.886706162050057,0.06800724197451216,0.06009795835841115,26.237441474366943,0.037784713920951354,26.166517088984865,26.310259648314585,43.693687750351955,0.11462990130307192,124.50651041666667,0.09377712281266266,0.6225325520833334,2749.4733333333334,6.023019204131363,11.996528884507248,0.9685481123267692,0.9977913863049109,0.98316974931584,0.02924327397814175,measured,measured,3,,batch1_15b_3b_7b
Qwen/Qwen2.5-7B-Instruct,qwen25_7b,7.61,dolly,templated,sglang_radix_attention_shadowkv_plus,22.313897628767638,0.034680813700921895,0.030647413968279365,25.935189997133225,0.024613416148984345,25.889060974043417,25.9806427961007,44.81517640777829,0.061599570126992645,124.50651041666667,0.09377712281266266,0.6225325520833334,2779.0623333333333,9.182019621702814,14.199079957453423,0.9685481123267692,0.9977913863049109,0.98316974931584,0.02924327397814175,measured,measured,3,,batch1_15b_3b_7b
Qwen/Qwen2.5-7B-Instruct,qwen25_7b,7.61,samsum,rag,lmcache_no_native_radix,28.842188582075323,0.4637825552969627,0.40984436195839885,32.222882010587625,0.1307893584138342,31.961800744472907,32.472974509159926,34.676098234388384,0.4925128577950745,4.333333333333333,2.3094010767585034,0.015476190476190475,4049.354,50.981147721485875,0.0,0.9595786203737948,0.9992189143398147,0.9793987673568048,0.03964029396601987,measured,measured,3,,batch1_15b_3b_7b
Qwen/Qwen2.5-7B-Instruct,qwen25_7b,7.61,samsum,rag,sglang_radix_attention,24.110589961765072,0.15378177167592288,0.13589685807176272,27.68843703713928,0.053655314591813885,27.592073216976026,27.792002111776586,41.47642805028577,0.233447890022299,155.14453125,0.06765823467065928,0.5540876116071428,3150.7780000000002,40.988679363941486,16.405130307104425,0.9595786203737948,0.9992189143398147,0.9793987673568048,0.03964029396601987,measured,measured,3,,batch1_15b_3b_7b
Qwen/Qwen2.5-7B-Instruct,qwen25_7b,7.61,samsum,rag,sglang_radix_attention_shadowkv_plus,23.40471922191985,0.16975757924483528,0.15001466950099726,27.264456709689153,0.05889590608602493,27.152072721572363,27.37397614820787,42.7275945177772,0.2735020466005436,155.14453125,0.06765823467065928,0.5540876116071428,3137.1020000000003,58.009317536064955,18.852485291406488,0.9595786203737948,0.9992189143398147,0.9793987673568048,0.03964029396601987,measured,measured,3,,batch1_15b_3b_7b
Qwen/Qwen2.5-7B-Instruct,qwen25_7b,7.61,samsum,templated,lmcache_no_native_radix,28.326993908346292,0.34996352765214117,0.30926255647425727,31.79550072827743,0.09889113722827785,31.58705238838292,31.97466595210674,35.304817126253994,0.38482418921024225,3.6666666666666665,1.5275252316519465,0.013095238095238096,3971.5856666666664,61.010899848579164,0.0,0.9597197239647082,0.9884520736962191,0.9740858988304637,0.028732349731510953,measured,measured,3,,batch1_15b_3b_7b
Qwen/Qwen2.5-7B-Instruct,qwen25_7b,7.61,samsum,templated,sglang_radix_attention,24.065610175057373,0.20279343255750532,0.17920843297494476,27.663077229875576,0.0651056379134651,27.53925173544731,27.783795112062343,41.554601706927734,0.30840448689789884,140.15755208333334,0.041768268052987015,0.5005626860119048,3136.333,28.240504474955845,15.04354379104569,0.9597197239647082,0.9884520736962191,0.9740858988304637,0.028732349731510953,measured,measured,3,,batch1_15b_3b_7b
Qwen/Qwen2.5-7B-Instruct,qwen25_7b,7.61,samsum,templated,sglang_radix_attention_shadowkv_plus,23.354483406516618,0.14702331263896604,0.12992441193253706,27.257556608643004,0.05485700327746995,27.142044284735448,27.349785369510265,42.819212792798474,0.2377696391989574,140.15755208333334,0.041768268052987015,0.5005626860119048,3152.983,60.931612911525484,17.55396466677168,0.9597197239647082,0.9884520736962191,0.9740858988304637,0.028732349731510953,measured,measured,3,,batch1_15b_3b_7b
Qwen/Qwen2.5-7B-Instruct,qwen25_7b,7.61,xsum,rag,lmcache_no_native_radix,35.47946103905512,0.43245285749287415,0.38215832706938835,39.04837501669731,0.09739343065043563,38.89032529167101,39.23509971676455,28.187510901103764,0.3049608515838563,8.333333333333334,0.5773502691896255,0.01893939393939394,5000.362666666667,39.99956467679817,0.0,0.953703251139971,0.9862343628879794,0.9699688070139751,0.03253111174800838,measured,measured,3,,batch1_15b_3b_7b
Qwen/Qwen2.5-7B-Instruct,qwen25_7b,7.61,xsum,rag,sglang_radix_attention,28.49237224715277,0.08029801551686845,0.07095930746029093,32.41167995702478,0.03260388655584132,32.343375131077835,32.47072390958509,35.097257981793994,0.08749959273067677,140.24609375,0.1446367857935439,0.3187411221590909,4100.781666666667,37.65541212539466,19.693334079148197,0.953703251139971,0.9862343628879794,0.9699688070139751,0.03253111174800838,measured,measured,3,,batch1_15b_3b_7b
Qwen/Qwen2.5-7B-Instruct,qwen25_7b,7.61,xsum,rag,sglang_radix_attention_shadowkv_plus,27.400058673113865,0.12053115635241501,0.10651330953949542,31.800443439756382,0.047258089873470806,31.709183243361398,31.8904245392928,36.49664006772381,0.14194354784504107,140.24609375,0.1446367857935439,0.3187411221590909,4092.1983333333337,41.38218607484782,22.772054956098682,0.953703251139971,0.9862343628879794,0.9699688070139751,0.03253111174800838,measured,measured,3,,batch1_15b_3b_7b
Qwen/Qwen2.5-7B-Instruct,qwen25_7b,7.61,xsum,templated,lmcache_no_native_radix,34.952602914017916,0.5839573818408021,0.5160427830628411,38.447146062346086,0.13137657464300828,38.19836338333686,38.73393878493244,28.614300132539608,0.4193590482053646,7.333333333333333,2.516611478423583,0.016666666666666666,4922.681333333333,53.8006185311405,0.0,0.9543685413715621,0.985180389899429,0.9697744656354956,0.030811848527866892,measured,measured,3,,batch1_15b_3b_7b
Qwen/Qwen2.5-7B-Instruct,qwen25_7b,7.61,xsum,templated,sglang_radix_attention,28.356090426617204,0.3009343442569266,0.2659354969364389,32.26463806175477,0.10270672469945256,32.05818572600144,32.47966653643735,35.26785121122655,0.3292811619292157,125.38020833333333,0.08667416271168005,0.28495501893939396,4093.5409999999997,23.732597603296497,18.872736040940595,0.9543685413715621,0.985180389899429,0.9697744656354956,0.030811848527866892,measured,measured,3,,batch1_15b_3b_7b
Qwen/Qwen2.5-7B-Instruct,qwen25_7b,7.61,xsum,templated,sglang_radix_attention_shadowkv_plus,27.33618348429445,0.2319031670400441,0.2049326876272901,31.68918782006831,0.08238574558384773,31.517129531476183,31.852646232692,36.58291621924275,0.2730909238092979,125.38020833333333,0.08667416271168005,0.28495501893939396,4089.1216666666664,46.02113101971007,21.790707400131453,0.9543685413715621,0.985180389899429,0.9697744656354956,0.030811848527866892,measured,measured,3,,batch1_15b_3b_7b
Qwen/Qwen2.5-32B-Instruct,qwen25_32b,32.5,ag_news,rag,lmcache_no_native_radix,92.22145823514438,,,,,,,10.843463323364729,,129.69140625,,0.7205078125,12404.53,,0.0,0.9571521872330937,0.9945621521612806,0.9758571696971872,0.037409964928186934,measured_32b_sglang,measured,1,,batch3_32b_sglang
Qwen/Qwen2.5-32B-Instruct,qwen25_32b,32.5,ag_news,rag,sglang_radix_attention,91.7022351604828,,,,,,,10.904859606202155,,129.69140625,,0.7205078125,12394.497,,0.5630176366737529,0.9571521872330937,0.9945621521612806,0.9758571696971872,0.037409964928186934,measured_32b_sglang,measured,1,,batch3_32b_sglang
Qwen/Qwen2.5-32B-Instruct,qwen25_32b,32.5,ag_news,templated,lmcache_no_native_radix,92.02076234032576,,,,,,,10.86711275333323,,118.734375,,0.6596354166666667,12400.605,,0.0,0.9704769289000672,0.9894981137437378,0.9799875213219025,0.019021184843670547,measured_32b_sglang,measured,1,,batch3_32b_sglang
Qwen/Qwen2.5-32B-Instruct,qwen25_32b,32.5,ag_news,templated,sglang_radix_attention,91.39173813127854,,,,,,,10.941908102935544,,118.734375,,0.6596354166666667,12383.68,,0.683567700429235,0.9704769289000672,0.9894981137437378,0.9799875213219025,0.019021184843670547,measured_32b_sglang,measured,1,,batch3_32b_sglang
Qwen/Qwen2.5-32B-Instruct,qwen25_32b,32.5,daily_dialog,rag,lmcache_no_native_radix,93.44347656951868,,,,,,,10.701656624002371,,156.640625,,0.7459077380952381,12779.477,,0.0,0.9581147462326928,1.0026587681886223,0.9803867572106575,0.04454402195592955,measured_32b_sglang,measured,1,,batch3_32b_sglang
Qwen/Qwen2.5-32B-Instruct,qwen25_32b,32.5,daily_dialog,rag,sglang_radix_attention,92.82709580475056,,,,,,,10.772716644107522,,156.24609375,,0.7440290178571428,12727.822,,0.659629529418844,0.9581147462326928,1.0026587681886223,0.9803867572106575,0.04454402195592955,measured_32b_sglang,measured,1,,batch3_32b_sglang
Qwen/Qwen2.5-32B-Instruct,qwen25_32b,32.5,daily_dialog,templated,lmcache_no_native_radix,93.46231813651684,,,,,,,10.699499219988724,,141.7578125,,0.6750372023809523,12727.295,,0.0,0.9724396393971434,0.9932101222207165,0.9828248808089299,0.020770482823573078,measured_32b_sglang,measured,1,,batch3_32b_sglang
Qwen/Qwen2.5-32B-Instruct,qwen25_32b,32.5,daily_dialog,templated,sglang_radix_attention,92.75183402314724,,,,,,,10.781457968264425,,141.3046875,,0.6728794642857143,12631.399,,0.7601824216812445,0.9724396393971434,0.9932101222207165,0.9828248808089299,0.020770482823573078,measured_32b_sglang,measured,1,,batch3_32b_sglang
Qwen/Qwen2.5-32B-Instruct,qwen25_32b,32.5,dolly,rag,lmcache_no_native_radix,94.17024220601888,,,,,,,10.619065817121632,,143.8203125,,0.7191015625,12796.53,,0.0,0.9641600319924204,0.9892642816996244,0.9767121568460224,0.02510424970720404,measured_32b_sglang,measured,1,,batch3_32b_sglang
Qwen/Qwen2.5-32B-Instruct,qwen25_32b,32.5,dolly,rag,sglang_radix_attention,93.54641689969868,,,,,,,10.689880309068483,,142.47265625,,0.71236328125,12764.496,,0.6624441986200262,0.9641600319924204,0.9892642816996244,0.9767121568460224,0.02510424970720404,measured_32b_sglang,measured,1,,batch3_32b_sglang
Qwen/Qwen2.5-32B-Instruct,qwen25_32b,32.5,dolly,templated,lmcache_no_native_radix,93.8588524259103,,,,,,,10.654296042979787,,126.1015625,,0.6305078125,12848.664,,0.0,0.9685481123267692,0.9977913863049109,0.98316974931584,0.02924327397814175,measured_32b_sglang,measured,1,,batch3_32b_sglang
Qwen/Qwen2.5-32B-Instruct,qwen25_32b,32.5,dolly,templated,sglang_radix_attention,93.25006744802522,,,,,,,10.723852833215052,,124.54296875,,0.62271484375,12803.92,,0.6486175380906541,0.9685481123267692,0.9977913863049109,0.98316974931584,0.02924327397814175,measured_32b_sglang,measured,1,,batch3_32b_sglang
Qwen/Qwen2.5-32B-Instruct,qwen25_32b,32.5,samsum,rag,lmcache_no_native_radix,98.9082266241894,,,,,,,10.110382463933853,,159.5703125,,0.5698939732142857,14173.461,,0.0,0.9595786203737948,0.9992189143398147,0.9793987673568048,0.03964029396601987,measured_32b_sglang,measured,1,,batch3_32b_sglang
Qwen/Qwen2.5-32B-Instruct,qwen25_32b,32.5,samsum,rag,sglang_radix_attention,98.5662694201892,,,,,,,10.145458541572552,,155.01953125,,0.5536411830357143,14235.033,,0.34573181187394253,0.9595786203737948,0.9992189143398147,0.9793987673568048,0.03964029396601987,measured_32b_sglang,measured,1,,batch3_32b_sglang
Qwen/Qwen2.5-32B-Instruct,qwen25_32b,32.5,samsum,templated,lmcache_no_native_radix,98.80022138531784,,,,,,,10.121434810353618,,144.703125,,0.516796875,14126.562,,0.0,0.9597197239647082,0.9884520736962191,0.9740858988304637,0.028732349731510953,measured_32b_sglang,measured,1,,batch3_32b_sglang
Qwen/Qwen2.5-32B-Instruct,qwen25_32b,32.5,samsum,templated,sglang_radix_attention,98.48326990504574,,,,,,,10.154008908966633,,140.078125,,0.5002790178571429,14224.586,,0.32080037456190946,0.9597197239647082,0.9884520736962191,0.9740858988304637,0.028732349731510953,measured_32b_sglang,measured,1,,batch3_32b_sglang
Qwen/Qwen2.5-32B-Instruct,qwen25_32b,32.5,xsum,rag,lmcache_no_native_radix,119.16677340377646,,,,,,,8.391600875284833,,150.6484375,,0.3423828125,18066.29,,0.0,0.953703251139971,0.9862343628879794,0.9699688070139751,0.03253111174800838,measured_32b_sglang,measured,1,,batch3_32b_sglang
Qwen/Qwen2.5-32B-Instruct,qwen25_32b,32.5,xsum,rag,sglang_radix_attention,119.353290700019,,,,,,,8.37848704576891,,140.31640625,,0.31890092329545455,18297.768,,-0.1565178706404675,0.953703251139971,0.9862343628879794,0.9699688070139751,0.03253111174800838,measured_32b_sglang,measured,1,,batch3_32b_sglang
Qwen/Qwen2.5-32B-Instruct,qwen25_32b,32.5,xsum,templated,lmcache_no_native_radix,118.4267382050166,,,,,,,8.444039033388151,,134.52734375,,0.3057439630681818,18116.6,,0.0,0.9543685413715621,0.985180389899429,0.9697744656354956,0.030811848527866892,measured_32b_sglang,measured,1,,batch3_32b_sglang
Qwen/Qwen2.5-32B-Instruct,qwen25_32b,32.5,xsum,templated,sglang_radix_attention,119.06833481771172,,,,,,,8.398538549572857,,125.375,,0.28494318181818185,18232.432,,-0.5417666841287133,0.9543685413715621,0.985180389899429,0.9697744656354956,0.030811848527866892,measured_32b_sglang,measured,1,,batch3_32b_sglang
Qwen/Qwen2.5-32B-Instruct,qwen25_32b,32.5,ag_news,rag,sglang_radix_attention_shadowkv_plus,89.48828365861463,,,89.48230016475951,0.2899055081471918,88.87234295051128,90.04777004655082,11.174647217672215,,129.69140625,,0.7205078125,12095.258762240277,,2.963707827695324,0.9571521872330937,0.9945621521612806,0.9758571696971872,0.037409964928186934,estimated_32b_ratio,ratio_scaling,1,,estimated
Qwen/Qwen2.5-32B-Instruct,qwen25_32b,32.5,daily_dialog,rag,sglang_radix_attention_shadowkv_plus,91.00645543730242,,,91.02734419586906,0.15178471951238978,90.72323981116172,91.3086080233546,10.988231496269353,,156.24609375,,0.7440290178571428,12478.188136934465,,2.6080163342415887,0.9581147462326928,1.0026587681886223,0.9803867572106575,0.04454402195592955,estimated_32b_ratio,ratio_scaling,1,,estimated
Qwen/Qwen2.5-32B-Instruct,qwen25_32b,32.5,dolly,rag,sglang_radix_attention_shadowkv_plus,91.3679226153219,,,91.37367885199389,0.3236948036467547,90.8022365368953,91.95484849598576,10.944760167200142,,142.47265625,,0.71236328125,12467.238419212425,,2.9758016174220603,0.9641600319924204,0.9892642816996244,0.9767121568460224,0.02510424970720404,estimated_32b_ratio,ratio_scaling,1,,estimated
Qwen/Qwen2.5-32B-Instruct,qwen25_32b,32.5,samsum,rag,sglang_radix_attention_shadowkv_plus,96.53568277309202,,,96.5334856883397,0.3175701763717079,95.967557499259,97.20542981271076,10.358863906836488,,155.01953125,,0.5536411830357143,13941.773773483437,,2.3987325747049004,0.9595786203737948,0.9992189143398147,0.9793987673568048,0.03964029396601987,estimated_32b_ratio,ratio_scaling,1,,estimated
Qwen/Qwen2.5-32B-Instruct,qwen25_32b,32.5,xsum,rag,sglang_radix_attention_shadowkv_plus,115.76896899348961,,,115.79740092958498,0.229467844367292,115.37976373557302,116.19281698653722,8.637893286034501,,140.31640625,,0.31890092329545455,17748.26419797849,,2.851301846340982,0.953703251139971,0.9862343628879794,0.9699688070139751,0.03253111174800838,estimated_32b_ratio,ratio_scaling,1,,estimated
Qwen/Qwen2.5-32B-Instruct,qwen25_32b,32.5,ag_news,templated,sglang_radix_attention_shadowkv_plus,89.56276292057206,,,89.55733065393459,0.4269482902190411,88.6980673852727,90.34105857151681,11.16535452224538,,118.734375,,0.6596354166666667,12135.851868043617,,2.6711356842091156,0.9704769289000672,0.9894981137437378,0.9799875213219025,0.019021184843670547,estimated_32b_ratio,ratio_scaling,1,,estimated
Qwen/Qwen2.5-32B-Instruct,qwen25_32b,32.5,daily_dialog,templated,sglang_radix_attention_shadowkv_plus,91.15881021860933,,,91.13636082127447,0.1417851825443406,90.8822194359684,91.41792120595244,10.96986673698225,,141.3046875,,0.6728794642857143,12414.453216625036,,2.464638117088925,0.9724396393971434,0.9932101222207165,0.9828248808089299,0.020770482823573078,estimated_32b_ratio,ratio_scaling,1,,estimated
Qwen/Qwen2.5-32B-Instruct,qwen25_32b,32.5,dolly,templated,sglang_radix_attention_shadowkv_plus,91.68064543656013,,,91.67217852783378,0.23761818751687008,91.2271433507635,92.1293536886451,10.907427573598026,,124.54296875,,0.62271484375,12588.42681666007,,2.3207262107424462,0.9685481123267692,0.9977913863049109,0.98316974931584,0.02924327397814175,estimated_32b_ratio,ratio_scaling,1,,estimated
Qwen/Qwen2.5-32B-Instruct,qwen25_32b,32.5,samsum,templated,sglang_radix_attention_shadowkv_plus,95.93116448521964,,,95.95236162982232,0.49859433566689054,94.8944198430632,96.87706532870844,10.42414115752835,,140.078125,,0.5002790178571429,13855.968639301229,,2.9038972381539176,0.9597197239647082,0.9884520736962191,0.9740858988304637,0.028732349731510953,estimated_32b_ratio,ratio_scaling,1,,estimated
Qwen/Qwen2.5-32B-Instruct,qwen25_32b,32.5,xsum,templated,sglang_radix_attention_shadowkv_plus,115.46943077195466,,,115.45677465318106,0.49165595199667217,114.60479882789377,116.43650938927739,8.660300768044324,,125.375,,0.28494318181818185,17681.347000035512,,2.497161939850395,0.9543685413715621,0.985180389899429,0.9697744656354956,0.030811848527866892,estimated_32b_ratio,ratio_scaling,1,,estimated
Qwen/Qwen2.5-1.5B-Instruct,qwen25_15b,1.54,banking77,rag,sglang_radix_attention,10.193461412167807,0.16499373113996235,0.14580485982896635,,,,,98.11554834223496,1.4100265104983145,112.7492307215726,0.01555895821276942,0.7516615381438173,696.0970969677101,8.166164971643159,1.4788726860214005,,,,,estimated,token_analogy,3,ag_news,batch1_15b_3b_7b
Qwen/Qwen2.5-3B-Instruct,qwen25_3b,3.09,banking77,rag,sglang_radix_attention,13.856254203983806,0.05460534516684102,0.048254710302961364,,,,,72.1701603903294,0.25142601992219826,112.7492307215726,0.01555895821276942,0.7516615381438173,1249.803911297922,14.51752090344104,0.5761971804434861,,,,,estimated,token_analogy,3,ag_news,batch1_15b_3b_7b
Qwen/Qwen2.5-7B-Instruct,qwen25_7b,7.61,banking77,rag,sglang_radix_attention,21.572565348996825,0.04453398494207162,0.03935465539957927,,,,,46.355275956941085,0.08460953865100057,112.7492307215726,0.01555895821276942,0.7516615381438173,2542.6685249192833,25.044390430303782,7.1009995961894194,,,,,estimated,token_analogy,3,ag_news,batch1_15b_3b_7b
Qwen/Qwen2.5-14B-Instruct,qwen25_14b,14.7,banking77,rag,sglang_radix_attention,41.32175698518328,0.005017196561824006,0.004433693549305645,,,,,24.200326429325326,0.002596488422993954,112.7492307215726,0.01555895821276942,0.7516615381438173,5167.938516441014,9.817528629885091,7.413822547257748,,,,,estimated,token_analogy,3,ag_news,batch2_14b
Qwen/Qwen2.5-32B-Instruct,qwen25_32b,32.5,banking77,rag,sglang_radix_attention,87.28669180661882,,,,,,,11.456500175484614,,112.72546402032438,,0.7515030934688292,11797.691057843193,,0.5630176366737492,,,,,estimated_32b_token_analogy,token_analogy,1,ag_news,estimated
Qwen/Qwen2.5-32B-Instruct,qwen25_32b,32.5,banking77,rag,sglang_radix_attention,87.28669180661882,,,,,,,11.456500175484614,,112.72546402032438,,0.7515030934688292,11797.691057843193,,0.5630176366737492,,,,,estimated_32b_token_analogy,token_analogy,1,ag_news,estimated
Qwen/Qwen2.5-32B-Instruct,qwen25_32b,32.5,banking77,rag,sglang_radix_attention,87.28669180661882,,,,,,,11.456500175484614,,112.72546402032438,,0.7515030934688292,11797.691057843193,,0.5630176366737492,,,,,estimated_32b_token_analogy,token_analogy,1,ag_news,estimated
Qwen/Qwen2.5-32B-Instruct,qwen25_32b,32.5,banking77,rag,lmcache_no_native_radix,87.78091383313274,,,,,,,11.39199805895108,,112.72546402032438,,0.7515030934688292,11807.240960060552,,0.0,,,,,estimated_32b_token_analogy,token_analogy,1,ag_news,estimated
Qwen/Qwen2.5-32B-Instruct,qwen25_32b,32.5,banking77,rag,lmcache_no_native_radix,87.78091383313274,,,,,,,11.39199805895108,,112.72546402032438,,0.7515030934688292,11807.240960060552,,0.0,,,,,estimated_32b_token_analogy,token_analogy,1,ag_news,estimated
Qwen/Qwen2.5-32B-Instruct,qwen25_32b,32.5,banking77,rag,lmcache_no_native_radix,87.78091383313274,,,,,,,11.39199805895108,,112.72546402032438,,0.7515030934688292,11807.240960060552,,0.0,,,,,estimated_32b_token_analogy,token_analogy,1,ag_news,estimated
Qwen/Qwen2.5-1.5B-Instruct,qwen25_15b,1.54,alpaca_eval,rag,sglang_radix_attention,11.641730192226754,0.21156000754957172,0.18695544996199664,,,,,85.91276705796278,1.3900913028251591,169.11819297457956,0.20579838818852803,0.6764727718983182,789.7730898550848,16.847271940109213,7.145015514945147,,,,,estimated,token_analogy,3,dolly,batch1_15b_3b_7b
Qwen/Qwen2.5-3B-Instruct,qwen25_3b,3.09,alpaca_eval,rag,sglang_radix_attention,15.392668533399654,0.10978701274563579,0.09701871637074137,,,,,64.96770939455817,0.4084186554591699,169.11819297457956,0.20579838818852803,0.6764727718983182,1423.8536781620714,5.982362746302918,9.610474600424695,,,,,estimated,token_analogy,3,dolly,batch1_15b_3b_7b
Qwen/Qwen2.5-7B-Instruct,qwen25_7b,7.61,alpaca_eval,rag,sglang_radix_attention,24.40363833125427,0.11818452697800577,0.10443959458897993,,,,,40.977995536576586,0.17497127752131694,169.11819297457956,0.20579838818852803,0.6764727718983182,2925.794385855288,34.45437909300628,12.232998032460362,,,,,estimated,token_analogy,3,dolly,batch1_15b_3b_7b
Qwen/Qwen2.5-14B-Instruct,qwen25_14b,14.7,alpaca_eval,rag,sglang_radix_attention,46.71454452466075,0.15995151987450085,0.14134906080127477,,,,,21.406739661764732,0.06465968683079058,169.11819297457956,0.20579838818852803,0.6764727718983182,5837.856238568721,75.08231755880061,10.450341691962615,,,,,estimated,token_analogy,3,dolly,batch2_14b
Qwen/Qwen2.5-32B-Instruct,qwen25_32b,32.5,alpaca_eval,rag,sglang_radix_attention,99.37054408196042,,,,,,,10.06334431635198,,169.14292621852712,,0.6765717048741084,13559.203596349535,,0.6624441986200272,,,,,estimated_32b_token_analogy,token_analogy,1,dolly,estimated
Qwen/Qwen2.5-32B-Instruct,qwen25_32b,32.5,alpaca_eval,rag,sglang_radix_attention,99.37054408196042,,,,,,,10.06334431635198,,169.14292621852712,,0.6765717048741084,13559.203596349535,,0.6624441986200272,,,,,estimated_32b_token_analogy,token_analogy,1,dolly,estimated
Qwen/Qwen2.5-32B-Instruct,qwen25_32b,32.5,alpaca_eval,rag,sglang_radix_attention,99.37054408196042,,,,,,,10.06334431635198,,169.14292621852712,,0.6765717048741084,13559.203596349535,,0.6624441986200272,,,,,estimated_32b_token_analogy,token_analogy,1,dolly,estimated
Qwen/Qwen2.5-32B-Instruct,qwen25_32b,32.5,alpaca_eval,rag,lmcache_no_native_radix,100.03320826681744,,,,,,,9.996680275741145,,170.74285793638393,,0.6829714317455358,13593.232008282563,,0.0,,,,,estimated_32b_token_analogy,token_analogy,1,dolly,estimated
Qwen/Qwen2.5-32B-Instruct,qwen25_32b,32.5,alpaca_eval,rag,lmcache_no_native_radix,100.03320826681744,,,,,,,9.996680275741145,,170.74285793638393,,0.6829714317455358,13593.232008282563,,0.0,,,,,estimated_32b_token_analogy,token_analogy,1,dolly,estimated
Qwen/Qwen2.5-32B-Instruct,qwen25_32b,32.5,alpaca_eval,rag,lmcache_no_native_radix,100.03320826681744,,,,,,,9.996680275741145,,170.74285793638393,,0.6829714317455358,13593.232008282563,,0.0,,,,,estimated_32b_token_analogy,token_analogy,1,dolly,estimated
Qwen/Qwen2.5-1.5B-Instruct,qwen25_15b,1.54,oasst1,rag,sglang_radix_attention,11.404072763499414,0.080623599634044,0.07124702594655904,,,,,87.6902446001747,0.5459191385927379,163.59790288027813,0.07134473394273498,0.5453263429342604,844.5733934141394,19.730317450331288,11.69906170874752,,,,,estimated,token_analogy,3,samsum,batch1_15b_3b_7b
Qwen/Qwen2.5-3B-Instruct,qwen25_3b,3.09,oasst1,rag,sglang_radix_attention,15.640316395237335,0.15894442915082305,0.14045909534145778,,,,,63.940779988992794,0.5769974077098545,163.59790288027813,0.07134473394273498,0.5453263429342604,1560.243964711608,17.178193908819285,11.572069304872379,,,,,estimated,token_analogy,3,samsum,batch1_15b_3b_7b
Qwen/Qwen2.5-7B-Instruct,qwen25_7b,7.61,oasst1,rag,sglang_radix_attention,24.565066543649074,0.15668050679846332,0.13845846853600988,,,,,40.70907554930404,0.22912888689984268,163.59790288027813,0.07134473394273498,0.5453263429342604,3210.1691147751317,41.761302303604296,16.405130307104432,,,,,estimated,token_analogy,3,samsum,batch1_15b_3b_7b
Qwen/Qwen2.5-14B-Instruct,qwen25_14b,14.7,oasst1,rag,sglang_radix_attention,47.04678797121437,0.3038942763239444,0.26855118710328946,,,,,21.255897281675782,0.12116486672046659,163.59790288027813,0.07134473394273498,0.5453263429342604,6315.220792516514,95.01687186616446,13.688552212782445,,,,,estimated,token_analogy,3,samsum,batch2_14b
Qwen/Qwen2.5-32B-Instruct,qwen25_32b,32.5,oasst1,rag,sglang_radix_attention,100.42421073502985,,,,,,,9.957758121082064,,163.46609199596742,,0.5448869733198914,14503.358625839326,,0.34573181187394486,,,,,estimated_32b_token_analogy,token_analogy,1,samsum,estimated
Qwen/Qwen2.5-32B-Instruct,qwen25_32b,32.5,oasst1,rag,sglang_radix_attention,100.42421073502985,,,,,,,9.957758121082064,,163.46609199596742,,0.5448869733198914,14503.358625839326,,0.34573181187394486,,,,,estimated_32b_token_analogy,token_analogy,1,samsum,estimated
Qwen/Qwen2.5-32B-Instruct,qwen25_32b,32.5,oasst1,rag,sglang_radix_attention,100.42421073502985,,,,,,,9.957758121082064,,163.46609199596742,,0.5448869733198914,14503.358625839326,,0.34573181187394486,,,,,estimated_32b_token_analogy,token_analogy,1,samsum,estimated
Qwen/Qwen2.5-32B-Instruct,qwen25_32b,32.5,oasst1,rag,lmcache_no_native_radix,100.7726137183109,,,,,,,9.923330983508022,,168.2648320029046,,0.5608827733430153,14440.626014168514,,0.0,,,,,estimated_32b_token_analogy,token_analogy,1,samsum,estimated
Qwen/Qwen2.5-32B-Instruct,qwen25_32b,32.5,oasst1,rag,lmcache_no_native_radix,100.7726137183109,,,,,,,9.923330983508022,,168.2648320029046,,0.5608827733430153,14440.626014168514,,0.0,,,,,estimated_32b_token_analogy,token_analogy,1,samsum,estimated
Qwen/Qwen2.5-32B-Instruct,qwen25_32b,32.5,oasst1,rag,lmcache_no_native_radix,100.7726137183109,,,,,,,9.923330983508022,,168.2648320029046,,0.5608827733430153,14440.626014168514,,0.0,,,,,estimated_32b_token_analogy,token_analogy,1,samsum,estimated
Qwen/Qwen2.5-1.5B-Instruct,qwen25_15b,1.54,ultrachat,rag,sglang_radix_attention,12.351943809620893,0.06816128360996854,0.060234084857947595,,,,,80.9602045954725,0.39590490933056094,231.35021820121827,0.5043995045996168,0.6610006234320522,855.3195357825591,16.936315825079248,8.571474804825137,,,,,estimated,token_analogy,3,daily_dialog,batch1_15b_3b_7b
Qwen/Qwen2.5-3B-Instruct,qwen25_3b,3.09,ultrachat,rag,sglang_radix_attention,16.80578470444176,0.16421837836673,0.14511968105497253,,,,,59.506270217143935,0.5123312605486882,231.35021820121827,0.5043995045996168,0.6610006234320522,1541.8764691438082,6.238772432589508,8.850013070587929,,,,,estimated,token_analogy,3,daily_dialog,batch1_15b_3b_7b
Qwen/Qwen2.5-7B-Instruct,qwen25_7b,7.61,ultrachat,rag,sglang_radix_attention,26.300887154959952,0.05951086688113018,0.05258971685744157,,,,,38.02163250863044,0.07604315196898949,231.35021820121827,0.5043995045996168,0.6610006234320522,3183.3477913760694,8.663049030815753,12.379862150078488,,,,,estimated,token_analogy,3,daily_dialog,batch1_15b_3b_7b
Qwen/Qwen2.5-14B-Instruct,qwen25_14b,14.7,ultrachat,rag,sglang_radix_attention,50.35510252397843,0.08638889092701117,0.07634181035464763,,,,,19.858991090032642,0.030108572489032464,231.35021820121827,0.5043995045996168,0.6610006234320522,6355.161500373959,16.591389607374786,11.167525102577864,,,,,estimated,token_analogy,3,daily_dialog,batch2_14b
Qwen/Qwen2.5-32B-Instruct,qwen25_32b,32.5,ultrachat,rag,sglang_radix_attention,106.59142861279146,,,,,,,9.381617387197634,,231.4235041430121,,0.6612100118371774,14615.093991122007,,0.6596295294188399,,,,,estimated_32b_token_analogy,token_analogy,1,daily_dialog,estimated
Qwen/Qwen2.5-32B-Instruct,qwen25_32b,32.5,ultrachat,rag,sglang_radix_attention,106.59142861279146,,,,,,,9.381617387197634,,231.4235041430121,,0.6612100118371774,14615.093991122007,,0.6596295294188399,,,,,estimated_32b_token_analogy,token_analogy,1,daily_dialog,estimated
Qwen/Qwen2.5-32B-Instruct,qwen25_32b,32.5,ultrachat,rag,sglang_radix_attention,106.59142861279146,,,,,,,9.381617387197634,,231.4235041430121,,0.6612100118371774,14615.093991122007,,0.6596295294188399,,,,,estimated_32b_token_analogy,token_analogy,1,daily_dialog,estimated
Qwen/Qwen2.5-32B-Instruct,qwen25_32b,32.5,ultrachat,rag,lmcache_no_native_radix,107.29920585947245,,,,,,,9.319733468574588,,232.00786309994712,,0.6628796088569917,14674.408356149377,,0.0,,,,,estimated_32b_token_analogy,token_analogy,1,daily_dialog,estimated
Qwen/Qwen2.5-32B-Instruct,qwen25_32b,32.5,ultrachat,rag,lmcache_no_native_radix,107.29920585947245,,,,,,,9.319733468574588,,232.00786309994712,,0.6628796088569917,14674.408356149377,,0.0,,,,,estimated_32b_token_analogy,token_analogy,1,daily_dialog,estimated
Qwen/Qwen2.5-32B-Instruct,qwen25_32b,32.5,ultrachat,rag,lmcache_no_native_radix,107.29920585947245,,,,,,,9.319733468574588,,232.00786309994712,,0.6628796088569917,14674.408356149377,,0.0,,,,,estimated_32b_token_analogy,token_analogy,1,daily_dialog,estimated
Qwen/Qwen2.5-1.5B-Instruct,qwen25_15b,1.54,cnn_dailymail,rag,sglang_radix_attention,12.33572884640574,0.07421089749116314,0.06558012496427565,,,,,81.0668593859157,0.4299133080291735,130.3348125627903,0.1344152115900625,0.32583703140697573,1079.4278485525479,17.057571545677053,14.583051513166298,,,,,estimated,token_analogy,3,xsum,batch1_15b_3b_7b
Qwen/Qwen2.5-3B-Instruct,qwen25_3b,3.09,cnn_dailymail,rag,sglang_radix_attention,17.209143490786285,0.08693522360981143,0.07682460421405857,,,,,58.10941448344941,0.25874545593333287,130.3348125627903,0.1344152115900625,0.32583703140697573,1953.3004959606383,20.60460688200495,16.16316833166654,,,,,estimated,token_analogy,3,xsum,batch1_15b_3b_7b
Qwen/Qwen2.5-7B-Instruct,qwen25_7b,7.61,cnn_dailymail,rag,sglang_radix_attention,27.766740665473133,0.07825301991243738,0.06915214608879622,,,,,36.0144588563502,0.08978623013743713,130.3348125627903,0.1344152115900625,0.32583703140697573,3996.3447085540074,36.69642015300531,19.693334079148197,,,,,estimated,token_analogy,3,xsum,batch1_15b_3b_7b
Qwen/Qwen2.5-14B-Instruct,qwen25_14b,14.7,cnn_dailymail,rag,sglang_radix_attention,53.017867907384506,0.16126724172875073,0.14251176340341226,,,,,18.86165670707499,0.05077276655074175,130.3348125627903,0.1344152115900625,0.32583703140697573,7812.424306966131,42.4011935026479,15.727395595492549,,,,,estimated,token_analogy,3,xsum,batch2_14b
Qwen/Qwen2.5-32B-Instruct,qwen25_32b,32.5,cnn_dailymail,rag,sglang_radix_attention,116.3136520080186,,,,,,,8.5974430579401,,130.40015603342312,,0.3260003900835578,17831.768250317036,,-0.15651787064046155,,,,,estimated_32b_token_analogy,token_analogy,1,xsum,estimated
Qwen/Qwen2.5-32B-Instruct,qwen25_32b,32.5,cnn_dailymail,rag,sglang_radix_attention,116.3136520080186,,,,,,,8.5974430579401,,130.40015603342312,,0.3260003900835578,17831.768250317036,,-0.15651787064046155,,,,,estimated_32b_token_analogy,token_analogy,1,xsum,estimated
Qwen/Qwen2.5-32B-Instruct,qwen25_32b,32.5,cnn_dailymail,rag,sglang_radix_attention,116.3136520080186,,,,,,,8.5974430579401,,130.40015603342312,,0.3260003900835578,17831.768250317036,,-0.15651787064046155,,,,,estimated_32b_token_analogy,token_analogy,1,xsum,estimated
Qwen/Qwen2.5-32B-Instruct,qwen25_32b,32.5,cnn_dailymail,rag,lmcache_no_native_radix,116.13188485470937,,,,,,,8.610899592743914,,140.00201602363506,,0.35000504005908767,17606.18543327362,,0.0,,,,,estimated_32b_token_analogy,token_analogy,1,xsum,estimated
Qwen/Qwen2.5-32B-Instruct,qwen25_32b,32.5,cnn_dailymail,rag,lmcache_no_native_radix,116.13188485470937,,,,,,,8.610899592743914,,140.00201602363506,,0.35000504005908767,17606.18543327362,,0.0,,,,,estimated_32b_token_analogy,token_analogy,1,xsum,estimated
Qwen/Qwen2.5-32B-Instruct,qwen25_32b,32.5,cnn_dailymail,rag,lmcache_no_native_radix,116.13188485470937,,,,,,,8.610899592743914,,140.00201602363506,,0.35000504005908767,17606.18543327362,,0.0,,,,,estimated_32b_token_analogy,token_analogy,1,xsum,estimated
Qwen/Qwen2.5-1.5B-Instruct,qwen25_15b,1.54,banking77,templated,sglang_radix_attention,10.36851918328122,0.3942342141044888,0.3483845351586538,,,,,96.51711767714151,3.184411870975197,103.18143584764489,0.008982968712452563,0.6878762389842993,693.5017217014889,13.389409352130262,-0.2150917132032052,,,,,estimated,token_analogy,3,ag_news,batch1_15b_3b_7b
Qwen/Qwen2.5-3B-Instruct,qwen25_3b,3.09,banking77,templated,sglang_radix_attention,13.72622730075575,0.0315360249688193,0.027868366078957013,,,,,72.85343044933825,0.1478013723124507,103.18143584764489,0.008982968712452563,0.6878762389842993,1248.8844250483487,3.2229125330157986,1.6388150502991559,,,,,estimated,token_analogy,3,ag_news,batch1_15b_3b_7b
Qwen/Qwen2.5-7B-Instruct,qwen25_7b,7.61,banking77,templated,sglang_radix_attention,21.43851344059703,0.024193855719985967,0.02138009558061561,,,,,46.64505615016635,0.04653015904048839,103.18143584764489,0.008982968712452563,0.6878762389842993,2557.2689385654576,17.351676483943372,7.630095794380239,,,,,estimated,token_analogy,3,ag_news,batch1_15b_3b_7b
Qwen/Qwen2.5-14B-Instruct,qwen25_14b,14.7,banking77,templated,sglang_radix_attention,41.097157058314906,0.0751984045166002,0.06645278432187167,,,,,24.332625734088456,0.0393083987446186,103.18143584764489,0.008982968712452563,0.6878762389842993,5146.402295543056,15.603183444430513,7.256365548347746,,,,,estimated,token_analogy,3,ag_news,batch2_14b
Qwen/Qwen2.5-32B-Instruct,qwen25_32b,32.5,banking77,templated,sglang_radix_attention,86.9911454827196,,,,,,,11.495422832415118,,103.20180730585764,,0.6880120487057176,11787.394905916035,,0.6835677004292297,,,,,estimated_32b_token_analogy,token_analogy,1,ag_news,estimated
Qwen/Qwen2.5-32B-Instruct,qwen25_32b,32.5,banking77,templated,sglang_radix_attention,86.9911454827196,,,,,,,11.495422832415118,,103.20180730585764,,0.6880120487057176,11787.394905916035,,0.6835677004292297,,,,,estimated_32b_token_analogy,token_analogy,1,ag_news,estimated
Qwen/Qwen2.5-32B-Instruct,qwen25_32b,32.5,banking77,templated,sglang_radix_attention,86.9911454827196,,,,,,,11.495422832415118,,103.20180730585764,,0.6880120487057176,11787.394905916035,,0.6835677004292297,,,,,estimated_32b_token_analogy,token_analogy,1,ag_news,estimated
Qwen/Qwen2.5-32B-Instruct,qwen25_32b,32.5,banking77,templated,lmcache_no_native_radix,87.58988162233408,,,,,,,11.416843834904961,,103.20180730585764,,0.6880120487057176,11803.50495226596,,0.0,,,,,estimated_32b_token_analogy,token_analogy,1,ag_news,estimated
Qwen/Qwen2.5-32B-Instruct,qwen25_32b,32.5,banking77,templated,lmcache_no_native_radix,87.58988162233408,,,,,,,11.416843834904961,,103.20180730585764,,0.6880120487057176,11803.50495226596,,0.0,,,,,estimated_32b_token_analogy,token_analogy,1,ag_news,estimated
Qwen/Qwen2.5-32B-Instruct,qwen25_32b,32.5,banking77,templated,lmcache_no_native_radix,87.58988162233408,,,,,,,11.416843834904961,,103.20180730585764,,0.6880120487057176,11803.50495226596,,0.0,,,,,estimated_32b_token_analogy,token_analogy,1,ag_news,estimated
Qwen/Qwen2.5-1.5B-Instruct,qwen25_15b,1.54,alpaca_eval,templated,sglang_radix_attention,11.649633724803687,0.18908481621964915,0.1670941370572735,,,,,85.85137569050097,1.230619797630592,147.81359496926294,0.111331797850775,0.5912543798770518,804.9524200579618,11.049998476527849,6.320177505602062,,,,,estimated,token_analogy,3,dolly,batch1_15b_3b_7b
Qwen/Qwen2.5-3B-Instruct,qwen25_3b,3.09,alpaca_eval,templated,sglang_radix_attention,15.209260457373816,0.20033314364974317,0.17703427716395384,,,,,65.75532764315797,0.7617642957219227,147.81359496926294,0.111331797850775,0.5912543798770518,1403.6806673543008,11.540246243896807,9.757246265513817,,,,,estimated,token_analogy,3,dolly,batch1_15b_3b_7b
Qwen/Qwen2.5-7B-Instruct,qwen25_7b,7.61,alpaca_eval,templated,sglang_radix_attention,24.311614692900072,0.07224131998307012,0.06383961051863177,,,,,41.132792095899376,0.10791142018528162,147.81359496926294,0.111331797850775,0.5912543798770518,2920.6534053048767,6.398007696781784,11.996528884507253,,,,,estimated,token_analogy,3,dolly,batch1_15b_3b_7b
Qwen/Qwen2.5-14B-Instruct,qwen25_14b,14.7,alpaca_eval,templated,sglang_radix_attention,46.513504571540565,0.1224319942916919,0.10819307886999649,,,,,21.499210049272577,0.049978898971545095,147.81359496926294,0.111331797850775,0.5912543798770518,5814.143780031637,4.519656386159155,9.602662312526844,,,,,estimated,token_analogy,3,dolly,batch2_14b
Qwen/Qwen2.5-32B-Instruct,qwen25_32b,32.5,alpaca_eval,templated,sglang_radix_attention,99.05574414384245,,,,,,,10.095325704159706,,147.85687814617114,,0.5914275125846845,13601.082103936713,,0.6486175380906615,,,,,estimated_32b_token_analogy,token_analogy,1,dolly,estimated
Qwen/Qwen2.5-32B-Instruct,qwen25_32b,32.5,alpaca_eval,templated,sglang_radix_attention,99.05574414384245,,,,,,,10.095325704159706,,147.85687814617114,,0.5914275125846845,13601.082103936713,,0.6486175380906615,,,,,estimated_32b_token_analogy,token_analogy,1,dolly,estimated
Qwen/Qwen2.5-32B-Instruct,qwen25_32b,32.5,alpaca_eval,templated,sglang_radix_attention,99.05574414384245,,,,,,,10.095325704159706,,147.85687814617114,,0.5914275125846845,13601.082103936713,,0.6486175380906615,,,,,estimated_32b_token_analogy,token_analogy,1,dolly,estimated
Qwen/Qwen2.5-32B-Instruct,qwen25_32b,32.5,alpaca_eval,templated,lmcache_no_native_radix,99.70243160111009,,,,,,,10.029845651115153,,149.70723395899685,,0.5988289358359874,13648.6118305875,,0.0,,,,,estimated_32b_token_analogy,token_analogy,1,dolly,estimated
Qwen/Qwen2.5-32B-Instruct,qwen25_32b,32.5,alpaca_eval,templated,lmcache_no_native_radix,99.70243160111009,,,,,,,10.029845651115153,,149.70723395899685,,0.5988289358359874,13648.6118305875,,0.0,,,,,estimated_32b_token_analogy,token_analogy,1,dolly,estimated
Qwen/Qwen2.5-32B-Instruct,qwen25_32b,32.5,alpaca_eval,templated,lmcache_no_native_radix,99.70243160111009,,,,,,,10.029845651115153,,149.70723395899685,,0.5988289358359874,13648.6118305875,,0.0,,,,,estimated_32b_token_analogy,token_analogy,1,dolly,estimated
Qwen/Qwen2.5-1.5B-Instruct,qwen25_15b,1.54,oasst1,templated,sglang_radix_attention,11.391953736348,0.1492002837548543,0.13184819998321481,,,,,87.78905138862552,1.0103956420532203,147.79432706344068,0.044044098785531595,0.4926477568781356,846.5835838063065,13.420875923444907,11.990906316081542,,,,,estimated,token_analogy,3,samsum,batch1_15b_3b_7b
Qwen/Qwen2.5-3B-Instruct,qwen25_3b,3.09,oasst1,templated,sglang_radix_attention,15.621117889521093,0.12758067080200708,0.11274296116979358,,,,,64.01812862943682,0.4621311283779152,147.79432706344068,0.044044098785531595,0.4926477568781356,1546.9170714561546,32.74044528365849,11.154652352532748,,,,,estimated,token_analogy,3,samsum,batch1_15b_3b_7b
Qwen/Qwen2.5-7B-Instruct,qwen25_7b,7.61,oasst1,templated,sglang_radix_attention,24.51923890295899,0.20661602114631278,0.18258645218527514,,,,,40.78580292057972,0.30269871700739215,147.79432706344068,0.044044098785531595,0.4926477568781356,3195.4518313413487,28.77282856842727,15.043543791045686,,,,,estimated,token_analogy,3,samsum,batch1_15b_3b_7b
Qwen/Qwen2.5-14B-Instruct,qwen25_14b,14.7,oasst1,templated,sglang_radix_attention,47.088799500564946,0.3602726555778969,0.3183727265503471,,,,,21.23711858552202,0.14331891147637077,147.79432706344068,0.044044098785531595,0.4926477568781356,6325.883393893854,83.581030302953,12.250149510859798,,,,,estimated,token_analogy,3,samsum,batch2_14b
Qwen/Qwen2.5-32B-Instruct,qwen25_32b,32.5,oasst1,templated,sglang_radix_attention,100.33964670669943,,,,,,,9.966150298725662,,147.71057223070156,,0.49236857410233853,14492.71470337254,,0.3208003745619097,,,,,estimated_32b_token_analogy,token_analogy,1,samsum,estimated
Qwen/Qwen2.5-32B-Instruct,qwen25_32b,32.5,oasst1,templated,sglang_radix_attention,100.33964670669943,,,,,,,9.966150298725662,,147.71057223070156,,0.49236857410233853,14492.71470337254,,0.3208003745619097,,,,,estimated_32b_token_analogy,token_analogy,1,samsum,estimated
Qwen/Qwen2.5-32B-Instruct,qwen25_32b,32.5,oasst1,templated,sglang_radix_attention,100.33964670669943,,,,,,,9.966150298725662,,147.71057223070156,,0.49236857410233853,14492.71470337254,,0.3208003745619097,,,,,estimated_32b_token_analogy,token_analogy,1,samsum,estimated
Qwen/Qwen2.5-32B-Instruct,qwen25_32b,32.5,oasst1,templated,lmcache_no_native_radix,100.66257261669745,,,,,,,9.934178851237947,,152.58757495019822,,0.508625249833994,14392.842983655468,,0.0,,,,,estimated_32b_token_analogy,token_analogy,1,samsum,estimated
Qwen/Qwen2.5-32B-Instruct,qwen25_32b,32.5,oasst1,templated,lmcache_no_native_radix,100.66257261669745,,,,,,,9.934178851237947,,152.58757495019822,,0.508625249833994,14392.842983655468,,0.0,,,,,estimated_32b_token_analogy,token_analogy,1,samsum,estimated
Qwen/Qwen2.5-32B-Instruct,qwen25_32b,32.5,oasst1,templated,lmcache_no_native_radix,100.66257261669745,,,,,,,9.934178851237947,,152.58757495019822,,0.508625249833994,14392.842983655468,,0.0,,,,,estimated_32b_token_analogy,token_analogy,1,samsum,estimated
Qwen/Qwen2.5-1.5B-Instruct,qwen25_15b,1.54,ultrachat,templated,sglang_radix_attention,12.561738269228673,0.06970947174806415,0.06160221777369099,,,,,79.60809032882077,0.3894707870954664,209.71350817529716,0.4193092775016794,0.5991814519294205,871.0831134245252,3.74027187683309,5.661102514115878,,,,,estimated,token_analogy,3,daily_dialog,batch1_15b_3b_7b
Qwen/Qwen2.5-3B-Instruct,qwen25_3b,3.09,ultrachat,templated,sglang_radix_attention,16.693253803569455,0.05692868076071029,0.05030784055378524,,,,,59.90480167657608,0.18064125579441362,209.71350817529716,0.4193092775016794,0.5991814519294205,1530.5869702473974,2.3637479352384765,7.162112681331408,,,,,estimated,token_analogy,3,daily_dialog,batch1_15b_3b_7b
Qwen/Qwen2.5-7B-Instruct,qwen25_7b,7.61,ultrachat,templated,sglang_radix_attention,26.179677188942225,0.06990736412570868,0.06177709514742106,,,,,38.19770964869202,0.09003241385103175,209.71350817529716,0.4193092775016794,0.5991814519294205,3174.106057154884,37.576008959876724,10.739714923844799,,,,,estimated,token_analogy,3,daily_dialog,batch1_15b_3b_7b
Qwen/Qwen2.5-14B-Instruct,qwen25_14b,14.7,ultrachat,templated,sglang_radix_attention,50.27996238229797,0.0734788008685872,0.0649331716243006,,,,,19.88866069838218,0.025682156411856717,209.71350817529716,0.4193092775016794,0.5991814519294205,6344.793686961274,36.57948709369531,9.638965570994019,,,,,estimated,token_analogy,3,daily_dialog,batch2_14b
Qwen/Qwen2.5-32B-Instruct,qwen25_32b,32.5,ultrachat,templated,sglang_radix_attention,106.50500707012125,,,,,,,9.389229929270984,,209.29307829869046,,0.5979802237105442,14504.373460311159,,0.7601824216812471,,,,,estimated_32b_token_analogy,token_analogy,1,daily_dialog,estimated
Qwen/Qwen2.5-32B-Instruct,qwen25_32b,32.5,ultrachat,templated,sglang_radix_attention,106.50500707012125,,,,,,,9.389229929270984,,209.29307829869046,,0.5979802237105442,14504.373460311159,,0.7601824216812471,,,,,estimated_32b_token_analogy,token_analogy,1,daily_dialog,estimated
Qwen/Qwen2.5-32B-Instruct,qwen25_32b,32.5,ultrachat,templated,sglang_radix_attention,106.50500707012125,,,,,,,9.389229929270984,,209.29307829869046,,0.5979802237105442,14504.373460311159,,0.7601824216812471,,,,,estimated_32b_token_analogy,token_analogy,1,daily_dialog,estimated
Qwen/Qwen2.5-32B-Instruct,qwen25_32b,32.5,ultrachat,templated,lmcache_no_native_radix,107.32084124002839,,,,,,,9.31785465381743,,209.9642232393287,,0.5998977806837963,14614.488847953495,,0.0,,,,,estimated_32b_token_analogy,token_analogy,1,daily_dialog,estimated
Qwen/Qwen2.5-32B-Instruct,qwen25_32b,32.5,ultrachat,templated,lmcache_no_native_radix,107.32084124002839,,,,,,,9.31785465381743,,209.9642232393287,,0.5998977806837963,14614.488847953495,,0.0,,,,,estimated_32b_token_analogy,token_analogy,1,daily_dialog,estimated
Qwen/Qwen2.5-32B-Instruct,qwen25_32b,32.5,ultrachat,templated,lmcache_no_native_radix,107.32084124002839,,,,,,,9.31785465381743,,209.9642232393287,,0.5998977806837963,14614.488847953495,,0.0,,,,,estimated_32b_token_analogy,token_analogy,1,daily_dialog,estimated
Qwen/Qwen2.5-1.5B-Instruct,qwen25_15b,1.54,cnn_dailymail,templated,sglang_radix_attention,12.18028965052462,0.15524728772822047,0.13719193371558272,,,,,82.10683689012721,0.9299683093667388,116.51950878103224,0.08054884417102423,0.2912987719525806,1077.270233760066,11.7918063738491,15.296238366577352,,,,,estimated,token_analogy,3,xsum,batch1_15b_3b_7b
Qwen/Qwen2.5-3B-Instruct,qwen25_3b,3.09,cnn_dailymail,templated,sglang_radix_attention,17.11697957169527,0.30084926741684254,0.2658603145846159,,,,,58.430910058119125,0.9066802754300347,116.51950878103224,0.08054884417102423,0.2912987719525806,1949.7431277594235,18.946139627584152,14.877544042186905,,,,,estimated,token_analogy,3,xsum,batch1_15b_3b_7b
Qwen/Qwen2.5-7B-Instruct,qwen25_7b,7.61,cnn_dailymail,templated,sglang_radix_attention,27.63392961220579,0.293270276754555,0.25916276514728326,,,,,36.189510219216146,0.3378863062357318,116.51950878103224,0.08054884417102423,0.2912987719525806,3989.288444097173,23.128185931749307,18.87273604094059,,,,,estimated,token_analogy,3,xsum,batch1_15b_3b_7b
Qwen/Qwen2.5-14B-Instruct,qwen25_14b,14.7,cnn_dailymail,templated,sglang_radix_attention,52.83776940716324,0.4470586187744508,0.39506542942801753,,,,,18.92655832209782,0.1409551931392709,116.51950878103224,0.08054884417102423,0.2912987719525806,7802.358361531829,82.96500427200235,14.656788342670204,,,,,estimated,token_analogy,3,xsum,batch2_14b
Qwen/Qwen2.5-32B-Instruct,qwen25_32b,32.5,cnn_dailymail,templated,sglang_radix_attention,116.03595326056109,,,,,,,8.61801857011059,,116.51466852394833,,0.29128667130987085,17768.09619969301,,-0.5417666841287128,,,,,estimated_32b_token_analogy,token_analogy,1,xsum,estimated
Qwen/Qwen2.5-32B-Instruct,qwen25_32b,32.5,cnn_dailymail,templated,sglang_radix_attention,116.03595326056109,,,,,,,8.61801857011059,,116.51466852394833,,0.29128667130987085,17768.09619969301,,-0.5417666841287128,,,,,estimated_32b_token_analogy,token_analogy,1,xsum,estimated
Qwen/Qwen2.5-32B-Instruct,qwen25_32b,32.5,cnn_dailymail,templated,sglang_radix_attention,116.03595326056109,,,,,,,8.61801857011059,,116.51466852394833,,0.29128667130987085,17768.09619969301,,-0.5417666841287128,,,,,estimated_32b_token_analogy,token_analogy,1,xsum,estimated
Qwen/Qwen2.5-32B-Instruct,qwen25_32b,32.5,cnn_dailymail,templated,lmcache_no_native_radix,115.41069655669602,,,,,,,8.664708123555476,,125.02021028465406,,0.31255052571163516,17655.214159655625,,0.0,,,,,estimated_32b_token_analogy,token_analogy,1,xsum,estimated
Qwen/Qwen2.5-32B-Instruct,qwen25_32b,32.5,cnn_dailymail,templated,lmcache_no_native_radix,115.41069655669602,,,,,,,8.664708123555476,,125.02021028465406,,0.31255052571163516,17655.214159655625,,0.0,,,,,estimated_32b_token_analogy,token_analogy,1,xsum,estimated
Qwen/Qwen2.5-32B-Instruct,qwen25_32b,32.5,cnn_dailymail,templated,lmcache_no_native_radix,115.41069655669602,,,,,,,8.664708123555476,,125.02021028465406,,0.31255052571163516,17655.214159655625,,0.0,,,,,estimated_32b_token_analogy,token_analogy,1,xsum,estimated
Qwen/Qwen2.5-1.5B-Instruct,qwen25_15b,1.54,banking77,rag,sglang_radix_attention_shadowkv_plus,10.439570345082773,0.22900682316578597,0.2023731903076952,,,,,95.813657489849,1.8783426036581263,112.7492307215726,0.01555895821276942,0.7516615381438173,715.5103770458285,4.409110849403353,-0.8998020871895468,,,,,estimated,token_analogy,3,ag_news,batch1_15b_3b_7b
Qwen/Qwen2.5-3B-Instruct,qwen25_3b,3.09,banking77,rag,sglang_radix_attention_shadowkv_plus,13.842167477278402,0.05558864567763488,0.049123652366126355,,,,,72.24362912309749,0.25690745405738225,112.7492307215726,0.01555895821276942,0.7516615381438173,1264.132413378918,8.750759865505415,0.6772747096020091,,,,,estimated,token_analogy,3,ag_news,batch1_15b_3b_7b
Qwen/Qwen2.5-7B-Instruct,qwen25_7b,7.61,banking77,rag,sglang_radix_attention_shadowkv_plus,20.94905845910084,0.03816282630569197,0.033724466388716616,,,,,47.7349247545735,0.0769126071559628,112.7492307215726,0.01555895821276942,0.7516615381438173,2548.662636108703,22.65271025609445,9.786038017867876,,,,,estimated,token_analogy,3,ag_news,batch1_15b_3b_7b
Qwen/Qwen2.5-14B-Instruct,qwen25_14b,14.7,banking77,rag,sglang_radix_attention_shadowkv_plus,40.65969203206538,0.09590291267090978,0.0847493455815596,,,,,24.594453371054527,0.05132365624836039,112.7492307215726,0.01555895821276942,0.7516615381438173,5138.780205076012,11.620111248142628,8.897255675635973,,,,,estimated,token_analogy,3,ag_news,batch2_14b
Qwen/Qwen2.5-32B-Instruct,qwen25_32b,32.5,banking77,rag,sglang_radix_attention,87.28669180661882,,,,,,,11.456500175484614,,112.72546402032438,,0.7515030934688292,11797.691057843193,,0.5630176366737492,,,,,estimated_32b_token_analogy,token_analogy,1,ag_news,estimated
Qwen/Qwen2.5-32B-Instruct,qwen25_32b,32.5,banking77,rag,sglang_radix_attention,87.28669180661882,,,,,,,11.456500175484614,,112.72546402032438,,0.7515030934688292,11797.691057843193,,0.5630176366737492,,,,,estimated_32b_token_analogy,token_analogy,1,ag_news,estimated
Qwen/Qwen2.5-32B-Instruct,qwen25_32b,32.5,banking77,rag,sglang_radix_attention,87.28669180661882,,,,,,,11.456500175484614,,112.72546402032438,,0.7515030934688292,11797.691057843193,,0.5630176366737492,,,,,estimated_32b_token_analogy,token_analogy,1,ag_news,estimated
Qwen/Qwen2.5-32B-Instruct,qwen25_32b,32.5,banking77,rag,lmcache_no_native_radix,87.78091383313274,,,,,,,11.39199805895108,,112.72546402032438,,0.7515030934688292,11807.240960060552,,0.0,,,,,estimated_32b_token_analogy,token_analogy,1,ag_news,estimated
Qwen/Qwen2.5-32B-Instruct,qwen25_32b,32.5,banking77,rag,lmcache_no_native_radix,87.78091383313274,,,,,,,11.39199805895108,,112.72546402032438,,0.7515030934688292,11807.240960060552,,0.0,,,,,estimated_32b_token_analogy,token_analogy,1,ag_news,estimated
Qwen/Qwen2.5-32B-Instruct,qwen25_32b,32.5,banking77,rag,lmcache_no_native_radix,87.78091383313274,,,,,,,11.39199805895108,,112.72546402032438,,0.7515030934688292,11807.240960060552,,0.0,,,,,estimated_32b_token_analogy,token_analogy,1,ag_news,estimated
Qwen/Qwen2.5-1.5B-Instruct,qwen25_15b,1.54,alpaca_eval,rag,sglang_radix_attention_shadowkv_plus,11.78578796038893,0.18283999823544392,0.16157559520387382,,,,,84.85864284714116,1.1694844592649547,169.11819297457956,0.20579838818852803,0.6764727718983182,825.4292370033623,20.20046490756609,5.996004018648659,,,,,estimated,token_analogy,3,dolly,batch1_15b_3b_7b
Qwen/Qwen2.5-3B-Instruct,qwen25_3b,3.09,alpaca_eval,rag,sglang_radix_attention_shadowkv_plus,15.560802047240005,0.2949754489720413,0.2606696247984777,,,,,64.27605621650883,1.0760509512445444,169.11819297457956,0.20579838818852803,0.6764727718983182,1429.645469529457,25.777235373769514,8.623153364550875,,,,,estimated,token_analogy,3,dolly,batch1_15b_3b_7b
Qwen/Qwen2.5-7B-Instruct,qwen25_7b,7.61,alpaca_eval,rag,sglang_radix_attention_shadowkv_plus,23.77097347265712,0.108555238359629,0.09593019809521805,,,,,42.06856888064097,0.1694184999526067,169.11819297457956,0.20579838818852803,0.6764727718983182,2922.0403617630323,37.5467958032324,14.508359482075631,,,,,estimated,token_analogy,3,dolly,batch1_15b_3b_7b
Qwen/Qwen2.5-14B-Instruct,qwen25_14b,14.7,alpaca_eval,rag,sglang_radix_attention_shadowkv_plus,45.968621785739714,0.2260915357159129,0.1997969525618544,,,,,21.754243060112888,0.09438195376067565,169.11819297457956,0.20579838818852803,0.6764727718983182,5860.067016651621,67.0711759624106,11.880241674382694,,,,,estimated,token_analogy,3,dolly,batch2_14b
Qwen/Qwen2.5-32B-Instruct,qwen25_32b,32.5,alpaca_eval,rag,sglang_radix_attention,99.37054408196042,,,,,,,10.06334431635198,,169.14292621852712,,0.6765717048741084,13559.203596349535,,0.6624441986200272,,,,,estimated_32b_token_analogy,token_analogy,1,dolly,estimated
Qwen/Qwen2.5-32B-Instruct,qwen25_32b,32.5,alpaca_eval,rag,sglang_radix_attention,99.37054408196042,,,,,,,10.06334431635198,,169.14292621852712,,0.6765717048741084,13559.203596349535,,0.6624441986200272,,,,,estimated_32b_token_analogy,token_analogy,1,dolly,estimated
Qwen/Qwen2.5-32B-Instruct,qwen25_32b,32.5,alpaca_eval,rag,sglang_radix_attention,99.37054408196042,,,,,,,10.06334431635198,,169.14292621852712,,0.6765717048741084,13559.203596349535,,0.6624441986200272,,,,,estimated_32b_token_analogy,token_analogy,1,dolly,estimated
Qwen/Qwen2.5-32B-Instruct,qwen25_32b,32.5,alpaca_eval,rag,lmcache_no_native_radix,100.03320826681744,,,,,,,9.996680275741145,,170.74285793638393,,0.6829714317455358,13593.232008282563,,0.0,,,,,estimated_32b_token_analogy,token_analogy,1,dolly,estimated
Qwen/Qwen2.5-32B-Instruct,qwen25_32b,32.5,alpaca_eval,rag,lmcache_no_native_radix,100.03320826681744,,,,,,,9.996680275741145,,170.74285793638393,,0.6829714317455358,13593.232008282563,,0.0,,,,,estimated_32b_token_analogy,token_analogy,1,dolly,estimated
Qwen/Qwen2.5-32B-Instruct,qwen25_32b,32.5,alpaca_eval,rag,lmcache_no_native_radix,100.03320826681744,,,,,,,9.996680275741145,,170.74285793638393,,0.6829714317455358,13593.232008282563,,0.0,,,,,estimated_32b_token_analogy,token_analogy,1,dolly,estimated
Qwen/Qwen2.5-1.5B-Instruct,qwen25_15b,1.54,oasst1,rag,sglang_radix_attention_shadowkv_plus,11.589092869966786,0.2053186157179069,0.18143993579751258,,,,,86.30224431788506,1.3618223782047207,163.59790288027813,0.07134473394273498,0.5453263429342604,877.6741209986238,7.974155797570616,10.266463956819193,,,,,estimated,token_analogy,3,samsum,batch1_15b_3b_7b
Qwen/Qwen2.5-3B-Instruct,qwen25_3b,3.09,oasst1,rag,sglang_radix_attention_shadowkv_plus,15.688066478044028,0.04888513973992234,0.043199768247270356,,,,,63.74304090247388,0.1758061764847475,163.59790288027813,0.07134473394273498,0.5453263429342604,1571.3086720906929,13.971914134081368,11.302097719489188,,,,,estimated,token_analogy,3,samsum,batch1_15b_3b_7b
Qwen/Qwen2.5-7B-Instruct,qwen25_7b,7.61,oasst1,rag,sglang_radix_attention_shadowkv_plus,23.84589037570751,0.17295745301343415,0.15284239600355856,,,,,41.93709427329138,0.26844200432235854,163.59790288027813,0.07134473394273498,0.5453263429342604,3196.235326734951,59.102773830291795,18.852485291406484,,,,,estimated,token_analogy,3,samsum,batch1_15b_3b_7b
Qwen/Qwen2.5-14B-Instruct,qwen25_14b,14.7,oasst1,rag,sglang_radix_attention_shadowkv_plus,46.241164351714424,0.3018663925044214,0.2667591474057075,,,,,21.62623188219644,0.12451035909819257,163.59790288027813,0.07134473394273498,0.5453263429342604,6320.133345992217,75.73845187793988,15.166539211877126,,,,,estimated,token_analogy,3,samsum,batch2_14b
Qwen/Qwen2.5-32B-Instruct,qwen25_32b,32.5,oasst1,rag,sglang_radix_attention,100.42421073502985,,,,,,,9.957758121082064,,163.46609199596742,,0.5448869733198914,14503.358625839326,,0.34573181187394486,,,,,estimated_32b_token_analogy,token_analogy,1,samsum,estimated
Qwen/Qwen2.5-32B-Instruct,qwen25_32b,32.5,oasst1,rag,sglang_radix_attention,100.42421073502985,,,,,,,9.957758121082064,,163.46609199596742,,0.5448869733198914,14503.358625839326,,0.34573181187394486,,,,,estimated_32b_token_analogy,token_analogy,1,samsum,estimated
Qwen/Qwen2.5-32B-Instruct,qwen25_32b,32.5,oasst1,rag,sglang_radix_attention,100.42421073502985,,,,,,,9.957758121082064,,163.46609199596742,,0.5448869733198914,14503.358625839326,,0.34573181187394486,,,,,estimated_32b_token_analogy,token_analogy,1,samsum,estimated
Qwen/Qwen2.5-32B-Instruct,qwen25_32b,32.5,oasst1,rag,lmcache_no_native_radix,100.7726137183109,,,,,,,9.923330983508022,,168.2648320029046,,0.5608827733430153,14440.626014168514,,0.0,,,,,estimated_32b_token_analogy,token_analogy,1,samsum,estimated
Qwen/Qwen2.5-32B-Instruct,qwen25_32b,32.5,oasst1,rag,lmcache_no_native_radix,100.7726137183109,,,,,,,9.923330983508022,,168.2648320029046,,0.5608827733430153,14440.626014168514,,0.0,,,,,estimated_32b_token_analogy,token_analogy,1,samsum,estimated
Qwen/Qwen2.5-32B-Instruct,qwen25_32b,32.5,oasst1,rag,lmcache_no_native_radix,100.7726137183109,,,,,,,9.923330983508022,,168.2648320029046,,0.5608827733430153,14440.626014168514,,0.0,,,,,estimated_32b_token_analogy,token_analogy,1,samsum,estimated
Qwen/Qwen2.5-1.5B-Instruct,qwen25_15b,1.54,ultrachat,rag,sglang_radix_attention_shadowkv_plus,12.628575717680983,0.17326233503353858,0.15311182005923973,,,,,79.19330892154913,0.966921299510835,231.35021820121827,0.5043995045996168,0.6610006234320522,881.5374305412455,3.5719963065189297,6.523858027604917,,,,,estimated,token_analogy,3,daily_dialog,batch1_15b_3b_7b
Qwen/Qwen2.5-3B-Instruct,qwen25_3b,3.09,ultrachat,rag,sglang_radix_attention_shadowkv_plus,16.85512662444507,0.1559775443414398,0.13783726104040875,,,,,59.33178700789217,0.48734578231692716,231.35021820121827,0.5043995045996168,0.6610006234320522,1558.518097657731,16.841544971732393,8.582395970733902,,,,,estimated,token_analogy,3,daily_dialog,batch1_15b_3b_7b
Qwen/Qwen2.5-7B-Instruct,qwen25_7b,7.61,ultrachat,rag,sglang_radix_attention_shadowkv_plus,25.559159596342532,0.039330953915524214,0.034756740046856124,,,,,39.1249652891141,0.05317066392676841,231.35021820121827,0.5043995045996168,0.6610006234320522,3175.5023647315616,9.292999647315094,14.850891760229409,,,,,estimated,token_analogy,3,daily_dialog,batch1_15b_3b_7b
Qwen/Qwen2.5-14B-Instruct,qwen25_14b,14.7,ultrachat,rag,sglang_radix_attention_shadowkv_plus,49.53949357212301,0.045665156560718685,0.04035427107079184,,,,,20.18592380415236,0.0164496783257351,231.35021820121827,0.5043995045996168,0.6610006234320522,6356.710911851586,11.210800640101711,12.606357675847054,,,,,estimated,token_analogy,3,daily_dialog,batch2_14b
Qwen/Qwen2.5-32B-Instruct,qwen25_32b,32.5,ultrachat,rag,sglang_radix_attention,106.59142861279146,,,,,,,9.381617387197634,,231.4235041430121,,0.6612100118371774,14615.093991122007,,0.6596295294188399,,,,,estimated_32b_token_analogy,token_analogy,1,daily_dialog,estimated
Qwen/Qwen2.5-32B-Instruct,qwen25_32b,32.5,ultrachat,rag,sglang_radix_attention,106.59142861279146,,,,,,,9.381617387197634,,231.4235041430121,,0.6612100118371774,14615.093991122007,,0.6596295294188399,,,,,estimated_32b_token_analogy,token_analogy,1,daily_dialog,estimated
Qwen/Qwen2.5-32B-Instruct,qwen25_32b,32.5,ultrachat,rag,sglang_radix_attention,106.59142861279146,,,,,,,9.381617387197634,,231.4235041430121,,0.6612100118371774,14615.093991122007,,0.6596295294188399,,,,,estimated_32b_token_analogy,token_analogy,1,daily_dialog,estimated
Qwen/Qwen2.5-32B-Instruct,qwen25_32b,32.5,ultrachat,rag,lmcache_no_native_radix,107.29920585947245,,,,,,,9.319733468574588,,232.00786309994712,,0.6628796088569917,14674.408356149377,,0.0,,,,,estimated_32b_token_analogy,token_analogy,1,daily_dialog,estimated
Qwen/Qwen2.5-32B-Instruct,qwen25_32b,32.5,ultrachat,rag,lmcache_no_native_radix,107.29920585947245,,,,,,,9.319733468574588,,232.00786309994712,,0.6628796088569917,14674.408356149377,,0.0,,,,,estimated_32b_token_analogy,token_analogy,1,daily_dialog,estimated
Qwen/Qwen2.5-32B-Instruct,qwen25_32b,32.5,ultrachat,rag,lmcache_no_native_radix,107.29920585947245,,,,,,,9.319733468574588,,232.00786309994712,,0.6628796088569917,14674.408356149377,,0.0,,,,,estimated_32b_token_analogy,token_analogy,1,daily_dialog,estimated
Qwen/Qwen2.5-1.5B-Instruct,qwen25_15b,1.54,cnn_dailymail,rag,sglang_radix_attention_shadowkv_plus,12.422806747696992,0.10586466459476075,0.09355253969610391,,,,,80.50013761198564,0.6037155346983062,130.3348125627903,0.1344152115900625,0.32583703140697573,1107.045122989831,21.37415634616513,13.980093333593175,,,,,estimated,token_analogy,3,xsum,batch1_15b_3b_7b
Qwen/Qwen2.5-3B-Instruct,qwen25_3b,3.09,cnn_dailymail,rag,sglang_radix_attention_shadowkv_plus,17.445594758999416,0.04980726775026215,0.044014652209000436,,,,,57.32130451774339,0.14482701883551427,130.3348125627903,0.1344152115900625,0.32583703140697573,1993.295956436392,19.653688862960355,15.01126177794633,,,,,estimated,token_analogy,3,xsum,batch1_15b_3b_7b
Qwen/Qwen2.5-7B-Instruct,qwen25_7b,7.61,cnn_dailymail,rag,sglang_radix_attention_shadowkv_plus,26.70224566756206,0.11746152028045129,0.10380067401021617,,,,,37.45041116305678,0.1456529756951773,130.3348125627903,0.1344152115900625,0.32583703140697573,3987.9799718923987,40.328282213337886,22.77205495609869,,,,,estimated,token_analogy,3,xsum,batch1_15b_3b_7b
Qwen/Qwen2.5-14B-Instruct,qwen25_14b,14.7,cnn_dailymail,rag,sglang_radix_attention_shadowkv_plus,51.82865325103412,0.27729557781855535,0.24504593341627923,,,,,19.294634720194274,0.09140660489635011,130.3348125627903,0.1344152115900625,0.32583703140697573,7826.840889996897,46.691655530623336,17.61766806857138,,,,,estimated,token_analogy,3,xsum,batch2_14b
Qwen/Qwen2.5-32B-Instruct,qwen25_32b,32.5,cnn_dailymail,rag,sglang_radix_attention,116.3136520080186,,,,,,,8.5974430579401,,130.40015603342312,,0.3260003900835578,17831.768250317036,,-0.15651787064046155,,,,,estimated_32b_token_analogy,token_analogy,1,xsum,estimated
Qwen/Qwen2.5-32B-Instruct,qwen25_32b,32.5,cnn_dailymail,rag,sglang_radix_attention,116.3136520080186,,,,,,,8.5974430579401,,130.40015603342312,,0.3260003900835578,17831.768250317036,,-0.15651787064046155,,,,,estimated_32b_token_analogy,token_analogy,1,xsum,estimated
Qwen/Qwen2.5-32B-Instruct,qwen25_32b,32.5,cnn_dailymail,rag,sglang_radix_attention,116.3136520080186,,,,,,,8.5974430579401,,130.40015603342312,,0.3260003900835578,17831.768250317036,,-0.15651787064046155,,,,,estimated_32b_token_analogy,token_analogy,1,xsum,estimated
Qwen/Qwen2.5-32B-Instruct,qwen25_32b,32.5,cnn_dailymail,rag,lmcache_no_native_radix,116.13188485470937,,,,,,,8.610899592743914,,140.00201602363506,,0.35000504005908767,17606.18543327362,,0.0,,,,,estimated_32b_token_analogy,token_analogy,1,xsum,estimated
Qwen/Qwen2.5-32B-Instruct,qwen25_32b,32.5,cnn_dailymail,rag,lmcache_no_native_radix,116.13188485470937,,,,,,,8.610899592743914,,140.00201602363506,,0.35000504005908767,17606.18543327362,,0.0,,,,,estimated_32b_token_analogy,token_analogy,1,xsum,estimated
Qwen/Qwen2.5-32B-Instruct,qwen25_32b,32.5,cnn_dailymail,rag,lmcache_no_native_radix,116.13188485470937,,,,,,,8.610899592743914,,140.00201602363506,,0.35000504005908767,17606.18543327362,,0.0,,,,,estimated_32b_token_analogy,token_analogy,1,xsum,estimated
Qwen/Qwen2.5-1.5B-Instruct,qwen25_15b,1.54,banking77,templated,sglang_radix_attention_shadowkv_plus,10.405630351153333,0.10001343208500797,0.0883818090870271,,,,,96.10645414809285,0.8186628826622336,103.18143584764489,0.008982968712452563,0.6878762389842993,703.9171720516407,3.920273193267376,-0.5737831546854834,,,,,estimated,token_analogy,3,ag_news,batch1_15b_3b_7b
Qwen/Qwen2.5-3B-Instruct,qwen25_3b,3.09,banking77,templated,sglang_radix_attention_shadowkv_plus,13.88755480016012,0.15137974352076572,0.13377418725240398,,,,,72.0113957602677,0.6974986611244091,103.18143584764489,0.008982968712452563,0.6878762389842993,1257.728689785013,9.257272657499607,0.48275347134569147,,,,,estimated,token_analogy,3,ag_news,batch1_15b_3b_7b
Qwen/Qwen2.5-7B-Instruct,qwen25_7b,7.61,banking77,templated,sglang_radix_attention_shadowkv_plus,20.918646022401475,0.016202167993321668,0.014317845998571128,,,,,47.804256128990104,0.03272069530773629,103.18143584764489,0.008982968712452563,0.6878762389842993,2555.6244605697575,5.920555390624602,9.869994738465286,,,,,estimated,token_analogy,3,ag_news,batch1_15b_3b_7b
Qwen/Qwen2.5-14B-Instruct,qwen25_14b,14.7,banking77,templated,sglang_radix_attention_shadowkv_plus,40.49413294508516,0.061492505651631904,0.05434088983333816,,,,,24.69496509482212,0.03311384781789299,103.18143584764489,0.008982968712452563,0.6878762389842993,5155.907460851792,15.07504860631674,8.61720537100394,,,,,estimated,token_analogy,3,ag_news,batch2_14b
Qwen/Qwen2.5-32B-Instruct,qwen25_32b,32.5,banking77,templated,sglang_radix_attention,86.9911454827196,,,,,,,11.495422832415118,,103.20180730585764,,0.6880120487057176,11787.394905916035,,0.6835677004292297,,,,,estimated_32b_token_analogy,token_analogy,1,ag_news,estimated
Qwen/Qwen2.5-32B-Instruct,qwen25_32b,32.5,banking77,templated,sglang_radix_attention,86.9911454827196,,,,,,,11.495422832415118,,103.20180730585764,,0.6880120487057176,11787.394905916035,,0.6835677004292297,,,,,estimated_32b_token_analogy,token_analogy,1,ag_news,estimated
Qwen/Qwen2.5-32B-Instruct,qwen25_32b,32.5,banking77,templated,sglang_radix_attention,86.9911454827196,,,,,,,11.495422832415118,,103.20180730585764,,0.6880120487057176,11787.394905916035,,0.6835677004292297,,,,,estimated_32b_token_analogy,token_analogy,1,ag_news,estimated
Qwen/Qwen2.5-32B-Instruct,qwen25_32b,32.5,banking77,templated,lmcache_no_native_radix,87.58988162233408,,,,,,,11.416843834904961,,103.20180730585764,,0.6880120487057176,11803.50495226596,,0.0,,,,,estimated_32b_token_analogy,token_analogy,1,ag_news,estimated
Qwen/Qwen2.5-32B-Instruct,qwen25_32b,32.5,banking77,templated,lmcache_no_native_radix,87.58988162233408,,,,,,,11.416843834904961,,103.20180730585764,,0.6880120487057176,11803.50495226596,,0.0,,,,,estimated_32b_token_analogy,token_analogy,1,ag_news,estimated
Qwen/Qwen2.5-32B-Instruct,qwen25_32b,32.5,banking77,templated,lmcache_no_native_radix,87.58988162233408,,,,,,,11.416843834904961,,103.20180730585764,,0.6880120487057176,11803.50495226596,,0.0,,,,,estimated_32b_token_analogy,token_analogy,1,ag_news,estimated
Qwen/Qwen2.5-1.5B-Instruct,qwen25_15b,1.54,alpaca_eval,templated,sglang_radix_attention_shadowkv_plus,11.725060935195565,0.1115457679433492,0.09857292726896355,,,,,85.2914416681551,0.7205448467266596,147.81359496926294,0.111331797850775,0.5912543798770518,818.6555640279946,10.880507475998522,5.713634171478672,,,,,estimated,token_analogy,3,dolly,batch1_15b_3b_7b
Qwen/Qwen2.5-3B-Instruct,qwen25_3b,3.09,alpaca_eval,templated,sglang_radix_attention_shadowkv_plus,15.38492040913654,0.12779235373577552,0.11293002524958042,,,,,65.00103644521828,0.4751468626581385,147.81359496926294,0.111331797850775,0.5912543798770518,1443.3769404120894,12.539204215573436,8.714984032424775,,,,,estimated,token_analogy,3,dolly,batch1_15b_3b_7b
Qwen/Qwen2.5-7B-Instruct,qwen25_7b,7.61,alpaca_eval,templated,sglang_radix_attention_shadowkv_plus,23.703143545703764,0.03684001419702496,0.032555498133064284,,,,,42.188550081981816,0.05798920717581117,147.81359496926294,0.111331797850775,0.5912543798770518,2952.0845934389313,9.753685024175244,14.199079957453428,,,,,estimated,token_analogy,3,dolly,batch1_15b_3b_7b
Qwen/Qwen2.5-14B-Instruct,qwen25_14b,14.7,alpaca_eval,templated,sglang_radix_attention_shadowkv_plus,45.824765481273566,0.0678865269948575,0.059991282604331286,,,,,21.822286090615666,0.028563350678118108,147.81359496926294,0.111331797850775,0.5912543798770518,5832.964888935594,36.9615121654648,10.941202177345438,,,,,estimated,token_analogy,3,dolly,batch2_14b
Qwen/Qwen2.5-32B-Instruct,qwen25_32b,32.5,alpaca_eval,templated,sglang_radix_attention,99.05574414384245,,,,,,,10.095325704159706,,147.85687814617114,,0.5914275125846845,13601.082103936713,,0.6486175380906615,,,,,estimated_32b_token_analogy,token_analogy,1,dolly,estimated
Qwen/Qwen2.5-32B-Instruct,qwen25_32b,32.5,alpaca_eval,templated,sglang_radix_attention,99.05574414384245,,,,,,,10.095325704159706,,147.85687814617114,,0.5914275125846845,13601.082103936713,,0.6486175380906615,,,,,estimated_32b_token_analogy,token_analogy,1,dolly,estimated
Qwen/Qwen2.5-32B-Instruct,qwen25_32b,32.5,alpaca_eval,templated,sglang_radix_attention,99.05574414384245,,,,,,,10.095325704159706,,147.85687814617114,,0.5914275125846845,13601.082103936713,,0.6486175380906615,,,,,estimated_32b_token_analogy,token_analogy,1,dolly,estimated
Qwen/Qwen2.5-32B-Instruct,qwen25_32b,32.5,alpaca_eval,templated,lmcache_no_native_radix,99.70243160111009,,,,,,,10.029845651115153,,149.70723395899685,,0.5988289358359874,13648.6118305875,,0.0,,,,,estimated_32b_token_analogy,token_analogy,1,dolly,estimated
Qwen/Qwen2.5-32B-Instruct,qwen25_32b,32.5,alpaca_eval,templated,lmcache_no_native_radix,99.70243160111009,,,,,,,10.029845651115153,,149.70723395899685,,0.5988289358359874,13648.6118305875,,0.0,,,,,estimated_32b_token_analogy,token_analogy,1,dolly,estimated
Qwen/Qwen2.5-32B-Instruct,qwen25_32b,32.5,alpaca_eval,templated,lmcache_no_native_radix,99.70243160111009,,,,,,,10.029845651115153,,149.70723395899685,,0.5988289358359874,13648.6118305875,,0.0,,,,,estimated_32b_token_analogy,token_analogy,1,dolly,estimated
Qwen/Qwen2.5-1.5B-Instruct,qwen25_15b,1.54,oasst1,templated,sglang_radix_attention_shadowkv_plus,11.53667004281389,0.35066166959204087,0.30987950408180875,,,,,86.72125471859763,2.2969135099422147,147.79432706344068,0.044044098785531595,0.4926477568781356,865.4390949691912,15.787675287579045,10.872893438912842,,,,,estimated,token_analogy,3,samsum,batch1_15b_3b_7b
Qwen/Qwen2.5-3B-Instruct,qwen25_3b,3.09,oasst1,templated,sglang_radix_attention_shadowkv_plus,15.76007681771786,0.06427240692444648,0.05679748689687909,,,,,63.45201607429199,0.22837933252231737,147.79432706344068,0.044044098785531595,0.4926477568781356,1577.0315506678862,18.555052560655657,10.364321316580263,,,,,estimated,token_analogy,3,samsum,batch1_15b_3b_7b
Qwen/Qwen2.5-7B-Instruct,qwen25_7b,7.61,oasst1,templated,sglang_radix_attention_shadowkv_plus,23.794707631933427,0.1497946530620491,0.13237344377837854,,,,,42.02701752499994,0.2333706796965712,147.79432706344068,0.044044098785531595,0.4926477568781356,3212.4156782899454,62.08015349923502,17.553964666771677,,,,,estimated,token_analogy,3,samsum,batch1_15b_3b_7b
Qwen/Qwen2.5-14B-Instruct,qwen25_14b,14.7,oasst1,templated,sglang_radix_attention_shadowkv_plus,46.22052154603915,0.2829317503323079,0.2500266156377295,,,,,21.63583268558194,0.11681277935104688,147.79432706344068,0.044044098785531595,0.4926477568781356,6324.110935090555,81.32805946297687,13.868183130335293,,,,,estimated,token_analogy,3,samsum,batch2_14b
Qwen/Qwen2.5-32B-Instruct,qwen25_32b,32.5,oasst1,templated,sglang_radix_attention,100.33964670669943,,,,,,,9.966150298725662,,147.71057223070156,,0.49236857410233853,14492.71470337254,,0.3208003745619097,,,,,estimated_32b_token_analogy,token_analogy,1,samsum,estimated
Qwen/Qwen2.5-32B-Instruct,qwen25_32b,32.5,oasst1,templated,sglang_radix_attention,100.33964670669943,,,,,,,9.966150298725662,,147.71057223070156,,0.49236857410233853,14492.71470337254,,0.3208003745619097,,,,,estimated_32b_token_analogy,token_analogy,1,samsum,estimated
Qwen/Qwen2.5-32B-Instruct,qwen25_32b,32.5,oasst1,templated,sglang_radix_attention,100.33964670669943,,,,,,,9.966150298725662,,147.71057223070156,,0.49236857410233853,14492.71470337254,,0.3208003745619097,,,,,estimated_32b_token_analogy,token_analogy,1,samsum,estimated
Qwen/Qwen2.5-32B-Instruct,qwen25_32b,32.5,oasst1,templated,lmcache_no_native_radix,100.66257261669745,,,,,,,9.934178851237947,,152.58757495019822,,0.508625249833994,14392.842983655468,,0.0,,,,,estimated_32b_token_analogy,token_analogy,1,samsum,estimated
Qwen/Qwen2.5-32B-Instruct,qwen25_32b,32.5,oasst1,templated,lmcache_no_native_radix,100.66257261669745,,,,,,,9.934178851237947,,152.58757495019822,,0.508625249833994,14392.842983655468,,0.0,,,,,estimated_32b_token_analogy,token_analogy,1,samsum,estimated
Qwen/Qwen2.5-32B-Instruct,qwen25_32b,32.5,oasst1,templated,lmcache_no_native_radix,100.66257261669745,,,,,,,9.934178851237947,,152.58757495019822,,0.508625249833994,14392.842983655468,,0.0,,,,,estimated_32b_token_analogy,token_analogy,1,samsum,estimated
Qwen/Qwen2.5-1.5B-Instruct,qwen25_15b,1.54,ultrachat,templated,sglang_radix_attention_shadowkv_plus,12.506173624470753,0.1373127989937324,0.12134323693195768,,,,,79.96554385154639,0.778486152414443,209.71350817529716,0.4193092775016794,0.5991814519294205,873.1259022229704,3.196810551751363,6.078394071487172,,,,,estimated,token_analogy,3,daily_dialog,batch1_15b_3b_7b
Qwen/Qwen2.5-3B-Instruct,qwen25_3b,3.09,ultrachat,templated,sglang_radix_attention_shadowkv_plus,16.793199354154314,0.12237858362142985,0.10814587989318007,,,,,59.54956709169364,0.3849193124356658,209.71350817529716,0.4193092775016794,0.5991814519294205,1548.7052858859972,9.443651367857557,6.606275342944123,,,,,estimated,token_analogy,3,daily_dialog,batch1_15b_3b_7b
Qwen/Qwen2.5-7B-Instruct,qwen25_7b,7.61,ultrachat,templated,sglang_radix_attention_shadowkv_plus,25.55101728837218,0.03164108371963922,0.027961206433140595,,,,,39.137416228399445,0.04284547712585706,209.71350817529716,0.4193092775016794,0.5991814519294205,3165.6271631201903,24.85292887813571,12.883147080622168,,,,,estimated,token_analogy,3,daily_dialog,batch1_15b_3b_7b
Qwen/Qwen2.5-14B-Instruct,qwen25_14b,14.7,ultrachat,templated,sglang_radix_attention_shadowkv_plus,49.42958183946902,0.06672476264267156,0.05896463215310252,,,,,20.230819506426688,0.024128175122574133,209.71350817529716,0.4193092775016794,0.5991814519294205,6348.278714506683,50.85485889143959,11.167233729272843,,,,,estimated,token_analogy,3,daily_dialog,batch2_14b
Qwen/Qwen2.5-32B-Instruct,qwen25_32b,32.5,ultrachat,templated,sglang_radix_attention,106.50500707012125,,,,,,,9.389229929270984,,209.29307829869046,,0.5979802237105442,14504.373460311159,,0.7601824216812471,,,,,estimated_32b_token_analogy,token_analogy,1,daily_dialog,estimated
Qwen/Qwen2.5-32B-Instruct,qwen25_32b,32.5,ultrachat,templated,sglang_radix_attention,106.50500707012125,,,,,,,9.389229929270984,,209.29307829869046,,0.5979802237105442,14504.373460311159,,0.7601824216812471,,,,,estimated_32b_token_analogy,token_analogy,1,daily_dialog,estimated
Qwen/Qwen2.5-32B-Instruct,qwen25_32b,32.5,ultrachat,templated,sglang_radix_attention,106.50500707012125,,,,,,,9.389229929270984,,209.29307829869046,,0.5979802237105442,14504.373460311159,,0.7601824216812471,,,,,estimated_32b_token_analogy,token_analogy,1,daily_dialog,estimated
Qwen/Qwen2.5-32B-Instruct,qwen25_32b,32.5,ultrachat,templated,lmcache_no_native_radix,107.32084124002839,,,,,,,9.31785465381743,,209.9642232393287,,0.5998977806837963,14614.488847953495,,0.0,,,,,estimated_32b_token_analogy,token_analogy,1,daily_dialog,estimated
Qwen/Qwen2.5-32B-Instruct,qwen25_32b,32.5,ultrachat,templated,lmcache_no_native_radix,107.32084124002839,,,,,,,9.31785465381743,,209.9642232393287,,0.5998977806837963,14614.488847953495,,0.0,,,,,estimated_32b_token_analogy,token_analogy,1,daily_dialog,estimated
Qwen/Qwen2.5-32B-Instruct,qwen25_32b,32.5,ultrachat,templated,lmcache_no_native_radix,107.32084124002839,,,,,,,9.31785465381743,,209.9642232393287,,0.5998977806837963,14614.488847953495,,0.0,,,,,estimated_32b_token_analogy,token_analogy,1,daily_dialog,estimated
Qwen/Qwen2.5-1.5B-Instruct,qwen25_15b,1.54,cnn_dailymail,templated,sglang_radix_attention_shadowkv_plus,12.329470098553973,0.1536096420781803,0.13574474725095834,,,,,81.11302671990846,0.8910728935750186,116.51950878103224,0.08054884417102423,0.2912987719525806,1100.888676806887,25.007321904667535,14.25881269996348,,,,,estimated,token_analogy,3,xsum,batch1_15b_3b_7b
Qwen/Qwen2.5-3B-Instruct,qwen25_3b,3.09,cnn_dailymail,templated,sglang_radix_attention_shadowkv_plus,17.313650426679477,0.15232239343983603,0.13460720641239401,,,,,57.76022348321346,0.4492889828920226,116.51950878103224,0.08054884417102423,0.2912987719525806,1994.7973860616332,46.29739841182703,13.899503137162888,,,,,estimated,token_analogy,3,xsum,batch1_15b_3b_7b
Qwen/Qwen2.5-7B-Instruct,qwen25_7b,7.61,cnn_dailymail,templated,sglang_radix_attention_shadowkv_plus,26.63999722480265,0.2259971561106593,0.19971354936211075,,,,,37.53894197964578,0.28022764184810256,116.51950878103224,0.08054884417102423,0.2912987719525806,3984.9816604599064,44.84908448729629,21.790707400131453,,,,,estimated,token_analogy,3,xsum,batch1_15b_3b_7b
Qwen/Qwen2.5-14B-Instruct,qwen25_14b,14.7,cnn_dailymail,templated,sglang_radix_attention_shadowkv_plus,51.75177761384565,0.4555679112208497,0.40258508598598947,,,,,19.323784025950943,0.1496836667569985,116.51950878103224,0.08054884417102423,0.2912987719525806,7817.939185968234,107.4163261715809,16.41087502186037,,,,,estimated,token_analogy,3,xsum,batch2_14b
Qwen/Qwen2.5-32B-Instruct,qwen25_32b,32.5,cnn_dailymail,templated,sglang_radix_attention,116.03595326056109,,,,,,,8.61801857011059,,116.51466852394833,,0.29128667130987085,17768.09619969301,,-0.5417666841287128,,,,,estimated_32b_token_analogy,token_analogy,1,xsum,estimated
Qwen/Qwen2.5-32B-Instruct,qwen25_32b,32.5,cnn_dailymail,templated,sglang_radix_attention,116.03595326056109,,,,,,,8.61801857011059,,116.51466852394833,,0.29128667130987085,17768.09619969301,,-0.5417666841287128,,,,,estimated_32b_token_analogy,token_analogy,1,xsum,estimated
Qwen/Qwen2.5-32B-Instruct,qwen25_32b,32.5,cnn_dailymail,templated,sglang_radix_attention,116.03595326056109,,,,,,,8.61801857011059,,116.51466852394833,,0.29128667130987085,17768.09619969301,,-0.5417666841287128,,,,,estimated_32b_token_analogy,token_analogy,1,xsum,estimated
Qwen/Qwen2.5-32B-Instruct,qwen25_32b,32.5,cnn_dailymail,templated,lmcache_no_native_radix,115.41069655669602,,,,,,,8.664708123555476,,125.02021028465406,,0.31255052571163516,17655.214159655625,,0.0,,,,,estimated_32b_token_analogy,token_analogy,1,xsum,estimated
Qwen/Qwen2.5-32B-Instruct,qwen25_32b,32.5,cnn_dailymail,templated,lmcache_no_native_radix,115.41069655669602,,,,,,,8.664708123555476,,125.02021028465406,,0.31255052571163516,17655.214159655625,,0.0,,,,,estimated_32b_token_analogy,token_analogy,1,xsum,estimated
Qwen/Qwen2.5-32B-Instruct,qwen25_32b,32.5,cnn_dailymail,templated,lmcache_no_native_radix,115.41069655669602,,,,,,,8.664708123555476,,125.02021028465406,,0.31255052571163516,17655.214159655625,,0.0,,,,,estimated_32b_token_analogy,token_analogy,1,xsum,estimated
Qwen/Qwen2.5-1.5B-Instruct,qwen25_15b,1.54,banking77,rag,lmcache_no_native_radix,10.346472568956806,0.07813825473422098,0.0690507281706276,,,,,96.6541773148252,0.6472266978865793,0.0,0.0,0.0,850.3271135213829,11.332965063701158,0.0,,,,,estimated,token_analogy,3,ag_news,batch1_15b_3b_7b
Qwen/Qwen2.5-3B-Instruct,qwen25_3b,3.09,banking77,rag,lmcache_no_native_radix,13.936556248136489,0.2516126377044797,0.22234993486254054,,,,,71.76588740008219,1.142342345087949,0.0,0.0,0.0,1567.4734019208342,14.716013324679233,0.0,,,,,estimated,token_analogy,3,ag_news,batch1_15b_3b_7b
Qwen/Qwen2.5-7B-Instruct,qwen25_7b,7.61,banking77,rag,lmcache_no_native_radix,23.22152580245842,0.05375797507995518,0.0475058898727061,,,,,43.06361267930851,0.08818843726046803,0.0,0.0,0.0,3292.6072846225275,21.6357363176327,0.0,,,,,estimated,token_analogy,3,ag_news,batch1_15b_3b_7b
Qwen/Qwen2.5-14B-Instruct,qwen25_14b,14.7,banking77,rag,lmcache_no_native_radix,44.6305897079234,0.11454841400786495,0.10122636376941661,,,,,22.406233913705467,0.05086674576990725,0.0,0.0,0.0,6433.499020782434,29.40576951924303,0.0,,,,,estimated,token_analogy,3,ag_news,batch2_14b
Qwen/Qwen2.5-32B-Instruct,qwen25_32b,32.5,banking77,rag,sglang_radix_attention,87.28669180661882,,,,,,,11.456500175484614,,112.72546402032438,,0.7515030934688292,11797.691057843193,,0.5630176366737492,,,,,estimated_32b_token_analogy,token_analogy,1,ag_news,estimated
Qwen/Qwen2.5-32B-Instruct,qwen25_32b,32.5,banking77,rag,sglang_radix_attention,87.28669180661882,,,,,,,11.456500175484614,,112.72546402032438,,0.7515030934688292,11797.691057843193,,0.5630176366737492,,,,,estimated_32b_token_analogy,token_analogy,1,ag_news,estimated
Qwen/Qwen2.5-32B-Instruct,qwen25_32b,32.5,banking77,rag,sglang_radix_attention,87.28669180661882,,,,,,,11.456500175484614,,112.72546402032438,,0.7515030934688292,11797.691057843193,,0.5630176366737492,,,,,estimated_32b_token_analogy,token_analogy,1,ag_news,estimated
Qwen/Qwen2.5-32B-Instruct,qwen25_32b,32.5,banking77,rag,lmcache_no_native_radix,87.78091383313274,,,,,,,11.39199805895108,,112.72546402032438,,0.7515030934688292,11807.240960060552,,0.0,,,,,estimated_32b_token_analogy,token_analogy,1,ag_news,estimated
Qwen/Qwen2.5-32B-Instruct,qwen25_32b,32.5,banking77,rag,lmcache_no_native_radix,87.78091383313274,,,,,,,11.39199805895108,,112.72546402032438,,0.7515030934688292,11807.240960060552,,0.0,,,,,estimated_32b_token_analogy,token_analogy,1,ag_news,estimated
Qwen/Qwen2.5-32B-Instruct,qwen25_32b,32.5,banking77,rag,lmcache_no_native_radix,87.78091383313274,,,,,,,11.39199805895108,,112.72546402032438,,0.7515030934688292,11807.240960060552,,0.0,,,,,estimated_32b_token_analogy,token_analogy,1,ag_news,estimated
Qwen/Qwen2.5-1.5B-Instruct,qwen25_15b,1.54,alpaca_eval,rag,lmcache_no_native_radix,12.537539321974156,0.06938487523125829,0.06131537202926873,,,,,79.76174091369107,0.39051744083938794,1.5829276126428842,1.3708555249005916,0.006331710450571537,1019.5613589490515,6.888548376526519,0.0,,,,,estimated,token_analogy,3,dolly,batch1_15b_3b_7b
Qwen/Qwen2.5-3B-Instruct,qwen25_3b,3.09,alpaca_eval,rag,lmcache_no_native_radix,17.02926137221645,0.37478001200757605,0.33119286860122227,,,,,58.73711000596478,1.1304612096383595,1.5829276126428842,1.3708555249005916,0.006331710450571537,1874.5635386199378,37.08602023664803,0.0,,,,,estimated,token_analogy,3,dolly,batch1_15b_3b_7b
Qwen/Qwen2.5-7B-Instruct,qwen25_7b,7.61,alpaca_eval,rag,lmcache_no_native_radix,27.805026700444756,0.25607838145392464,0.22629630989704141,,,,,35.966300916085636,0.29136999109117573,1.5829276126428842,1.3708555249005916,0.006331710450571537,3927.244225061001,52.701664346720804,0.0,,,,,estimated,token_analogy,3,dolly,batch1_15b_3b_7b
Qwen/Qwen2.5-14B-Instruct,qwen25_14b,14.7,alpaca_eval,rag,lmcache_no_native_radix,52.1660779139656,0.4876004184397779,0.4308921931273162,,,,,19.170413464709117,0.15763511948965173,1.5829276126428842,1.3708555249005916,0.006331710450571537,7559.200569196909,69.37823901528765,0.0,,,,,estimated,token_analogy,3,dolly,batch2_14b
Qwen/Qwen2.5-32B-Instruct,qwen25_32b,32.5,alpaca_eval,rag,sglang_radix_attention,99.37054408196042,,,,,,,10.06334431635198,,169.14292621852712,,0.6765717048741084,13559.203596349535,,0.6624441986200272,,,,,estimated_32b_token_analogy,token_analogy,1,dolly,estimated
Qwen/Qwen2.5-32B-Instruct,qwen25_32b,32.5,alpaca_eval,rag,sglang_radix_attention,99.37054408196042,,,,,,,10.06334431635198,,169.14292621852712,,0.6765717048741084,13559.203596349535,,0.6624441986200272,,,,,estimated_32b_token_analogy,token_analogy,1,dolly,estimated
Qwen/Qwen2.5-32B-Instruct,qwen25_32b,32.5,alpaca_eval,rag,sglang_radix_attention,99.37054408196042,,,,,,,10.06334431635198,,169.14292621852712,,0.6765717048741084,13559.203596349535,,0.6624441986200272,,,,,estimated_32b_token_analogy,token_analogy,1,dolly,estimated
Qwen/Qwen2.5-32B-Instruct,qwen25_32b,32.5,alpaca_eval,rag,lmcache_no_native_radix,100.03320826681744,,,,,,,9.996680275741145,,170.74285793638393,,0.6829714317455358,13593.232008282563,,0.0,,,,,estimated_32b_token_analogy,token_analogy,1,dolly,estimated
Qwen/Qwen2.5-32B-Instruct,qwen25_32b,32.5,alpaca_eval,rag,lmcache_no_native_radix,100.03320826681744,,,,,,,9.996680275741145,,170.74285793638393,,0.6829714317455358,13593.232008282563,,0.0,,,,,estimated_32b_token_analogy,token_analogy,1,dolly,estimated
Qwen/Qwen2.5-32B-Instruct,qwen25_32b,32.5,alpaca_eval,rag,lmcache_no_native_radix,100.03320826681744,,,,,,,9.996680275741145,,170.74285793638393,,0.6829714317455358,13593.232008282563,,0.0,,,,,estimated_32b_token_analogy,token_analogy,1,dolly,estimated
Qwen/Qwen2.5-1.5B-Instruct,qwen25_15b,1.54,oasst1,rag,lmcache_no_native_radix,12.915007455395473,0.12372453619413391,0.10933529736282369,,,,,77.43301644530557,0.6583166134558878,4.569443989438323,2.435233585245354,0.01523147996479441,1103.201249328413,21.289388585526787,0.0,,,,,estimated,token_analogy,3,samsum,batch1_15b_3b_7b
Qwen/Qwen2.5-3B-Instruct,qwen25_3b,3.09,oasst1,rag,lmcache_no_native_radix,17.687077230338396,0.45333994139066996,0.4006162304025191,,,,,56.55779048392689,1.2806676177893315,4.569443989438323,2.435233585245354,0.01523147996479441,1996.7222184245038,49.27114799746084,0.0,,,,,estimated,token_analogy,3,samsum,batch1_15b_3b_7b
Qwen/Qwen2.5-7B-Instruct,qwen25_7b,7.61,oasst1,rag,lmcache_no_native_radix,29.385854220353874,0.47252470183103956,0.41756979153198726,,,,,34.03455816077873,0.48340091178235356,4.569443989438323,2.435233585245354,0.01523147996479441,4125.682972774069,51.94212535802348,0.0,,,,,estimated,token_analogy,3,samsum,batch1_15b_3b_7b
Qwen/Qwen2.5-14B-Instruct,qwen25_14b,14.7,oasst1,rag,lmcache_no_native_radix,54.50816685081935,0.6042814861913325,0.5340031817125606,,,,,18.347044081716195,0.1790454539281017,4.569443989438323,2.435233585245354,0.01523147996479441,7996.564549364993,86.28399766794678,0.0,,,,,estimated,token_analogy,3,samsum,batch2_14b
Qwen/Qwen2.5-32B-Instruct,qwen25_32b,32.5,oasst1,rag,sglang_radix_attention,100.42421073502985,,,,,,,9.957758121082064,,163.46609199596742,,0.5448869733198914,14503.358625839326,,0.34573181187394486,,,,,estimated_32b_token_analogy,token_analogy,1,samsum,estimated
Qwen/Qwen2.5-32B-Instruct,qwen25_32b,32.5,oasst1,rag,sglang_radix_attention,100.42421073502985,,,,,,,9.957758121082064,,163.46609199596742,,0.5448869733198914,14503.358625839326,,0.34573181187394486,,,,,estimated_32b_token_analogy,token_analogy,1,samsum,estimated
Qwen/Qwen2.5-32B-Instruct,qwen25_32b,32.5,oasst1,rag,sglang_radix_attention,100.42421073502985,,,,,,,9.957758121082064,,163.46609199596742,,0.5448869733198914,14503.358625839326,,0.34573181187394486,,,,,estimated_32b_token_analogy,token_analogy,1,samsum,estimated
Qwen/Qwen2.5-32B-Instruct,qwen25_32b,32.5,oasst1,rag,lmcache_no_native_radix,100.7726137183109,,,,,,,9.923330983508022,,168.2648320029046,,0.5608827733430153,14440.626014168514,,0.0,,,,,estimated_32b_token_analogy,token_analogy,1,samsum,estimated
Qwen/Qwen2.5-32B-Instruct,qwen25_32b,32.5,oasst1,rag,lmcache_no_native_radix,100.7726137183109,,,,,,,9.923330983508022,,168.2648320029046,,0.5608827733430153,14440.626014168514,,0.0,,,,,estimated_32b_token_analogy,token_analogy,1,samsum,estimated
Qwen/Qwen2.5-32B-Instruct,qwen25_32b,32.5,oasst1,rag,lmcache_no_native_radix,100.7726137183109,,,,,,,9.923330983508022,,168.2648320029046,,0.5608827733430153,14440.626014168514,,0.0,,,,,estimated_32b_token_analogy,token_analogy,1,samsum,estimated
Qwen/Qwen2.5-1.5B-Instruct,qwen25_15b,1.54,ultrachat,rag,lmcache_no_native_radix,13.509945373451968,0.15985948729492078,0.14126773166669093,,,,,74.02492207806299,0.7714549385343683,3.9497265472044196,1.7102817639404122,0.011284932992012628,1114.507981424089,17.810570463872835,0.0,,,,,estimated,token_analogy,3,daily_dialog,batch1_15b_3b_7b
Qwen/Qwen2.5-3B-Instruct,qwen25_3b,3.09,ultrachat,rag,lmcache_no_native_radix,18.437506433716127,0.16733593544057704,0.14787466434446173,,,,,54.23959607502324,0.4351866413044986,3.9497265472044196,1.7102817639404122,0.011284932992012628,2029.4641659455222,10.164245301161221,0.0,,,,,estimated,token_analogy,3,daily_dialog,batch1_15b_3b_7b
Qwen/Qwen2.5-7B-Instruct,qwen25_7b,7.61,ultrachat,rag,lmcache_no_native_radix,30.01694336524433,0.15069771958526149,0.1331714831155308,,,,,33.3149551370566,0.1477974947433762,3.9497265472044196,1.7102817639404122,0.011284932992012628,4214.950393194676,33.527193593730246,0.0,,,,,estimated,token_analogy,3,daily_dialog,batch1_15b_3b_7b
Qwen/Qwen2.5-14B-Instruct,qwen25_14b,14.7,ultrachat,rag,lmcache_no_native_radix,56.68546619029265,0.25655396206027464,0.22671658018953766,,,,,17.641394080537207,0.07044732152358453,3.9497265472044196,1.7102817639404122,0.011284932992012628,8209.759194126986,32.94295979305506,0.0,,,,,estimated,token_analogy,3,daily_dialog,batch2_14b
Qwen/Qwen2.5-32B-Instruct,qwen25_32b,32.5,ultrachat,rag,sglang_radix_attention,106.59142861279146,,,,,,,9.381617387197634,,231.4235041430121,,0.6612100118371774,14615.093991122007,,0.6596295294188399,,,,,estimated_32b_token_analogy,token_analogy,1,daily_dialog,estimated
Qwen/Qwen2.5-32B-Instruct,qwen25_32b,32.5,ultrachat,rag,sglang_radix_attention,106.59142861279146,,,,,,,9.381617387197634,,231.4235041430121,,0.6612100118371774,14615.093991122007,,0.6596295294188399,,,,,estimated_32b_token_analogy,token_analogy,1,daily_dialog,estimated
Qwen/Qwen2.5-32B-Instruct,qwen25_32b,32.5,ultrachat,rag,sglang_radix_attention,106.59142861279146,,,,,,,9.381617387197634,,231.4235041430121,,0.6612100118371774,14615.093991122007,,0.6596295294188399,,,,,estimated_32b_token_analogy,token_analogy,1,daily_dialog,estimated
Qwen/Qwen2.5-32B-Instruct,qwen25_32b,32.5,ultrachat,rag,lmcache_no_native_radix,107.29920585947245,,,,,,,9.319733468574588,,232.00786309994712,,0.6628796088569917,14674.408356149377,,0.0,,,,,estimated_32b_token_analogy,token_analogy,1,daily_dialog,estimated
Qwen/Qwen2.5-32B-Instruct,qwen25_32b,32.5,ultrachat,rag,lmcache_no_native_radix,107.29920585947245,,,,,,,9.319733468574588,,232.00786309994712,,0.6628796088569917,14674.408356149377,,0.0,,,,,estimated_32b_token_analogy,token_analogy,1,daily_dialog,estimated
Qwen/Qwen2.5-32B-Instruct,qwen25_32b,32.5,ultrachat,rag,lmcache_no_native_radix,107.29920585947245,,,,,,,9.319733468574588,,232.00786309994712,,0.6628796088569917,14674.408356149377,,0.0,,,,,estimated_32b_token_analogy,token_analogy,1,daily_dialog,estimated
Qwen/Qwen2.5-1.5B-Instruct,qwen25_15b,1.54,cnn_dailymail,rag,lmcache_no_native_radix,14.44178124474581,0.15349602595276646,0.13564434475005227,,,,,69.24761031063115,0.6506797759638093,7.744411334260441,0.5365485562260542,0.019361028335651103,1291.6014242501565,11.128864235953428,0.0,,,,,estimated,token_analogy,3,xsum,batch1_15b_3b_7b
Qwen/Qwen2.5-3B-Instruct,qwen25_3b,3.09,cnn_dailymail,rag,lmcache_no_native_radix,20.52694877457596,0.07903948514592218,0.06984714493715449,,,,,48.71682204266344,0.16558744372352113,7.744411334260441,0.5365485562260542,0.019361028335651103,2402.1626602351434,21.779489250455384,0.0,,,,,estimated,token_analogy,3,xsum,batch1_15b_3b_7b
Qwen/Qwen2.5-7B-Instruct,qwen25_7b,7.61,cnn_dailymail,rag,lmcache_no_native_radix,34.57588526068225,0.4214393326005833,0.3724256818225148,,,,,28.9241385220839,0.31293043028778844,7.744411334260441,0.5365485562260542,0.019361028335651103,4873.015563402995,38.98087282723404,0.0,,,,,estimated,token_analogy,3,xsum,batch1_15b_3b_7b
Qwen/Qwen2.5-14B-Instruct,qwen25_14b,14.7,cnn_dailymail,rag,lmcache_no_native_radix,62.912340590424144,0.4361014129834947,0.3853825533367298,,,,,15.895531486798617,0.09765936868058497,7.744411334260441,0.5365485562260542,0.019361028335651103,9538.676289113753,94.7713742676413,0.0,,,,,estimated,token_analogy,3,xsum,batch2_14b
Qwen/Qwen2.5-32B-Instruct,qwen25_32b,32.5,cnn_dailymail,rag,sglang_radix_attention,116.3136520080186,,,,,,,8.5974430579401,,130.40015603342312,,0.3260003900835578,17831.768250317036,,-0.15651787064046155,,,,,estimated_32b_token_analogy,token_analogy,1,xsum,estimated
Qwen/Qwen2.5-32B-Instruct,qwen25_32b,32.5,cnn_dailymail,rag,sglang_radix_attention,116.3136520080186,,,,,,,8.5974430579401,,130.40015603342312,,0.3260003900835578,17831.768250317036,,-0.15651787064046155,,,,,estimated_32b_token_analogy,token_analogy,1,xsum,estimated
Qwen/Qwen2.5-32B-Instruct,qwen25_32b,32.5,cnn_dailymail,rag,sglang_radix_attention,116.3136520080186,,,,,,,8.5974430579401,,130.40015603342312,,0.3260003900835578,17831.768250317036,,-0.15651787064046155,,,,,estimated_32b_token_analogy,token_analogy,1,xsum,estimated
Qwen/Qwen2.5-32B-Instruct,qwen25_32b,32.5,cnn_dailymail,rag,lmcache_no_native_radix,116.13188485470937,,,,,,,8.610899592743914,,140.00201602363506,,0.35000504005908767,17606.18543327362,,0.0,,,,,estimated_32b_token_analogy,token_analogy,1,xsum,estimated
Qwen/Qwen2.5-32B-Instruct,qwen25_32b,32.5,cnn_dailymail,rag,lmcache_no_native_radix,116.13188485470937,,,,,,,8.610899592743914,,140.00201602363506,,0.35000504005908767,17606.18543327362,,0.0,,,,,estimated_32b_token_analogy,token_analogy,1,xsum,estimated
Qwen/Qwen2.5-32B-Instruct,qwen25_32b,32.5,cnn_dailymail,rag,lmcache_no_native_radix,116.13188485470937,,,,,,,8.610899592743914,,140.00201602363506,,0.35000504005908767,17606.18543327362,,0.0,,,,,estimated_32b_token_analogy,token_analogy,1,xsum,estimated
Qwen/Qwen2.5-1.5B-Instruct,qwen25_15b,1.54,banking77,templated,lmcache_no_native_radix,10.346265224158032,0.10867940941530582,0.09603992798157607,,,,,96.65880568137426,0.9002558241366794,0.0,0.0,0.0,846.1421502253611,1.0697227215715777,0.0,,,,,estimated,token_analogy,3,ag_news,batch1_15b_3b_7b
Qwen/Qwen2.5-3B-Instruct,qwen25_3b,3.09,banking77,templated,lmcache_no_native_radix,13.954922673791454,0.04162184141566831,0.03678119593699594,,,,,71.65963264180333,0.18891530598507275,0.0,0.0,0.0,1541.6548118336116,18.531988466203337,0.0,,,,,estimated,token_analogy,3,ag_news,batch1_15b_3b_7b
Qwen/Qwen2.5-7B-Instruct,qwen25_7b,7.61,banking77,templated,lmcache_no_native_radix,23.209413958981585,0.045232186110313835,0.039971655347181036,,,,,43.08605031454819,0.0742129192241434,0.0,0.0,0.0,3309.161844511324,14.992867463205297,0.0,,,,,estimated,token_analogy,3,ag_news,batch1_15b_3b_7b
Qwen/Qwen2.5-14B-Instruct,qwen25_14b,14.7,banking77,templated,lmcache_no_native_radix,44.31264452951655,0.1306827178424168,0.11548423825217029,,,,,22.567024257990127,0.05876174266206186,0.0,0.0,0.0,6382.123916398929,29.933724060449492,0.0,,,,,estimated,token_analogy,3,ag_news,batch2_14b
Qwen/Qwen2.5-32B-Instruct,qwen25_32b,32.5,banking77,templated,sglang_radix_attention,86.9911454827196,,,,,,,11.495422832415118,,103.20180730585764,,0.6880120487057176,11787.394905916035,,0.6835677004292297,,,,,estimated_32b_token_analogy,token_analogy,1,ag_news,estimated
Qwen/Qwen2.5-32B-Instruct,qwen25_32b,32.5,banking77,templated,sglang_radix_attention,86.9911454827196,,,,,,,11.495422832415118,,103.20180730585764,,0.6880120487057176,11787.394905916035,,0.6835677004292297,,,,,estimated_32b_token_analogy,token_analogy,1,ag_news,estimated
Qwen/Qwen2.5-32B-Instruct,qwen25_32b,32.5,banking77,templated,sglang_radix_attention,86.9911454827196,,,,,,,11.495422832415118,,103.20180730585764,,0.6880120487057176,11787.394905916035,,0.6835677004292297,,,,,estimated_32b_token_analogy,token_analogy,1,ag_news,estimated
Qwen/Qwen2.5-32B-Instruct,qwen25_32b,32.5,banking77,templated,lmcache_no_native_radix,87.58988162233408,,,,,,,11.416843834904961,,103.20180730585764,,0.6880120487057176,11803.50495226596,,0.0,,,,,estimated_32b_token_analogy,token_analogy,1,ag_news,estimated
Qwen/Qwen2.5-32B-Instruct,qwen25_32b,32.5,banking77,templated,lmcache_no_native_radix,87.58988162233408,,,,,,,11.416843834904961,,103.20180730585764,,0.6880120487057176,11803.50495226596,,0.0,,,,,estimated_32b_token_analogy,token_analogy,1,ag_news,estimated
Qwen/Qwen2.5-32B-Instruct,qwen25_32b,32.5,banking77,templated,lmcache_no_native_radix,87.58988162233408,,,,,,,11.416843834904961,,103.20180730585764,,0.6880120487057176,11803.50495226596,,0.0,,,,,estimated_32b_token_analogy,token_analogy,1,ag_news,estimated
Qwen/Qwen2.5-1.5B-Instruct,qwen25_15b,1.54,alpaca_eval,templated,lmcache_no_native_radix,12.435584755191371,0.2048935794472985,0.18106433150376083,,,,,80.42572835473659,1.1678105571788922,3.1658552252857683,0.6854277624502958,0.012663420901143073,1021.1650162885937,13.043253267097587,0.0,,,,,estimated,token_analogy,3,dolly,batch1_15b_3b_7b
Qwen/Qwen2.5-3B-Instruct,qwen25_3b,3.09,alpaca_eval,templated,lmcache_no_native_radix,16.853719360252203,0.1004016047599045,0.08872483704367543,,,,,59.33518253583122,0.3130131548185697,3.1658552252857683,0.6854277624502958,0.012663420901143073,1847.3831578078536,8.966483492191765,0.0,,,,,estimated,token_analogy,3,dolly,batch1_15b_3b_7b
Qwen/Qwen2.5-7B-Instruct,qwen25_7b,7.61,alpaca_eval,templated,lmcache_no_native_radix,27.625745194748443,0.027961105213472285,0.02470921166607807,,,,,36.1981378803528,0.03239320256007199,3.1658552252857683,0.6854277624502958,0.012663420901143073,3872.621793581695,20.340059992780223,0.0,,,,,estimated,token_analogy,3,dolly,batch1_15b_3b_7b
Qwen/Qwen2.5-14B-Instruct,qwen25_14b,14.7,alpaca_eval,templated,lmcache_no_native_radix,51.45450713642664,0.0936639088800278,0.08277073929372954,,,,,19.434676947901508,0.031237671708185616,3.1658552252857683,0.6854277624502958,0.012663420901143073,7438.490034277219,17.34785551058099,0.0,,,,,estimated,token_analogy,3,dolly,batch2_14b
Qwen/Qwen2.5-32B-Instruct,qwen25_32b,32.5,alpaca_eval,templated,sglang_radix_attention,99.05574414384245,,,,,,,10.095325704159706,,147.85687814617114,,0.5914275125846845,13601.082103936713,,0.6486175380906615,,,,,estimated_32b_token_analogy,token_analogy,1,dolly,estimated
Qwen/Qwen2.5-32B-Instruct,qwen25_32b,32.5,alpaca_eval,templated,sglang_radix_attention,99.05574414384245,,,,,,,10.095325704159706,,147.85687814617114,,0.5914275125846845,13601.082103936713,,0.6486175380906615,,,,,estimated_32b_token_analogy,token_analogy,1,dolly,estimated
Qwen/Qwen2.5-32B-Instruct,qwen25_32b,32.5,alpaca_eval,templated,sglang_radix_attention,99.05574414384245,,,,,,,10.095325704159706,,147.85687814617114,,0.5914275125846845,13601.082103936713,,0.6486175380906615,,,,,estimated_32b_token_analogy,token_analogy,1,dolly,estimated
Qwen/Qwen2.5-32B-Instruct,qwen25_32b,32.5,alpaca_eval,templated,lmcache_no_native_radix,99.70243160111009,,,,,,,10.029845651115153,,149.70723395899685,,0.5988289358359874,13648.6118305875,,0.0,,,,,estimated_32b_token_analogy,token_analogy,1,dolly,estimated
Qwen/Qwen2.5-32B-Instruct,qwen25_32b,32.5,alpaca_eval,templated,lmcache_no_native_radix,99.70243160111009,,,,,,,10.029845651115153,,149.70723395899685,,0.5988289358359874,13648.6118305875,,0.0,,,,,estimated_32b_token_analogy,token_analogy,1,dolly,estimated
Qwen/Qwen2.5-32B-Instruct,qwen25_32b,32.5,alpaca_eval,templated,lmcache_no_native_radix,99.70243160111009,,,,,,,10.029845651115153,,149.70723395899685,,0.5988289358359874,13648.6118305875,,0.0,,,,,estimated_32b_token_analogy,token_analogy,1,dolly,estimated
Qwen/Qwen2.5-1.5B-Instruct,qwen25_15b,1.54,oasst1,templated,lmcache_no_native_radix,12.944064368236536,0.2492967146544113,0.2203033550721638,,,,,77.2702998633264,1.3055127556049737,3.8664526064478117,1.6107556127278544,0.012888175354826038,1087.8492225523496,8.48627923853809,0.0,,,,,estimated,token_analogy,3,samsum,batch1_15b_3b_7b
Qwen/Qwen2.5-3B-Instruct,qwen25_3b,3.09,oasst1,templated,lmcache_no_native_radix,17.582370155728025,0.2080017348295646,0.18381100652411983,,,,,56.87929417776744,0.5941352294809918,3.8664526064478117,1.6107556127278544,0.012888175354826038,1984.3588173370822,28.82379001098057,0.0,,,,,estimated,token_analogy,3,samsum,batch1_15b_3b_7b
Qwen/Qwen2.5-7B-Instruct,qwen25_7b,7.61,oasst1,templated,lmcache_no_native_radix,28.860948298800025,0.35656022346438127,0.3150920525502147,,,,,34.651645168300234,0.37770458374010074,3.8664526064478117,1.6107556127278544,0.012888175354826038,4046.4487322867344,62.1609349686165,0.0,,,,,estimated,token_analogy,3,samsum,batch1_15b_3b_7b
Qwen/Qwen2.5-14B-Instruct,qwen25_14b,14.7,oasst1,templated,lmcache_no_native_radix,53.662541005004435,0.5149687079846187,0.45507753394768374,,,,,18.63586359270955,0.15753756381027034,3.8664526064478117,1.6107556127278544,0.012888175354826038,7874.070291651125,102.43002547527787,0.0,,,,,estimated,token_analogy,3,samsum,batch2_14b
Qwen/Qwen2.5-32B-Instruct,qwen25_32b,32.5,oasst1,templated,sglang_radix_attention,100.33964670669943,,,,,,,9.966150298725662,,147.71057223070156,,0.49236857410233853,14492.71470337254,,0.3208003745619097,,,,,estimated_32b_token_analogy,token_analogy,1,samsum,estimated
Qwen/Qwen2.5-32B-Instruct,qwen25_32b,32.5,oasst1,templated,sglang_radix_attention,100.33964670669943,,,,,,,9.966150298725662,,147.71057223070156,,0.49236857410233853,14492.71470337254,,0.3208003745619097,,,,,estimated_32b_token_analogy,token_analogy,1,samsum,estimated
Qwen/Qwen2.5-32B-Instruct,qwen25_32b,32.5,oasst1,templated,sglang_radix_attention,100.33964670669943,,,,,,,9.966150298725662,,147.71057223070156,,0.49236857410233853,14492.71470337254,,0.3208003745619097,,,,,estimated_32b_token_analogy,token_analogy,1,samsum,estimated
Qwen/Qwen2.5-32B-Instruct,qwen25_32b,32.5,oasst1,templated,lmcache_no_native_radix,100.66257261669745,,,,,,,9.934178851237947,,152.58757495019822,,0.508625249833994,14392.842983655468,,0.0,,,,,estimated_32b_token_analogy,token_analogy,1,samsum,estimated
Qwen/Qwen2.5-32B-Instruct,qwen25_32b,32.5,oasst1,templated,lmcache_no_native_radix,100.66257261669745,,,,,,,9.934178851237947,,152.58757495019822,,0.508625249833994,14392.842983655468,,0.0,,,,,estimated_32b_token_analogy,token_analogy,1,samsum,estimated
Qwen/Qwen2.5-32B-Instruct,qwen25_32b,32.5,oasst1,templated,lmcache_no_native_radix,100.66257261669745,,,,,,,9.934178851237947,,152.58757495019822,,0.508625249833994,14392.842983655468,,0.0,,,,,estimated_32b_token_analogy,token_analogy,1,samsum,estimated
Qwen/Qwen2.5-1.5B-Instruct,qwen25_15b,1.54,ultrachat,templated,lmcache_no_native_radix,13.315544917310783,0.02876587911102935,0.025420389869738307,,,,,75.10037588046262,0.14329113284703615,0.49371581840055245,0.8551408819702062,0.0014106166240015784,1094.9834064552495,9.58140494443491,0.0,,,,,estimated,token_analogy,3,daily_dialog,batch1_15b_3b_7b
Qwen/Qwen2.5-3B-Instruct,qwen25_3b,3.09,ultrachat,templated,lmcache_no_native_radix,17.981078938461195,0.22362800928438337,0.19761993575307987,,,,,55.61846945625802,0.607910192006572,0.49371581840055245,0.8551408819702062,0.0014106166240015784,2000.8287605908115,11.67359422129027,0.0,,,,,estimated,token_analogy,3,daily_dialog,batch1_15b_3b_7b
Qwen/Qwen2.5-7B-Instruct,qwen25_7b,7.61,ultrachat,templated,lmcache_no_native_radix,29.329591728960104,0.14533746235120548,0.12843462705888609,,,,,34.09569417180773,0.14937343378805246,0.49371581840055245,0.8551408819702062,0.0014106166240015784,4146.784326133794,7.729982188910493,0.0,,,,,estimated,token_analogy,3,daily_dialog,batch1_15b_3b_7b
Qwen/Qwen2.5-14B-Instruct,qwen25_14b,14.7,ultrachat,templated,lmcache_no_native_radix,55.64341167630331,0.1569127714849433,0.13866372069814628,,,,,17.97165402622266,0.04482233784632801,0.9874316368011049,0.8551408819702062,0.002821233248003157,8057.728168761409,35.44753189291185,0.0,,,,,estimated,token_analogy,3,daily_dialog,batch2_14b
Qwen/Qwen2.5-32B-Instruct,qwen25_32b,32.5,ultrachat,templated,sglang_radix_attention,106.50500707012125,,,,,,,9.389229929270984,,209.29307829869046,,0.5979802237105442,14504.373460311159,,0.7601824216812471,,,,,estimated_32b_token_analogy,token_analogy,1,daily_dialog,estimated
Qwen/Qwen2.5-32B-Instruct,qwen25_32b,32.5,ultrachat,templated,sglang_radix_attention,106.50500707012125,,,,,,,9.389229929270984,,209.29307829869046,,0.5979802237105442,14504.373460311159,,0.7601824216812471,,,,,estimated_32b_token_analogy,token_analogy,1,daily_dialog,estimated
Qwen/Qwen2.5-32B-Instruct,qwen25_32b,32.5,ultrachat,templated,sglang_radix_attention,106.50500707012125,,,,,,,9.389229929270984,,209.29307829869046,,0.5979802237105442,14504.373460311159,,0.7601824216812471,,,,,estimated_32b_token_analogy,token_analogy,1,daily_dialog,estimated
Qwen/Qwen2.5-32B-Instruct,qwen25_32b,32.5,ultrachat,templated,lmcache_no_native_radix,107.32084124002839,,,,,,,9.31785465381743,,209.9642232393287,,0.5998977806837963,14614.488847953495,,0.0,,,,,estimated_32b_token_analogy,token_analogy,1,daily_dialog,estimated
Qwen/Qwen2.5-32B-Instruct,qwen25_32b,32.5,ultrachat,templated,lmcache_no_native_radix,107.32084124002839,,,,,,,9.31785465381743,,209.9642232393287,,0.5998977806837963,14614.488847953495,,0.0,,,,,estimated_32b_token_analogy,token_analogy,1,daily_dialog,estimated
Qwen/Qwen2.5-32B-Instruct,qwen25_32b,32.5,ultrachat,templated,lmcache_no_native_radix,107.32084124002839,,,,,,,9.31785465381743,,209.9642232393287,,0.5998977806837963,14614.488847953495,,0.0,,,,,estimated_32b_token_analogy,token_analogy,1,daily_dialog,estimated
Qwen/Qwen2.5-1.5B-Instruct,qwen25_15b,1.54,cnn_dailymail,templated,lmcache_no_native_radix,14.379868633506456,0.2138574490325639,0.188985697602792,,,,,69.54973089141642,0.9206575087750033,6.815081974149187,2.3387609348920226,0.017037704935372967,1274.5526291351568,3.915051951351007,0.0,,,,,estimated,token_analogy,3,xsum,batch1_15b_3b_7b
Qwen/Qwen2.5-3B-Instruct,qwen25_3b,3.09,cnn_dailymail,templated,lmcache_no_native_radix,20.10865332665976,0.1318793516383549,0.11654170280962886,,,,,49.7309512170027,0.2890509623940052,6.815081974149187,2.3387609348920226,0.017037704935372967,2344.454748061878,34.925182407145364,0.0,,,,,estimated,token_analogy,3,xsum,batch1_15b_3b_7b
Qwen/Qwen2.5-7B-Instruct,qwen25_7b,7.61,cnn_dailymail,templated,lmcache_no_native_radix,34.062444933618316,0.5690854043535298,0.5029004256052002,,,,,29.36208108796334,0.4303182087747328,6.815081974149187,2.3387609348920226,0.017037704935372967,4797.312585128507,52.430447329478085,0.0,,,,,estimated,token_analogy,3,xsum,batch1_15b_3b_7b
Qwen/Qwen2.5-14B-Instruct,qwen25_14b,14.7,cnn_dailymail,templated,lmcache_no_native_radix,61.91209398038305,0.5054642232305981,0.44667842655292483,,,,,16.152494553626248,0.11673187884528768,6.815081974149187,2.3387609348920226,0.017037704935372967,9381.15644096446,83.11900509922604,0.0,,,,,estimated,token_analogy,3,xsum,batch2_14b
Qwen/Qwen2.5-32B-Instruct,qwen25_32b,32.5,cnn_dailymail,templated,sglang_radix_attention,116.03595326056109,,,,,,,8.61801857011059,,116.51466852394833,,0.29128667130987085,17768.09619969301,,-0.5417666841287128,,,,,estimated_32b_token_analogy,token_analogy,1,xsum,estimated
Qwen/Qwen2.5-32B-Instruct,qwen25_32b,32.5,cnn_dailymail,templated,sglang_radix_attention,116.03595326056109,,,,,,,8.61801857011059,,116.51466852394833,,0.29128667130987085,17768.09619969301,,-0.5417666841287128,,,,,estimated_32b_token_analogy,token_analogy,1,xsum,estimated
Qwen/Qwen2.5-32B-Instruct,qwen25_32b,32.5,cnn_dailymail,templated,sglang_radix_attention,116.03595326056109,,,,,,,8.61801857011059,,116.51466852394833,,0.29128667130987085,17768.09619969301,,-0.5417666841287128,,,,,estimated_32b_token_analogy,token_analogy,1,xsum,estimated
Qwen/Qwen2.5-32B-Instruct,qwen25_32b,32.5,cnn_dailymail,templated,lmcache_no_native_radix,115.41069655669602,,,,,,,8.664708123555476,,125.02021028465406,,0.31255052571163516,17655.214159655625,,0.0,,,,,estimated_32b_token_analogy,token_analogy,1,xsum,estimated
Qwen/Qwen2.5-32B-Instruct,qwen25_32b,32.5,cnn_dailymail,templated,lmcache_no_native_radix,115.41069655669602,,,,,,,8.664708123555476,,125.02021028465406,,0.31255052571163516,17655.214159655625,,0.0,,,,,estimated_32b_token_analogy,token_analogy,1,xsum,estimated
Qwen/Qwen2.5-32B-Instruct,qwen25_32b,32.5,cnn_dailymail,templated,lmcache_no_native_radix,115.41069655669602,,,,,,,8.664708123555476,,125.02021028465406,,0.31255052571163516,17655.214159655625,,0.0,,,,,estimated_32b_token_analogy,token_analogy,1,xsum,estimated
