original_snapshot_path,preserved_at,sha256,bytes
incoming_p100/blackwell_semantic_n128_package/blackwell_semantic_n128/README.md,reproduction_packages/historical_transfers/ShadowKV-Blackwell-semantic-n128-source-20260704/shadowkv_blackwell_semantic_n128_repo/blackwell_semantic_n128/README.md,fb9840ee4cdb7e70b5308a213cef9b93feee6e4605b7d552128d537c24c8281a,13266
incoming_p100/learned_baseline_memory_bound_fixed_4models_extracted/memory_bound_fixed_gemma2b.log,reproduction_packages/historical_transfers/ShadowKV-P100-learned-admission-memory-fixed-four-models/memory_bound_fixed_gemma2b.log,cd367e65eee84d9eaddbbd1daba2ea6449a0d5145eb7dde6c9a77d9cb5530858,3835
incoming_p100/learned_baseline_memory_bound_fixed_4models_extracted/memory_bound_fixed_gpt2.log,reproduction_packages/historical_transfers/ShadowKV-P100-learned-admission-memory-fixed-four-models/memory_bound_fixed_gpt2.log,7472e08c9cafc4a9dfc1318c29a61bf633684db4d3385c98163b6116e25236da,2615
incoming_p100/learned_baseline_memory_bound_fixed_4models_extracted/memory_bound_fixed_qwen25_15b.log,reproduction_packages/historical_transfers/ShadowKV-P100-learned-admission-memory-fixed-four-models/memory_bound_fixed_qwen25_15b.log,67f06cf03afc0b7409c5a311ce10b6386e6b35cc13c6a7ec2f76ebec0236f93a,2654
incoming_p100/learned_baseline_memory_bound_fixed_4models_extracted/memory_bound_fixed_tinyllama_11b.log,reproduction_packages/historical_transfers/ShadowKV-P100-learned-admission-memory-fixed-four-models/memory_bound_fixed_tinyllama_11b.log,b045a819fcb8da0ea7596839c855df1c89ee61e56fff50132fbcc5eb8a93ad67,2683
incoming_p100/learned_baseline_memory_bound_fixed_4models_extracted/results/learned_baseline_5seed_all_models/gemma2b/memory_bound_fixed/memory_bound_aggregate.json,reproduction_packages/historical_transfers/ShadowKV-P100-learned-admission-memory-fixed-four-models/results/learned_baseline_5seed_all_models/gemma2b/memory_bound_fixed/memory_bound_aggregate.json,86109fbf02291e6a4359d6684bf70a3dd95ba7ff4ee2612e308b139d941c38c5,201676
incoming_p100/learned_baseline_memory_bound_fixed_4models_extracted/results/learned_baseline_5seed_all_models/gpt2/memory_bound_fixed/memory_bound_aggregate.json,reproduction_packages/historical_transfers/ShadowKV-P100-learned-admission-memory-fixed-four-models/results/learned_baseline_5seed_all_models/gpt2/memory_bound_fixed/memory_bound_aggregate.json,03846ae37486a0fb7d1884b0a3fc396b5f3b066f18eab52cf2c21fbd2c411230,199654
incoming_p100/learned_baseline_memory_bound_fixed_4models_extracted/results/learned_baseline_5seed_all_models/qwen25_15b/memory_bound_fixed/memory_bound_aggregate.json,reproduction_packages/historical_transfers/ShadowKV-P100-learned-admission-memory-fixed-four-models/results/learned_baseline_5seed_all_models/qwen25_15b/memory_bound_fixed/memory_bound_aggregate.json,cdce693e1947b83b64a68ba29aea12e8bf2cdd0ee3741c9d585a87b90f03e9da,199939
incoming_p100/learned_baseline_memory_bound_fixed_4models_extracted/results/learned_baseline_5seed_all_models/tinyllama_11b/memory_bound_fixed/memory_bound_aggregate.json,reproduction_packages/historical_transfers/ShadowKV-P100-learned-admission-memory-fixed-four-models/results/learned_baseline_5seed_all_models/tinyllama_11b/memory_bound_fixed/memory_bound_aggregate.json,a474298ebb122c0dfdb956a9a95b80ad4f79efe7c263af2b18bd6a0fadd73b6f,207422
incoming_p100/learned_baseline_phase123_code_package/shadowkv_phase123/README_PHASE123.md,reproduction_packages/historical_transfers/ShadowKV-P100-learned-admission-phase123-code/shadowkv_phase123/README_PHASE123.md,ea479feaa1f6d211aec6ca721cbce0983b9cec07c429f8efc9da1f6eebfba361,2371
incoming_p100/learned_baseline_results_extracted/results/learned_baseline/learned_policy.json,reproduction_packages/historical_transfers/ShadowKV-P100-learned-admission-results/results/learned_baseline/learned_policy.json,b1cb63a7d9b7bfb0f88d31d95dbce0a3399310596a57af0a172883728c8a1a75,2690
incoming_p100/learned_baseline_results_extracted/results/learned_baseline/learned_policy_raw.json,reproduction_packages/historical_transfers/ShadowKV-P100-learned-admission-results/results/learned_baseline/learned_policy_raw.json,9d128e31bd120a906e1fcd5bf1391821bf584ba093e1043cf9dc80887b6ef743,2168
incoming_p100/learned_baseline_results_extracted/results/learned_baseline/phase3_summary.json,reproduction_packages/historical_transfers/ShadowKV-P100-learned-admission-results/results/learned_baseline/phase3_summary.json,ff3c7584233c7d17c5c3bc9da3732acfa07a80473c3d515e3891cb20f3800a96,3978
incoming_p100/learned_baseline_results_extracted/results/learned_baseline/phase3_summary_raw.json,reproduction_packages/historical_transfers/ShadowKV-P100-learned-admission-results/results/learned_baseline/phase3_summary_raw.json,0e236b7797d778c244c5356f814e62c18fce684d4f260904a8ab022e13b1af3c,1852
incoming_p100/learned_baseline_results_extracted/results/learned_baseline/phase3_summary_utility.json,reproduction_packages/historical_transfers/ShadowKV-P100-learned-admission-results/results/learned_baseline/phase3_summary_utility.json,1ae3d10043133e94eaedb507a7ada13e825cdeb197f6d45365594ff05fe4a233,1854
incoming_p100/learned_baseline_results_extracted/results/learned_baseline/test/Qwen_Qwen2.5-1.5B-Instruct/semantic/seed_456/alpaca_eval/benchmark_hf_Qwen_Qwen2.5-1.5B-Instruct_public_dataset_alpaca_eval_semantic_cuda.json,reproduction_packages/historical_transfers/ShadowKV-P100-learned-admission-results/results/learned_baseline/test/Qwen_Qwen2.5-1.5B-Instruct/semantic/seed_456/alpaca_eval/benchmark_hf_Qwen_Qwen2.5-1.5B-Instruct_public_dataset_alpaca_eval_semantic_cuda.json,51f321039a53ae0fed7acc7fa55b538b8b1da2ea94a903927c0c9530137f3948,22346
incoming_p100/learned_baseline_results_extracted/results/learned_baseline/test/Qwen_Qwen2.5-1.5B-Instruct/semantic/seed_456/alpaca_eval/policy_trace.jsonl,reproduction_packages/historical_transfers/ShadowKV-P100-learned-admission-results/results/learned_baseline/test/Qwen_Qwen2.5-1.5B-Instruct/semantic/seed_456/alpaca_eval/policy_trace.jsonl,2e5b8f689e7ba422d06e75dc0d0702e591bf98f421eff41b2ca9658d2f66fcfc,1140165
incoming_p100/learned_baseline_results_extracted/results/learned_baseline/test/Qwen_Qwen2.5-1.5B-Instruct/semantic/seed_456/alpaca_eval/run_manifest.json,reproduction_packages/historical_transfers/ShadowKV-P100-learned-admission-results/results/learned_baseline/test/Qwen_Qwen2.5-1.5B-Instruct/semantic/seed_456/alpaca_eval/run_manifest.json,75589dd3fece869f82a5907a9259e33fd1808ed4d6ed58f7fb493fad86a9d533,3763
incoming_p100/learned_baseline_results_extracted/results/learned_baseline/test/Qwen_Qwen2.5-1.5B-Instruct/semantic/seed_456/cnn_dailymail/benchmark_hf_Qwen_Qwen2.5-1.5B-Instruct_public_dataset_cnn_dailymail_semantic_cuda.json,reproduction_packages/historical_transfers/ShadowKV-P100-learned-admission-results/results/learned_baseline/test/Qwen_Qwen2.5-1.5B-Instruct/semantic/seed_456/cnn_dailymail/benchmark_hf_Qwen_Qwen2.5-1.5B-Instruct_public_dataset_cnn_dailymail_semantic_cuda.json,6daf8ecf3e90cee80a6a86c2c32d09a0a0f76a2b9c6d04ffb24a01a9272690b2,21133
incoming_p100/learned_baseline_results_extracted/results/learned_baseline/test/Qwen_Qwen2.5-1.5B-Instruct/semantic/seed_456/cnn_dailymail/policy_trace.jsonl,reproduction_packages/historical_transfers/ShadowKV-P100-learned-admission-results/results/learned_baseline/test/Qwen_Qwen2.5-1.5B-Instruct/semantic/seed_456/cnn_dailymail/policy_trace.jsonl,edc8910f549b9eed0064cfe553ba3ceeb6834be680412ce01d87601fedaba147,1117801
incoming_p100/learned_baseline_results_extracted/results/learned_baseline/test/Qwen_Qwen2.5-1.5B-Instruct/semantic/seed_456/cnn_dailymail/run_manifest.json,reproduction_packages/historical_transfers/ShadowKV-P100-learned-admission-results/results/learned_baseline/test/Qwen_Qwen2.5-1.5B-Instruct/semantic/seed_456/cnn_dailymail/run_manifest.json,9ed1e494704ba310920ecc5a23d687a76ee6e7450b98dcb46456492d0e0f5a73,3763
incoming_p100/learned_baseline_results_extracted/results/learned_baseline/test/Qwen_Qwen2.5-1.5B-Instruct/semantic/seed_456/daily_dialog/benchmark_hf_Qwen_Qwen2.5-1.5B-Instruct_public_dataset_daily_dialog_semantic_cuda.json,reproduction_packages/historical_transfers/ShadowKV-P100-learned-admission-results/results/learned_baseline/test/Qwen_Qwen2.5-1.5B-Instruct/semantic/seed_456/daily_dialog/benchmark_hf_Qwen_Qwen2.5-1.5B-Instruct_public_dataset_daily_dialog_semantic_cuda.json,6deccb6874a7f88556b8698ddbfbf4310a9ddd60652f56b8a62bf2a5ee28e9f6,23167
incoming_p100/learned_baseline_results_extracted/results/learned_baseline/test/Qwen_Qwen2.5-1.5B-Instruct/semantic/seed_456/daily_dialog/policy_trace.jsonl,reproduction_packages/historical_transfers/ShadowKV-P100-learned-admission-results/results/learned_baseline/test/Qwen_Qwen2.5-1.5B-Instruct/semantic/seed_456/daily_dialog/policy_trace.jsonl,ffc7a3a99518fb234332ed64171b5e79dbfacea2e6a5a9dd23dd2fb8d85d11a4,1168056
incoming_p100/learned_baseline_results_extracted/results/learned_baseline/test/Qwen_Qwen2.5-1.5B-Instruct/semantic/seed_456/daily_dialog/run_manifest.json,reproduction_packages/historical_transfers/ShadowKV-P100-learned-admission-results/results/learned_baseline/test/Qwen_Qwen2.5-1.5B-Instruct/semantic/seed_456/daily_dialog/run_manifest.json,48c053524f07ed9180829906088e9a941f35e73dc952c8d4728d04686756d30b,3763
incoming_p100/learned_baseline_results_extracted/results/learned_baseline/test/Qwen_Qwen2.5-1.5B-Instruct/semantic/seed_456/oasst1/benchmark_hf_Qwen_Qwen2.5-1.5B-Instruct_public_dataset_oasst1_semantic_cuda.json,reproduction_packages/historical_transfers/ShadowKV-P100-learned-admission-results/results/learned_baseline/test/Qwen_Qwen2.5-1.5B-Instruct/semantic/seed_456/oasst1/benchmark_hf_Qwen_Qwen2.5-1.5B-Instruct_public_dataset_oasst1_semantic_cuda.json,6189c66deeeca92c693dbdd1491718858883b226c1fceccf3679050a4349e78e,23641
incoming_p100/learned_baseline_results_extracted/results/learned_baseline/test/Qwen_Qwen2.5-1.5B-Instruct/semantic/seed_456/oasst1/policy_trace.jsonl,reproduction_packages/historical_transfers/ShadowKV-P100-learned-admission-results/results/learned_baseline/test/Qwen_Qwen2.5-1.5B-Instruct/semantic/seed_456/oasst1/policy_trace.jsonl,1ee450dce3f8781dd8c8fbd2522addd92d33a5b3be52636dbdb7a993d9c50d4f,1130348
incoming_p100/learned_baseline_results_extracted/results/learned_baseline/test/Qwen_Qwen2.5-1.5B-Instruct/semantic/seed_456/oasst1/run_manifest.json,reproduction_packages/historical_transfers/ShadowKV-P100-learned-admission-results/results/learned_baseline/test/Qwen_Qwen2.5-1.5B-Instruct/semantic/seed_456/oasst1/run_manifest.json,423a70a0b04297788bcf0cc4cadd7073e467f8b0f85711a8c129a03a0f67a547,3763
incoming_p100/learned_baseline_results_extracted/results/learned_baseline/test/Qwen_Qwen2.5-1.5B-Instruct/semantic/seed_456/xsum/benchmark_hf_Qwen_Qwen2.5-1.5B-Instruct_public_dataset_xsum_semantic_cuda.json,reproduction_packages/historical_transfers/ShadowKV-P100-learned-admission-results/results/learned_baseline/test/Qwen_Qwen2.5-1.5B-Instruct/semantic/seed_456/xsum/benchmark_hf_Qwen_Qwen2.5-1.5B-Instruct_public_dataset_xsum_semantic_cuda.json,acf83a375daa1b2ff342f6b4b3e961ab70181ef9b553d782c21ed3e02cac9626,23688
incoming_p100/learned_baseline_results_extracted/results/learned_baseline/test/Qwen_Qwen2.5-1.5B-Instruct/semantic/seed_456/xsum/policy_trace.jsonl,reproduction_packages/historical_transfers/ShadowKV-P100-learned-admission-results/results/learned_baseline/test/Qwen_Qwen2.5-1.5B-Instruct/semantic/seed_456/xsum/policy_trace.jsonl,ad21ca35991e26c01daea3248e60b67630fccdf372fccc9c8c9fd1a566841b61,1099402
incoming_p100/learned_baseline_results_extracted/results/learned_baseline/test/Qwen_Qwen2.5-1.5B-Instruct/semantic/seed_456/xsum/run_manifest.json,reproduction_packages/historical_transfers/ShadowKV-P100-learned-admission-results/results/learned_baseline/test/Qwen_Qwen2.5-1.5B-Instruct/semantic/seed_456/xsum/run_manifest.json,18a847108a34c4c9f7a5d222f53e6a74ce646135a5cfa2c10b9d50d6c58c49c5,3763
incoming_p100/learned_baseline_results_extracted/results/learned_baseline/test/Qwen_Qwen2.5-1.5B-Instruct/templated/seed_456/alpaca_eval/benchmark_hf_Qwen_Qwen2.5-1.5B-Instruct_public_dataset_alpaca_eval_templated_cuda.json,reproduction_packages/historical_transfers/ShadowKV-P100-learned-admission-results/results/learned_baseline/test/Qwen_Qwen2.5-1.5B-Instruct/templated/seed_456/alpaca_eval/benchmark_hf_Qwen_Qwen2.5-1.5B-Instruct_public_dataset_alpaca_eval_templated_cuda.json,37f77216cd7bea72723ded4eb5a0e5c99564d247168b61ed88b5f003c101dc21,21007
incoming_p100/learned_baseline_results_extracted/results/learned_baseline/test/Qwen_Qwen2.5-1.5B-Instruct/templated/seed_456/alpaca_eval/policy_trace.jsonl,reproduction_packages/historical_transfers/ShadowKV-P100-learned-admission-results/results/learned_baseline/test/Qwen_Qwen2.5-1.5B-Instruct/templated/seed_456/alpaca_eval/policy_trace.jsonl,97515585f07a75890d31244c79acb3985f19d98d998f4f930b63052b3004e285,1018161
incoming_p100/learned_baseline_results_extracted/results/learned_baseline/test/Qwen_Qwen2.5-1.5B-Instruct/templated/seed_456/alpaca_eval/run_manifest.json,reproduction_packages/historical_transfers/ShadowKV-P100-learned-admission-results/results/learned_baseline/test/Qwen_Qwen2.5-1.5B-Instruct/templated/seed_456/alpaca_eval/run_manifest.json,ac9acd79b16233ed27062795ee7e6adf4e3d59dda8d96847a53e90630274b8d2,3763
incoming_p100/learned_baseline_results_extracted/results/learned_baseline/test/Qwen_Qwen2.5-1.5B-Instruct/templated/seed_456/cnn_dailymail/benchmark_hf_Qwen_Qwen2.5-1.5B-Instruct_public_dataset_cnn_dailymail_templated_cuda.json,reproduction_packages/historical_transfers/ShadowKV-P100-learned-admission-results/results/learned_baseline/test/Qwen_Qwen2.5-1.5B-Instruct/templated/seed_456/cnn_dailymail/benchmark_hf_Qwen_Qwen2.5-1.5B-Instruct_public_dataset_cnn_dailymail_templated_cuda.json,c980dcd60d9ae6d82502d34c896419c69a4170d1f53f7efbe265fc5877758045,22069
incoming_p100/learned_baseline_results_extracted/results/learned_baseline/test/Qwen_Qwen2.5-1.5B-Instruct/templated/seed_456/cnn_dailymail/policy_trace.jsonl,reproduction_packages/historical_transfers/ShadowKV-P100-learned-admission-results/results/learned_baseline/test/Qwen_Qwen2.5-1.5B-Instruct/templated/seed_456/cnn_dailymail/policy_trace.jsonl,2916a7926441bf7f522e69b32b12140c1db46f6d5b090a603e3a464dda71fde8,1020403
incoming_p100/learned_baseline_results_extracted/results/learned_baseline/test/Qwen_Qwen2.5-1.5B-Instruct/templated/seed_456/cnn_dailymail/run_manifest.json,reproduction_packages/historical_transfers/ShadowKV-P100-learned-admission-results/results/learned_baseline/test/Qwen_Qwen2.5-1.5B-Instruct/templated/seed_456/cnn_dailymail/run_manifest.json,39595b5fa9844e20a89a4ab468aa2c97093b87761de73d84cb507c8ceac1873e,3763
incoming_p100/learned_baseline_results_extracted/results/learned_baseline/test/Qwen_Qwen2.5-1.5B-Instruct/templated/seed_456/daily_dialog/benchmark_hf_Qwen_Qwen2.5-1.5B-Instruct_public_dataset_daily_dialog_templated_cuda.json,reproduction_packages/historical_transfers/ShadowKV-P100-learned-admission-results/results/learned_baseline/test/Qwen_Qwen2.5-1.5B-Instruct/templated/seed_456/daily_dialog/benchmark_hf_Qwen_Qwen2.5-1.5B-Instruct_public_dataset_daily_dialog_templated_cuda.json,b3e02a7b3d43bac7b104ec1a48f623f9bcc25169b921e6dc155c1fa53b96527f,22017
incoming_p100/learned_baseline_results_extracted/results/learned_baseline/test/Qwen_Qwen2.5-1.5B-Instruct/templated/seed_456/daily_dialog/policy_trace.jsonl,reproduction_packages/historical_transfers/ShadowKV-P100-learned-admission-results/results/learned_baseline/test/Qwen_Qwen2.5-1.5B-Instruct/templated/seed_456/daily_dialog/policy_trace.jsonl,ad7adf12fc4ea7cc027c53bed9db071eba31d29bf72428c491560d4acc0e380f,1018033
incoming_p100/learned_baseline_results_extracted/results/learned_baseline/test/Qwen_Qwen2.5-1.5B-Instruct/templated/seed_456/daily_dialog/run_manifest.json,reproduction_packages/historical_transfers/ShadowKV-P100-learned-admission-results/results/learned_baseline/test/Qwen_Qwen2.5-1.5B-Instruct/templated/seed_456/daily_dialog/run_manifest.json,3a0cc4561fd7756f69fa46ff050ea584a5e3777a22ac5ad606e9bd7958022a28,3763
incoming_p100/learned_baseline_results_extracted/results/learned_baseline/test/Qwen_Qwen2.5-1.5B-Instruct/templated/seed_456/oasst1/benchmark_hf_Qwen_Qwen2.5-1.5B-Instruct_public_dataset_oasst1_templated_cuda.json,reproduction_packages/historical_transfers/ShadowKV-P100-learned-admission-results/results/learned_baseline/test/Qwen_Qwen2.5-1.5B-Instruct/templated/seed_456/oasst1/benchmark_hf_Qwen_Qwen2.5-1.5B-Instruct_public_dataset_oasst1_templated_cuda.json,b56f4242d00d742d9eb33a08af2e9bbacabb054d641f038156417d0ca9c37174,21495
incoming_p100/learned_baseline_results_extracted/results/learned_baseline/test/Qwen_Qwen2.5-1.5B-Instruct/templated/seed_456/oasst1/policy_trace.jsonl,reproduction_packages/historical_transfers/ShadowKV-P100-learned-admission-results/results/learned_baseline/test/Qwen_Qwen2.5-1.5B-Instruct/templated/seed_456/oasst1/policy_trace.jsonl,91e47ee9ccaa67e7af0ec629818ef023ec4d44a2563318685dcf4e59eb45c4d6,1016364
incoming_p100/learned_baseline_results_extracted/results/learned_baseline/test/Qwen_Qwen2.5-1.5B-Instruct/templated/seed_456/oasst1/run_manifest.json,reproduction_packages/historical_transfers/ShadowKV-P100-learned-admission-results/results/learned_baseline/test/Qwen_Qwen2.5-1.5B-Instruct/templated/seed_456/oasst1/run_manifest.json,32a53b109e0fe989d8dbed333752508a79af6d8851be16c77c81fac278f7e658,3763
incoming_p100/learned_baseline_results_extracted/results/learned_baseline/test/Qwen_Qwen2.5-1.5B-Instruct/templated/seed_456/xsum/benchmark_hf_Qwen_Qwen2.5-1.5B-Instruct_public_dataset_xsum_templated_cuda.json,reproduction_packages/historical_transfers/ShadowKV-P100-learned-admission-results/results/learned_baseline/test/Qwen_Qwen2.5-1.5B-Instruct/templated/seed_456/xsum/benchmark_hf_Qwen_Qwen2.5-1.5B-Instruct_public_dataset_xsum_templated_cuda.json,7f7ce5fafce5c23e4dc4ecf389b26729368bab9b39f60ca2d87421d4e02b939e,21988
incoming_p100/learned_baseline_results_extracted/results/learned_baseline/test/Qwen_Qwen2.5-1.5B-Instruct/templated/seed_456/xsum/policy_trace.jsonl,reproduction_packages/historical_transfers/ShadowKV-P100-learned-admission-results/results/learned_baseline/test/Qwen_Qwen2.5-1.5B-Instruct/templated/seed_456/xsum/policy_trace.jsonl,58714ec37d8cce7b00c7e9f8a1d4e6846a704d43a8eaaa73494ce1f1c2c9954e,1015124
incoming_p100/learned_baseline_results_extracted/results/learned_baseline/test/Qwen_Qwen2.5-1.5B-Instruct/templated/seed_456/xsum/run_manifest.json,reproduction_packages/historical_transfers/ShadowKV-P100-learned-admission-results/results/learned_baseline/test/Qwen_Qwen2.5-1.5B-Instruct/templated/seed_456/xsum/run_manifest.json,be962d773b901fa95995a63a115a5235d081d79753067d73e7f7cfed5a87111c,3763
incoming_p100/learned_baseline_results_extracted/results/learned_baseline/test/raw/Qwen_Qwen2.5-1.5B-Instruct/semantic/seed_456/alpaca_eval/benchmark_hf_Qwen_Qwen2.5-1.5B-Instruct_public_dataset_alpaca_eval_semantic_cuda.json,reproduction_packages/historical_transfers/ShadowKV-P100-learned-admission-results/results/learned_baseline/test/raw/Qwen_Qwen2.5-1.5B-Instruct/semantic/seed_456/alpaca_eval/benchmark_hf_Qwen_Qwen2.5-1.5B-Instruct_public_dataset_alpaca_eval_semantic_cuda.json,2ae8dfeca2f43780132fd1394b7661091ed10f348a4a6f9cf8bcf2283bb6cea9,28910
incoming_p100/learned_baseline_results_extracted/results/learned_baseline/test/raw/Qwen_Qwen2.5-1.5B-Instruct/semantic/seed_456/alpaca_eval/policy_trace.jsonl,reproduction_packages/historical_transfers/ShadowKV-P100-learned-admission-results/results/learned_baseline/test/raw/Qwen_Qwen2.5-1.5B-Instruct/semantic/seed_456/alpaca_eval/policy_trace.jsonl,32967fa93009566ba09df58180ce6cf9f60bd3754189fbfb3f171a4012c58b3c,1447673
incoming_p100/learned_baseline_results_extracted/results/learned_baseline/test/raw/Qwen_Qwen2.5-1.5B-Instruct/semantic/seed_456/alpaca_eval/run_manifest.json,reproduction_packages/historical_transfers/ShadowKV-P100-learned-admission-results/results/learned_baseline/test/raw/Qwen_Qwen2.5-1.5B-Instruct/semantic/seed_456/alpaca_eval/run_manifest.json,d87c8a94fabdbd39728c9fe010f41fd15e8f7f68034d2a6e5ec7e5ba35476b81,3763
incoming_p100/learned_baseline_results_extracted/results/learned_baseline/test/raw/Qwen_Qwen2.5-1.5B-Instruct/semantic/seed_456/cnn_dailymail/benchmark_hf_Qwen_Qwen2.5-1.5B-Instruct_public_dataset_cnn_dailymail_semantic_cuda.json,reproduction_packages/historical_transfers/ShadowKV-P100-learned-admission-results/results/learned_baseline/test/raw/Qwen_Qwen2.5-1.5B-Instruct/semantic/seed_456/cnn_dailymail/benchmark_hf_Qwen_Qwen2.5-1.5B-Instruct_public_dataset_cnn_dailymail_semantic_cuda.json,1cac48d508c74c492d462201ae0d710501fc7421701cd468d1cd9a4bd0a039b4,27054
incoming_p100/learned_baseline_results_extracted/results/learned_baseline/test/raw/Qwen_Qwen2.5-1.5B-Instruct/semantic/seed_456/cnn_dailymail/policy_trace.jsonl,reproduction_packages/historical_transfers/ShadowKV-P100-learned-admission-results/results/learned_baseline/test/raw/Qwen_Qwen2.5-1.5B-Instruct/semantic/seed_456/cnn_dailymail/policy_trace.jsonl,6a12560740764d62d0bb75a80b1d5a847dd32af8c6623992b14eeef5fe64d7d5,1424421
incoming_p100/learned_baseline_results_extracted/results/learned_baseline/test/raw/Qwen_Qwen2.5-1.5B-Instruct/semantic/seed_456/cnn_dailymail/run_manifest.json,reproduction_packages/historical_transfers/ShadowKV-P100-learned-admission-results/results/learned_baseline/test/raw/Qwen_Qwen2.5-1.5B-Instruct/semantic/seed_456/cnn_dailymail/run_manifest.json,f34b15236cbfb7d376a69750e9fa9b682f26a76582d7f59743e78c21a25a9008,3763
incoming_p100/learned_baseline_results_extracted/results/learned_baseline/test/raw/Qwen_Qwen2.5-1.5B-Instruct/semantic/seed_456/daily_dialog/benchmark_hf_Qwen_Qwen2.5-1.5B-Instruct_public_dataset_daily_dialog_semantic_cuda.json,reproduction_packages/historical_transfers/ShadowKV-P100-learned-admission-results/results/learned_baseline/test/raw/Qwen_Qwen2.5-1.5B-Instruct/semantic/seed_456/daily_dialog/benchmark_hf_Qwen_Qwen2.5-1.5B-Instruct_public_dataset_daily_dialog_semantic_cuda.json,7946b27049b1fbd585c694af9188a24f3230a78752d3ae04373a717dba55da03,29519
incoming_p100/learned_baseline_results_extracted/results/learned_baseline/test/raw/Qwen_Qwen2.5-1.5B-Instruct/semantic/seed_456/daily_dialog/policy_trace.jsonl,reproduction_packages/historical_transfers/ShadowKV-P100-learned-admission-results/results/learned_baseline/test/raw/Qwen_Qwen2.5-1.5B-Instruct/semantic/seed_456/daily_dialog/policy_trace.jsonl,44df9ef23e83250ea48422cd4dc0b5cf60cbd4393972fcfc096f1c549ff879ad,1484653
incoming_p100/learned_baseline_results_extracted/results/learned_baseline/test/raw/Qwen_Qwen2.5-1.5B-Instruct/semantic/seed_456/daily_dialog/run_manifest.json,reproduction_packages/historical_transfers/ShadowKV-P100-learned-admission-results/results/learned_baseline/test/raw/Qwen_Qwen2.5-1.5B-Instruct/semantic/seed_456/daily_dialog/run_manifest.json,7667911f1e731fc486d5888a99b13258f202fbf80292836dcdb85c120fd96634,3763
incoming_p100/learned_baseline_results_extracted/results/learned_baseline/test/raw/Qwen_Qwen2.5-1.5B-Instruct/semantic/seed_456/oasst1/benchmark_hf_Qwen_Qwen2.5-1.5B-Instruct_public_dataset_oasst1_semantic_cuda.json,reproduction_packages/historical_transfers/ShadowKV-P100-learned-admission-results/results/learned_baseline/test/raw/Qwen_Qwen2.5-1.5B-Instruct/semantic/seed_456/oasst1/benchmark_hf_Qwen_Qwen2.5-1.5B-Instruct_public_dataset_oasst1_semantic_cuda.json,9a25a895b0a893455fbf80ca83cd873e02a283ac50c33b6d3cd94ad7097f39d2,30349
incoming_p100/learned_baseline_results_extracted/results/learned_baseline/test/raw/Qwen_Qwen2.5-1.5B-Instruct/semantic/seed_456/oasst1/policy_trace.jsonl,reproduction_packages/historical_transfers/ShadowKV-P100-learned-admission-results/results/learned_baseline/test/raw/Qwen_Qwen2.5-1.5B-Instruct/semantic/seed_456/oasst1/policy_trace.jsonl,ad120b0c733aaf860a629a78b45f3f067e00d445c0a10a172c6750d9352ec004,1440889
incoming_p100/learned_baseline_results_extracted/results/learned_baseline/test/raw/Qwen_Qwen2.5-1.5B-Instruct/semantic/seed_456/oasst1/run_manifest.json,reproduction_packages/historical_transfers/ShadowKV-P100-learned-admission-results/results/learned_baseline/test/raw/Qwen_Qwen2.5-1.5B-Instruct/semantic/seed_456/oasst1/run_manifest.json,3809d1ecc27205054d70a412e46af8cc884a6ca24c2ed3c7629115e909816426,3763
incoming_p100/learned_baseline_results_extracted/results/learned_baseline/test/raw/Qwen_Qwen2.5-1.5B-Instruct/semantic/seed_456/xsum/benchmark_hf_Qwen_Qwen2.5-1.5B-Instruct_public_dataset_xsum_semantic_cuda.json,reproduction_packages/historical_transfers/ShadowKV-P100-learned-admission-results/results/learned_baseline/test/raw/Qwen_Qwen2.5-1.5B-Instruct/semantic/seed_456/xsum/benchmark_hf_Qwen_Qwen2.5-1.5B-Instruct_public_dataset_xsum_semantic_cuda.json,37f601bae6027624a0c67a0df00c8bfec9c229ad18faf710963fc5e69987877c,30562
incoming_p100/learned_baseline_results_extracted/results/learned_baseline/test/raw/Qwen_Qwen2.5-1.5B-Instruct/semantic/seed_456/xsum/policy_trace.jsonl,reproduction_packages/historical_transfers/ShadowKV-P100-learned-admission-results/results/learned_baseline/test/raw/Qwen_Qwen2.5-1.5B-Instruct/semantic/seed_456/xsum/policy_trace.jsonl,b671c87527ec84788bd77afc89e595464e2d4a751a64348f95d0f72cbcabb22a,1404542
incoming_p100/learned_baseline_results_extracted/results/learned_baseline/test/raw/Qwen_Qwen2.5-1.5B-Instruct/semantic/seed_456/xsum/run_manifest.json,reproduction_packages/historical_transfers/ShadowKV-P100-learned-admission-results/results/learned_baseline/test/raw/Qwen_Qwen2.5-1.5B-Instruct/semantic/seed_456/xsum/run_manifest.json,108ec3ed197a61a29ee292a6702f57cf5d546f71254b6bcb5d271276f2c2a48b,3763
incoming_p100/learned_baseline_results_extracted/results/learned_baseline/test/raw/Qwen_Qwen2.5-1.5B-Instruct/templated/seed_456/alpaca_eval/benchmark_hf_Qwen_Qwen2.5-1.5B-Instruct_public_dataset_alpaca_eval_templated_cuda.json,reproduction_packages/historical_transfers/ShadowKV-P100-learned-admission-results/results/learned_baseline/test/raw/Qwen_Qwen2.5-1.5B-Instruct/templated/seed_456/alpaca_eval/benchmark_hf_Qwen_Qwen2.5-1.5B-Instruct_public_dataset_alpaca_eval_templated_cuda.json,545ce3bbce2c4124ba81bcf9f4ebd5757d0cf27d48606c5578d9332b70b43575,27185
incoming_p100/learned_baseline_results_extracted/results/learned_baseline/test/raw/Qwen_Qwen2.5-1.5B-Instruct/templated/seed_456/alpaca_eval/policy_trace.jsonl,reproduction_packages/historical_transfers/ShadowKV-P100-learned-admission-results/results/learned_baseline/test/raw/Qwen_Qwen2.5-1.5B-Instruct/templated/seed_456/alpaca_eval/policy_trace.jsonl,cc42c929f71666fe2b5c43b334fbbe1ed0134c1a9e2d2f10311325d2116cb3b2,1309750
incoming_p100/learned_baseline_results_extracted/results/learned_baseline/test/raw/Qwen_Qwen2.5-1.5B-Instruct/templated/seed_456/alpaca_eval/run_manifest.json,reproduction_packages/historical_transfers/ShadowKV-P100-learned-admission-results/results/learned_baseline/test/raw/Qwen_Qwen2.5-1.5B-Instruct/templated/seed_456/alpaca_eval/run_manifest.json,1a863bc4f4a95b1d793b2bf7f763c94c56b49fd64ccd1b7f43f8cf18d993aced,3763
incoming_p100/learned_baseline_results_extracted/results/learned_baseline/test/raw/Qwen_Qwen2.5-1.5B-Instruct/templated/seed_456/cnn_dailymail/benchmark_hf_Qwen_Qwen2.5-1.5B-Instruct_public_dataset_cnn_dailymail_templated_cuda.json,reproduction_packages/historical_transfers/ShadowKV-P100-learned-admission-results/results/learned_baseline/test/raw/Qwen_Qwen2.5-1.5B-Instruct/templated/seed_456/cnn_dailymail/benchmark_hf_Qwen_Qwen2.5-1.5B-Instruct_public_dataset_cnn_dailymail_templated_cuda.json,e4984fa09541f640a8a7e4863513b9774eeeed0e01e9f31c83cb653026f4e567,28271
incoming_p100/learned_baseline_results_extracted/results/learned_baseline/test/raw/Qwen_Qwen2.5-1.5B-Instruct/templated/seed_456/cnn_dailymail/policy_trace.jsonl,reproduction_packages/historical_transfers/ShadowKV-P100-learned-admission-results/results/learned_baseline/test/raw/Qwen_Qwen2.5-1.5B-Instruct/templated/seed_456/cnn_dailymail/policy_trace.jsonl,b45253fd2647000297f874e5d44380a564042e08cf3d501fdd5bdee03a0a1194,1312214
incoming_p100/learned_baseline_results_extracted/results/learned_baseline/test/raw/Qwen_Qwen2.5-1.5B-Instruct/templated/seed_456/cnn_dailymail/run_manifest.json,reproduction_packages/historical_transfers/ShadowKV-P100-learned-admission-results/results/learned_baseline/test/raw/Qwen_Qwen2.5-1.5B-Instruct/templated/seed_456/cnn_dailymail/run_manifest.json,f2974efc203ef95b36129ab1240b287635cbffe4e87ffb0ac7ce995d9e9e3112,3763
incoming_p100/learned_baseline_results_extracted/results/learned_baseline/test/raw/Qwen_Qwen2.5-1.5B-Instruct/templated/seed_456/daily_dialog/benchmark_hf_Qwen_Qwen2.5-1.5B-Instruct_public_dataset_daily_dialog_templated_cuda.json,reproduction_packages/historical_transfers/ShadowKV-P100-learned-admission-results/results/learned_baseline/test/raw/Qwen_Qwen2.5-1.5B-Instruct/templated/seed_456/daily_dialog/benchmark_hf_Qwen_Qwen2.5-1.5B-Instruct_public_dataset_daily_dialog_templated_cuda.json,5a83d79005f8c6ae7c15997c6e6c8c184bb6eecbd01a637319301552fe2bc7c9,28457
incoming_p100/learned_baseline_results_extracted/results/learned_baseline/test/raw/Qwen_Qwen2.5-1.5B-Instruct/templated/seed_456/daily_dialog/policy_trace.jsonl,reproduction_packages/historical_transfers/ShadowKV-P100-learned-admission-results/results/learned_baseline/test/raw/Qwen_Qwen2.5-1.5B-Instruct/templated/seed_456/daily_dialog/policy_trace.jsonl,99670cc31d468b6037e7d753a9a9aa444241dd0a0077f0711e8c171e1b7e52bf,1309670
incoming_p100/learned_baseline_results_extracted/results/learned_baseline/test/raw/Qwen_Qwen2.5-1.5B-Instruct/templated/seed_456/daily_dialog/run_manifest.json,reproduction_packages/historical_transfers/ShadowKV-P100-learned-admission-results/results/learned_baseline/test/raw/Qwen_Qwen2.5-1.5B-Instruct/templated/seed_456/daily_dialog/run_manifest.json,dda19f72f5e7fe918ebd84e0d09a50eb0870c0cc8c4955fe88af519bd26a9a35,3763
incoming_p100/learned_baseline_results_extracted/results/learned_baseline/test/raw/Qwen_Qwen2.5-1.5B-Instruct/templated/seed_456/oasst1/benchmark_hf_Qwen_Qwen2.5-1.5B-Instruct_public_dataset_oasst1_templated_cuda.json,reproduction_packages/historical_transfers/ShadowKV-P100-learned-admission-results/results/learned_baseline/test/raw/Qwen_Qwen2.5-1.5B-Instruct/templated/seed_456/oasst1/benchmark_hf_Qwen_Qwen2.5-1.5B-Instruct_public_dataset_oasst1_templated_cuda.json,ad2547a451aed6362211669dc3a55eccfe9d2aba50876be8b9e5f555ac220ece,27954
incoming_p100/learned_baseline_results_extracted/results/learned_baseline/test/raw/Qwen_Qwen2.5-1.5B-Instruct/templated/seed_456/oasst1/policy_trace.jsonl,reproduction_packages/historical_transfers/ShadowKV-P100-learned-admission-results/results/learned_baseline/test/raw/Qwen_Qwen2.5-1.5B-Instruct/templated/seed_456/oasst1/policy_trace.jsonl,31488e45bef35ce2c026bee8b1a0f89e07547c3c16053361aa700c810b84f5ea,1307541
incoming_p100/learned_baseline_results_extracted/results/learned_baseline/test/raw/Qwen_Qwen2.5-1.5B-Instruct/templated/seed_456/oasst1/run_manifest.json,reproduction_packages/historical_transfers/ShadowKV-P100-learned-admission-results/results/learned_baseline/test/raw/Qwen_Qwen2.5-1.5B-Instruct/templated/seed_456/oasst1/run_manifest.json,be56208cdc62977c46a793489e9c2f1d2d7e96fe93e65bbaad5c3f2abaf7a0eb,3763
incoming_p100/learned_baseline_results_extracted/results/learned_baseline/test/raw/Qwen_Qwen2.5-1.5B-Instruct/templated/seed_456/xsum/benchmark_hf_Qwen_Qwen2.5-1.5B-Instruct_public_dataset_xsum_templated_cuda.json,reproduction_packages/historical_transfers/ShadowKV-P100-learned-admission-results/results/learned_baseline/test/raw/Qwen_Qwen2.5-1.5B-Instruct/templated/seed_456/xsum/benchmark_hf_Qwen_Qwen2.5-1.5B-Instruct_public_dataset_xsum_templated_cuda.json,efe9be299589d17936dad18b27b9a0d0d4204417233124983ae2d9a9ecca8257,28458
incoming_p100/learned_baseline_results_extracted/results/learned_baseline/test/raw/Qwen_Qwen2.5-1.5B-Instruct/templated/seed_456/xsum/policy_trace.jsonl,reproduction_packages/historical_transfers/ShadowKV-P100-learned-admission-results/results/learned_baseline/test/raw/Qwen_Qwen2.5-1.5B-Instruct/templated/seed_456/xsum/policy_trace.jsonl,8bcfc0251e0a9671752a218efefa01b375a3e00f72c9b194b42a963727f883e2,1305982
incoming_p100/learned_baseline_results_extracted/results/learned_baseline/test/raw/Qwen_Qwen2.5-1.5B-Instruct/templated/seed_456/xsum/run_manifest.json,reproduction_packages/historical_transfers/ShadowKV-P100-learned-admission-results/results/learned_baseline/test/raw/Qwen_Qwen2.5-1.5B-Instruct/templated/seed_456/xsum/run_manifest.json,87d4bee5bf0e705fff3f4db8ae6098d2ddce7036fdc14e9999a46188e6823790,3763
incoming_p100/learned_baseline_results_extracted/results/learned_baseline/test/utility/Qwen_Qwen2.5-1.5B-Instruct/semantic/seed_456/alpaca_eval/benchmark_hf_Qwen_Qwen2.5-1.5B-Instruct_public_dataset_alpaca_eval_semantic_cuda.json,reproduction_packages/historical_transfers/ShadowKV-P100-learned-admission-results/results/learned_baseline/test/utility/Qwen_Qwen2.5-1.5B-Instruct/semantic/seed_456/alpaca_eval/benchmark_hf_Qwen_Qwen2.5-1.5B-Instruct_public_dataset_alpaca_eval_semantic_cuda.json,835cc6348b1a11533942d94b2a2fffe7d5c18814e110280f7179c6332b9957f0,28837
incoming_p100/learned_baseline_results_extracted/results/learned_baseline/test/utility/Qwen_Qwen2.5-1.5B-Instruct/semantic/seed_456/alpaca_eval/policy_trace.jsonl,reproduction_packages/historical_transfers/ShadowKV-P100-learned-admission-results/results/learned_baseline/test/utility/Qwen_Qwen2.5-1.5B-Instruct/semantic/seed_456/alpaca_eval/policy_trace.jsonl,b1e8246c37196bc181f0957b604f8514c6d39b2221919cb7cbfbcd7634145ee9,1447514
incoming_p100/learned_baseline_results_extracted/results/learned_baseline/test/utility/Qwen_Qwen2.5-1.5B-Instruct/semantic/seed_456/alpaca_eval/run_manifest.json,reproduction_packages/historical_transfers/ShadowKV-P100-learned-admission-results/results/learned_baseline/test/utility/Qwen_Qwen2.5-1.5B-Instruct/semantic/seed_456/alpaca_eval/run_manifest.json,47845ffdfc9478a799e6fffb836e857ef28ca7cb06adb8783d6d9d26134dcbd6,3763
incoming_p100/learned_baseline_results_extracted/results/learned_baseline/test/utility/Qwen_Qwen2.5-1.5B-Instruct/semantic/seed_456/cnn_dailymail/benchmark_hf_Qwen_Qwen2.5-1.5B-Instruct_public_dataset_cnn_dailymail_semantic_cuda.json,reproduction_packages/historical_transfers/ShadowKV-P100-learned-admission-results/results/learned_baseline/test/utility/Qwen_Qwen2.5-1.5B-Instruct/semantic/seed_456/cnn_dailymail/benchmark_hf_Qwen_Qwen2.5-1.5B-Instruct_public_dataset_cnn_dailymail_semantic_cuda.json,3cb6e05823bc26012bd095567e3c94499e4a6fe5d9ec5514158f1014a44d2d61,27080
incoming_p100/learned_baseline_results_extracted/results/learned_baseline/test/utility/Qwen_Qwen2.5-1.5B-Instruct/semantic/seed_456/cnn_dailymail/policy_trace.jsonl,reproduction_packages/historical_transfers/ShadowKV-P100-learned-admission-results/results/learned_baseline/test/utility/Qwen_Qwen2.5-1.5B-Instruct/semantic/seed_456/cnn_dailymail/policy_trace.jsonl,20d786bed497f00bf51c6f1ee9b03423c54579821d37db5eaed469fe8fe3cc86,1424586
incoming_p100/learned_baseline_results_extracted/results/learned_baseline/test/utility/Qwen_Qwen2.5-1.5B-Instruct/semantic/seed_456/cnn_dailymail/run_manifest.json,reproduction_packages/historical_transfers/ShadowKV-P100-learned-admission-results/results/learned_baseline/test/utility/Qwen_Qwen2.5-1.5B-Instruct/semantic/seed_456/cnn_dailymail/run_manifest.json,7cef95d78f0999f16368ef8473e230678e3aea6c22d0c50b49d78c7bc4287415,3763
incoming_p100/learned_baseline_results_extracted/results/learned_baseline/test/utility/Qwen_Qwen2.5-1.5B-Instruct/semantic/seed_456/daily_dialog/benchmark_hf_Qwen_Qwen2.5-1.5B-Instruct_public_dataset_daily_dialog_semantic_cuda.json,reproduction_packages/historical_transfers/ShadowKV-P100-learned-admission-results/results/learned_baseline/test/utility/Qwen_Qwen2.5-1.5B-Instruct/semantic/seed_456/daily_dialog/benchmark_hf_Qwen_Qwen2.5-1.5B-Instruct_public_dataset_daily_dialog_semantic_cuda.json,a349e6b4c63a01becec8eb8a20cdbb29b37349ed7aa8c598d65ff17923c22a2e,29521
incoming_p100/learned_baseline_results_extracted/results/learned_baseline/test/utility/Qwen_Qwen2.5-1.5B-Instruct/semantic/seed_456/daily_dialog/policy_trace.jsonl,reproduction_packages/historical_transfers/ShadowKV-P100-learned-admission-results/results/learned_baseline/test/utility/Qwen_Qwen2.5-1.5B-Instruct/semantic/seed_456/daily_dialog/policy_trace.jsonl,5780805b348cf6aab56367ccebb13e076728eee440f5cc0dffc0eada0cd5a222,1485546
incoming_p100/learned_baseline_results_extracted/results/learned_baseline/test/utility/Qwen_Qwen2.5-1.5B-Instruct/semantic/seed_456/daily_dialog/run_manifest.json,reproduction_packages/historical_transfers/ShadowKV-P100-learned-admission-results/results/learned_baseline/test/utility/Qwen_Qwen2.5-1.5B-Instruct/semantic/seed_456/daily_dialog/run_manifest.json,0c357859e50d2e8af5e67447e0bf3ad1a54fd2fe41d5ac6fa7a8666ff69ebef4,3763
incoming_p100/learned_baseline_results_extracted/results/learned_baseline/test/utility/Qwen_Qwen2.5-1.5B-Instruct/semantic/seed_456/oasst1/benchmark_hf_Qwen_Qwen2.5-1.5B-Instruct_public_dataset_oasst1_semantic_cuda.json,reproduction_packages/historical_transfers/ShadowKV-P100-learned-admission-results/results/learned_baseline/test/utility/Qwen_Qwen2.5-1.5B-Instruct/semantic/seed_456/oasst1/benchmark_hf_Qwen_Qwen2.5-1.5B-Instruct_public_dataset_oasst1_semantic_cuda.json,74fc25ff376ac7b89839e6fbe8588f7010de38d045b255a28ea785eb8b0fa947,30461
incoming_p100/learned_baseline_results_extracted/results/learned_baseline/test/utility/Qwen_Qwen2.5-1.5B-Instruct/semantic/seed_456/oasst1/policy_trace.jsonl,reproduction_packages/historical_transfers/ShadowKV-P100-learned-admission-results/results/learned_baseline/test/utility/Qwen_Qwen2.5-1.5B-Instruct/semantic/seed_456/oasst1/policy_trace.jsonl,5a886fd6dabbc6bc26c95ec00dc12a6c424155965f4742b9961f8bb6d2b04c5f,1441760
incoming_p100/learned_baseline_results_extracted/results/learned_baseline/test/utility/Qwen_Qwen2.5-1.5B-Instruct/semantic/seed_456/oasst1/run_manifest.json,reproduction_packages/historical_transfers/ShadowKV-P100-learned-admission-results/results/learned_baseline/test/utility/Qwen_Qwen2.5-1.5B-Instruct/semantic/seed_456/oasst1/run_manifest.json,63f4425638a4f653429ddcc88c60de5ecd664e9e14a2e250e5c52a553362de38,3763
incoming_p100/learned_baseline_results_extracted/results/learned_baseline/test/utility/Qwen_Qwen2.5-1.5B-Instruct/semantic/seed_456/xsum/benchmark_hf_Qwen_Qwen2.5-1.5B-Instruct_public_dataset_xsum_semantic_cuda.json,reproduction_packages/historical_transfers/ShadowKV-P100-learned-admission-results/results/learned_baseline/test/utility/Qwen_Qwen2.5-1.5B-Instruct/semantic/seed_456/xsum/benchmark_hf_Qwen_Qwen2.5-1.5B-Instruct_public_dataset_xsum_semantic_cuda.json,c692cc0b0df4f9e62d6acfb4668b7fae4a6a3390d5f3ad6e6515033f0c1c0cb0,30654
incoming_p100/learned_baseline_results_extracted/results/learned_baseline/test/utility/Qwen_Qwen2.5-1.5B-Instruct/semantic/seed_456/xsum/policy_trace.jsonl,reproduction_packages/historical_transfers/ShadowKV-P100-learned-admission-results/results/learned_baseline/test/utility/Qwen_Qwen2.5-1.5B-Instruct/semantic/seed_456/xsum/policy_trace.jsonl,91efefd14f5f6c682acb5d76d3bff444d94580b25c488affee1d8f08aa280878,1405737
incoming_p100/learned_baseline_results_extracted/results/learned_baseline/test/utility/Qwen_Qwen2.5-1.5B-Instruct/semantic/seed_456/xsum/run_manifest.json,reproduction_packages/historical_transfers/ShadowKV-P100-learned-admission-results/results/learned_baseline/test/utility/Qwen_Qwen2.5-1.5B-Instruct/semantic/seed_456/xsum/run_manifest.json,b98cb904e24cde8bdcaa7d3a9575b20cbbedf4a49b07cf2d851c7e51c9013ea0,3763
incoming_p100/learned_baseline_results_extracted/results/learned_baseline/test/utility/Qwen_Qwen2.5-1.5B-Instruct/templated/seed_456/alpaca_eval/benchmark_hf_Qwen_Qwen2.5-1.5B-Instruct_public_dataset_alpaca_eval_templated_cuda.json,reproduction_packages/historical_transfers/ShadowKV-P100-learned-admission-results/results/learned_baseline/test/utility/Qwen_Qwen2.5-1.5B-Instruct/templated/seed_456/alpaca_eval/benchmark_hf_Qwen_Qwen2.5-1.5B-Instruct_public_dataset_alpaca_eval_templated_cuda.json,1792ce4076a067bdd26dd8e3ab90d0e5d3213a28e1e0ee86a4cdcd29dee8b06d,27189
incoming_p100/learned_baseline_results_extracted/results/learned_baseline/test/utility/Qwen_Qwen2.5-1.5B-Instruct/templated/seed_456/alpaca_eval/policy_trace.jsonl,reproduction_packages/historical_transfers/ShadowKV-P100-learned-admission-results/results/learned_baseline/test/utility/Qwen_Qwen2.5-1.5B-Instruct/templated/seed_456/alpaca_eval/policy_trace.jsonl,612c886947fe7973b35855bbb27493579a34a47a53a0d09f62d468c3036b6109,1309989
incoming_p100/learned_baseline_results_extracted/results/learned_baseline/test/utility/Qwen_Qwen2.5-1.5B-Instruct/templated/seed_456/alpaca_eval/run_manifest.json,reproduction_packages/historical_transfers/ShadowKV-P100-learned-admission-results/results/learned_baseline/test/utility/Qwen_Qwen2.5-1.5B-Instruct/templated/seed_456/alpaca_eval/run_manifest.json,483770cd589581404e33acdbc67f0ff74415504c8dae1afee0dcecad05c8d365,3763
incoming_p100/learned_baseline_results_extracted/results/learned_baseline/test/utility/Qwen_Qwen2.5-1.5B-Instruct/templated/seed_456/cnn_dailymail/benchmark_hf_Qwen_Qwen2.5-1.5B-Instruct_public_dataset_cnn_dailymail_templated_cuda.json,reproduction_packages/historical_transfers/ShadowKV-P100-learned-admission-results/results/learned_baseline/test/utility/Qwen_Qwen2.5-1.5B-Instruct/templated/seed_456/cnn_dailymail/benchmark_hf_Qwen_Qwen2.5-1.5B-Instruct_public_dataset_cnn_dailymail_templated_cuda.json,4ea2168749f36880edcce49886d1767605e142a5bfef5f01db49033dcd9d6efa,28292
incoming_p100/learned_baseline_results_extracted/results/learned_baseline/test/utility/Qwen_Qwen2.5-1.5B-Instruct/templated/seed_456/cnn_dailymail/policy_trace.jsonl,reproduction_packages/historical_transfers/ShadowKV-P100-learned-admission-results/results/learned_baseline/test/utility/Qwen_Qwen2.5-1.5B-Instruct/templated/seed_456/cnn_dailymail/policy_trace.jsonl,bffb08036b4283e508bf57f80168743c73c9f6e2530b37a708d5b083fce434eb,1312387
incoming_p100/learned_baseline_results_extracted/results/learned_baseline/test/utility/Qwen_Qwen2.5-1.5B-Instruct/templated/seed_456/cnn_dailymail/run_manifest.json,reproduction_packages/historical_transfers/ShadowKV-P100-learned-admission-results/results/learned_baseline/test/utility/Qwen_Qwen2.5-1.5B-Instruct/templated/seed_456/cnn_dailymail/run_manifest.json,74ebf522f2fef38094d08e9f6bb6f86c654015730669bb8caed315ac03bb83c9,3763
incoming_p100/learned_baseline_results_extracted/results/learned_baseline/test/utility/Qwen_Qwen2.5-1.5B-Instruct/templated/seed_456/daily_dialog/benchmark_hf_Qwen_Qwen2.5-1.5B-Instruct_public_dataset_daily_dialog_templated_cuda.json,reproduction_packages/historical_transfers/ShadowKV-P100-learned-admission-results/results/learned_baseline/test/utility/Qwen_Qwen2.5-1.5B-Instruct/templated/seed_456/daily_dialog/benchmark_hf_Qwen_Qwen2.5-1.5B-Instruct_public_dataset_daily_dialog_templated_cuda.json,277e4ae923ec58f0d46ba9510ee9857067d91556a1c22884bf1aa1d26c503854,28478
incoming_p100/learned_baseline_results_extracted/results/learned_baseline/test/utility/Qwen_Qwen2.5-1.5B-Instruct/templated/seed_456/daily_dialog/policy_trace.jsonl,reproduction_packages/historical_transfers/ShadowKV-P100-learned-admission-results/results/learned_baseline/test/utility/Qwen_Qwen2.5-1.5B-Instruct/templated/seed_456/daily_dialog/policy_trace.jsonl,611daf62f60e5f759efd760a2b889064164a983a514ae5a70d8565ab12dd5bba,1309699
incoming_p100/learned_baseline_results_extracted/results/learned_baseline/test/utility/Qwen_Qwen2.5-1.5B-Instruct/templated/seed_456/daily_dialog/run_manifest.json,reproduction_packages/historical_transfers/ShadowKV-P100-learned-admission-results/results/learned_baseline/test/utility/Qwen_Qwen2.5-1.5B-Instruct/templated/seed_456/daily_dialog/run_manifest.json,f15979e3ddacf4b3b46ff31ad2a2a704856004f7ed22276b090b5545271af9e1,3763
incoming_p100/learned_baseline_results_extracted/results/learned_baseline/test/utility/Qwen_Qwen2.5-1.5B-Instruct/templated/seed_456/oasst1/benchmark_hf_Qwen_Qwen2.5-1.5B-Instruct_public_dataset_oasst1_templated_cuda.json,reproduction_packages/historical_transfers/ShadowKV-P100-learned-admission-results/results/learned_baseline/test/utility/Qwen_Qwen2.5-1.5B-Instruct/templated/seed_456/oasst1/benchmark_hf_Qwen_Qwen2.5-1.5B-Instruct_public_dataset_oasst1_templated_cuda.json,326be8ea4c35ac93e5ade326a22439670ce2bc5a4f8e39b70072a320126c60b9,27963
incoming_p100/learned_baseline_results_extracted/results/learned_baseline/test/utility/Qwen_Qwen2.5-1.5B-Instruct/templated/seed_456/oasst1/policy_trace.jsonl,reproduction_packages/historical_transfers/ShadowKV-P100-learned-admission-results/results/learned_baseline/test/utility/Qwen_Qwen2.5-1.5B-Instruct/templated/seed_456/oasst1/policy_trace.jsonl,306673dae74faf7bde4cd277e91d3901b4c144b293a0305bcfe9f86482d6ab15,1307417
incoming_p100/learned_baseline_results_extracted/results/learned_baseline/test/utility/Qwen_Qwen2.5-1.5B-Instruct/templated/seed_456/oasst1/run_manifest.json,reproduction_packages/historical_transfers/ShadowKV-P100-learned-admission-results/results/learned_baseline/test/utility/Qwen_Qwen2.5-1.5B-Instruct/templated/seed_456/oasst1/run_manifest.json,82241e910562f0557ebab8be3eb568feb03415872ecd22b7987cb757a9560b06,3763
incoming_p100/learned_baseline_results_extracted/results/learned_baseline/test/utility/Qwen_Qwen2.5-1.5B-Instruct/templated/seed_456/xsum/benchmark_hf_Qwen_Qwen2.5-1.5B-Instruct_public_dataset_xsum_templated_cuda.json,reproduction_packages/historical_transfers/ShadowKV-P100-learned-admission-results/results/learned_baseline/test/utility/Qwen_Qwen2.5-1.5B-Instruct/templated/seed_456/xsum/benchmark_hf_Qwen_Qwen2.5-1.5B-Instruct_public_dataset_xsum_templated_cuda.json,72d0569238568b3ecd93d79d2be9e5bf7db50eb876e1ef454ac3423a3c46dd5f,28463
incoming_p100/learned_baseline_results_extracted/results/learned_baseline/test/utility/Qwen_Qwen2.5-1.5B-Instruct/templated/seed_456/xsum/policy_trace.jsonl,reproduction_packages/historical_transfers/ShadowKV-P100-learned-admission-results/results/learned_baseline/test/utility/Qwen_Qwen2.5-1.5B-Instruct/templated/seed_456/xsum/policy_trace.jsonl,040befc71cdd40459bf698b521d4c0cb04ac6bf8eadbaa83bda75cc2f71e9f67,1305854
incoming_p100/learned_baseline_results_extracted/results/learned_baseline/test/utility/Qwen_Qwen2.5-1.5B-Instruct/templated/seed_456/xsum/run_manifest.json,reproduction_packages/historical_transfers/ShadowKV-P100-learned-admission-results/results/learned_baseline/test/utility/Qwen_Qwen2.5-1.5B-Instruct/templated/seed_456/xsum/run_manifest.json,2a081c7e3b5078aec89e9721c232200fe5ce2ba50e9d04ccb185d18d34e3fcc9,3763
incoming_p100/learned_baseline_results_extracted/results/learned_baseline/train/Qwen_Qwen2.5-1.5B-Instruct/semantic/seed_123/ag_news/benchmark_hf_Qwen_Qwen2.5-1.5B-Instruct_public_dataset_ag_news_semantic_cuda.json,reproduction_packages/historical_transfers/ShadowKV-P100-learned-admission-results/results/learned_baseline/train/Qwen_Qwen2.5-1.5B-Instruct/semantic/seed_123/ag_news/benchmark_hf_Qwen_Qwen2.5-1.5B-Instruct_public_dataset_ag_news_semantic_cuda.json,f70c92b4f590bed0e741df1c0c90b1f2c7e8abee5b70374d7d8ff4f8e1f893f5,17042
incoming_p100/learned_baseline_results_extracted/results/learned_baseline/train/Qwen_Qwen2.5-1.5B-Instruct/semantic/seed_123/ag_news/policy_trace.jsonl,reproduction_packages/historical_transfers/ShadowKV-P100-learned-admission-results/results/learned_baseline/train/Qwen_Qwen2.5-1.5B-Instruct/semantic/seed_123/ag_news/policy_trace.jsonl,d4e076f44c3549da1890b4be8c07a89c0cabdd119d630258e1340b846f154c30,835841
incoming_p100/learned_baseline_results_extracted/results/learned_baseline/train/Qwen_Qwen2.5-1.5B-Instruct/semantic/seed_123/ag_news/run_manifest.json,reproduction_packages/historical_transfers/ShadowKV-P100-learned-admission-results/results/learned_baseline/train/Qwen_Qwen2.5-1.5B-Instruct/semantic/seed_123/ag_news/run_manifest.json,165e6920b1a96ec66f40e5a816c9cde27890277c73f0790d2fc2fcb292dc359f,3763
incoming_p100/learned_baseline_results_extracted/results/learned_baseline/train/Qwen_Qwen2.5-1.5B-Instruct/semantic/seed_123/banking77/benchmark_hf_Qwen_Qwen2.5-1.5B-Instruct_public_dataset_banking77_semantic_cuda.json,reproduction_packages/historical_transfers/ShadowKV-P100-learned-admission-results/results/learned_baseline/train/Qwen_Qwen2.5-1.5B-Instruct/semantic/seed_123/banking77/benchmark_hf_Qwen_Qwen2.5-1.5B-Instruct_public_dataset_banking77_semantic_cuda.json,b257b73528fed60a30e6c096e58fd2c224119bae5fb2a6bff9129d9aebedf939,16584
incoming_p100/learned_baseline_results_extracted/results/learned_baseline/train/Qwen_Qwen2.5-1.5B-Instruct/semantic/seed_123/banking77/policy_trace.jsonl,reproduction_packages/historical_transfers/ShadowKV-P100-learned-admission-results/results/learned_baseline/train/Qwen_Qwen2.5-1.5B-Instruct/semantic/seed_123/banking77/policy_trace.jsonl,8c87d34114f315410bdfa1c888bbcd0ec1b1e6795b54478e76f819f20fa2205f,838837
incoming_p100/learned_baseline_results_extracted/results/learned_baseline/train/Qwen_Qwen2.5-1.5B-Instruct/semantic/seed_123/banking77/run_manifest.json,reproduction_packages/historical_transfers/ShadowKV-P100-learned-admission-results/results/learned_baseline/train/Qwen_Qwen2.5-1.5B-Instruct/semantic/seed_123/banking77/run_manifest.json,5923ffd16199860a49bde8e6295b8dc0eff0cc004cf64049b5e1b5fd7bf86df5,3763
incoming_p100/learned_baseline_results_extracted/results/learned_baseline/train/Qwen_Qwen2.5-1.5B-Instruct/semantic/seed_123/dolly/benchmark_hf_Qwen_Qwen2.5-1.5B-Instruct_public_dataset_dolly_semantic_cuda.json,reproduction_packages/historical_transfers/ShadowKV-P100-learned-admission-results/results/learned_baseline/train/Qwen_Qwen2.5-1.5B-Instruct/semantic/seed_123/dolly/benchmark_hf_Qwen_Qwen2.5-1.5B-Instruct_public_dataset_dolly_semantic_cuda.json,bb372f6be6d3fa9a363ecfe21e70ade5b48dd5a4798cfbfebe815422859d9b72,17864
incoming_p100/learned_baseline_results_extracted/results/learned_baseline/train/Qwen_Qwen2.5-1.5B-Instruct/semantic/seed_123/dolly/policy_trace.jsonl,reproduction_packages/historical_transfers/ShadowKV-P100-learned-admission-results/results/learned_baseline/train/Qwen_Qwen2.5-1.5B-Instruct/semantic/seed_123/dolly/policy_trace.jsonl,3a28f6b9b026142a57881d06f072d657b6834d500f3176e0249c0166e45057fa,842475
incoming_p100/learned_baseline_results_extracted/results/learned_baseline/train/Qwen_Qwen2.5-1.5B-Instruct/semantic/seed_123/dolly/run_manifest.json,reproduction_packages/historical_transfers/ShadowKV-P100-learned-admission-results/results/learned_baseline/train/Qwen_Qwen2.5-1.5B-Instruct/semantic/seed_123/dolly/run_manifest.json,8109670d286dba6d2348f43822c66fdbc25a7bc765f66daec50c9e66d25bb367,3763
incoming_p100/learned_baseline_results_extracted/results/learned_baseline/train/Qwen_Qwen2.5-1.5B-Instruct/semantic/seed_123/samsum/benchmark_hf_Qwen_Qwen2.5-1.5B-Instruct_public_dataset_samsum_semantic_cuda.json,reproduction_packages/historical_transfers/ShadowKV-P100-learned-admission-results/results/learned_baseline/train/Qwen_Qwen2.5-1.5B-Instruct/semantic/seed_123/samsum/benchmark_hf_Qwen_Qwen2.5-1.5B-Instruct_public_dataset_samsum_semantic_cuda.json,56caa048bc93c77a0ca28ead854d348de127fc2a571ef85596a42bd2c3ed1d53,17476
incoming_p100/learned_baseline_results_extracted/results/learned_baseline/train/Qwen_Qwen2.5-1.5B-Instruct/semantic/seed_123/samsum/policy_trace.jsonl,reproduction_packages/historical_transfers/ShadowKV-P100-learned-admission-results/results/learned_baseline/train/Qwen_Qwen2.5-1.5B-Instruct/semantic/seed_123/samsum/policy_trace.jsonl,5160c9235a21b4ab618b6bc1393c06d7700eb67238b831b3d9ba036eeb1d90f4,855121
incoming_p100/learned_baseline_results_extracted/results/learned_baseline/train/Qwen_Qwen2.5-1.5B-Instruct/semantic/seed_123/samsum/run_manifest.json,reproduction_packages/historical_transfers/ShadowKV-P100-learned-admission-results/results/learned_baseline/train/Qwen_Qwen2.5-1.5B-Instruct/semantic/seed_123/samsum/run_manifest.json,c356456bdccefeebe068797cd3cb4671222c80fc0e0307ea6057d7d6626a3dfc,3763
incoming_p100/learned_baseline_results_extracted/results/learned_baseline/train/Qwen_Qwen2.5-1.5B-Instruct/semantic/seed_123/ultrachat/benchmark_hf_Qwen_Qwen2.5-1.5B-Instruct_public_dataset_ultrachat_semantic_cuda.json,reproduction_packages/historical_transfers/ShadowKV-P100-learned-admission-results/results/learned_baseline/train/Qwen_Qwen2.5-1.5B-Instruct/semantic/seed_123/ultrachat/benchmark_hf_Qwen_Qwen2.5-1.5B-Instruct_public_dataset_ultrachat_semantic_cuda.json,aba22f79e38469958d7778397d42eacd7fa5987a2217eb9a2398235bf843d6cf,16385
incoming_p100/learned_baseline_results_extracted/results/learned_baseline/train/Qwen_Qwen2.5-1.5B-Instruct/semantic/seed_123/ultrachat/policy_trace.jsonl,reproduction_packages/historical_transfers/ShadowKV-P100-learned-admission-results/results/learned_baseline/train/Qwen_Qwen2.5-1.5B-Instruct/semantic/seed_123/ultrachat/policy_trace.jsonl,8810e5481e0f1c02a4a91273957a0355ddb5b4ecc30e570d7d7af3deb0b5a12a,830517
incoming_p100/learned_baseline_results_extracted/results/learned_baseline/train/Qwen_Qwen2.5-1.5B-Instruct/semantic/seed_123/ultrachat/run_manifest.json,reproduction_packages/historical_transfers/ShadowKV-P100-learned-admission-results/results/learned_baseline/train/Qwen_Qwen2.5-1.5B-Instruct/semantic/seed_123/ultrachat/run_manifest.json,a5cf18d293aecc9d99ce993755ea98ad954f4e7f2f5fcd331c4cf657f80bcb46,3763
incoming_p100/learned_baseline_results_extracted/results/learned_baseline/train/Qwen_Qwen2.5-1.5B-Instruct/semantic/seed_42/ag_news/benchmark_hf_Qwen_Qwen2.5-1.5B-Instruct_public_dataset_ag_news_semantic_cuda.json,reproduction_packages/historical_transfers/ShadowKV-P100-learned-admission-results/results/learned_baseline/train/Qwen_Qwen2.5-1.5B-Instruct/semantic/seed_42/ag_news/benchmark_hf_Qwen_Qwen2.5-1.5B-Instruct_public_dataset_ag_news_semantic_cuda.json,0a09eafe5e07de33d7e98fad23c3131057d5b46f6cc16410edbf9cbc508e3571,16834
incoming_p100/learned_baseline_results_extracted/results/learned_baseline/train/Qwen_Qwen2.5-1.5B-Instruct/semantic/seed_42/ag_news/policy_trace.jsonl,reproduction_packages/historical_transfers/ShadowKV-P100-learned-admission-results/results/learned_baseline/train/Qwen_Qwen2.5-1.5B-Instruct/semantic/seed_42/ag_news/policy_trace.jsonl,885b15c02ab46c09a20f037d11b2d707b7c09c0a813493abb703cd6e3f5cdf90,835527
incoming_p100/learned_baseline_results_extracted/results/learned_baseline/train/Qwen_Qwen2.5-1.5B-Instruct/semantic/seed_42/ag_news/run_manifest.json,reproduction_packages/historical_transfers/ShadowKV-P100-learned-admission-results/results/learned_baseline/train/Qwen_Qwen2.5-1.5B-Instruct/semantic/seed_42/ag_news/run_manifest.json,ff48f269a9d3c5f1e32e779f9650f2fb5745d48f5ebce9a9be0a35d919d84f6a,3762
incoming_p100/learned_baseline_results_extracted/results/learned_baseline/train/Qwen_Qwen2.5-1.5B-Instruct/semantic/seed_42/banking77/benchmark_hf_Qwen_Qwen2.5-1.5B-Instruct_public_dataset_banking77_semantic_cuda.json,reproduction_packages/historical_transfers/ShadowKV-P100-learned-admission-results/results/learned_baseline/train/Qwen_Qwen2.5-1.5B-Instruct/semantic/seed_42/banking77/benchmark_hf_Qwen_Qwen2.5-1.5B-Instruct_public_dataset_banking77_semantic_cuda.json,a7f10ef1027c616153b7e7cc40f62f9e2230446b1053b7f5be04b9754b2c9508,16593
incoming_p100/learned_baseline_results_extracted/results/learned_baseline/train/Qwen_Qwen2.5-1.5B-Instruct/semantic/seed_42/banking77/policy_trace.jsonl,reproduction_packages/historical_transfers/ShadowKV-P100-learned-admission-results/results/learned_baseline/train/Qwen_Qwen2.5-1.5B-Instruct/semantic/seed_42/banking77/policy_trace.jsonl,8a8b32f01fb07042aa62d4cc32f97d4432fd863714b149a828c266c005a60d72,837797
incoming_p100/learned_baseline_results_extracted/results/learned_baseline/train/Qwen_Qwen2.5-1.5B-Instruct/semantic/seed_42/banking77/run_manifest.json,reproduction_packages/historical_transfers/ShadowKV-P100-learned-admission-results/results/learned_baseline/train/Qwen_Qwen2.5-1.5B-Instruct/semantic/seed_42/banking77/run_manifest.json,5b4ca7789202e6c274296d3bfebd59e88f45115f35a6f5c7d48676dcd6bb8f00,3762
incoming_p100/learned_baseline_results_extracted/results/learned_baseline/train/Qwen_Qwen2.5-1.5B-Instruct/semantic/seed_42/dolly/benchmark_hf_Qwen_Qwen2.5-1.5B-Instruct_public_dataset_dolly_semantic_cuda.json,reproduction_packages/historical_transfers/ShadowKV-P100-learned-admission-results/results/learned_baseline/train/Qwen_Qwen2.5-1.5B-Instruct/semantic/seed_42/dolly/benchmark_hf_Qwen_Qwen2.5-1.5B-Instruct_public_dataset_dolly_semantic_cuda.json,dcd6afec6b059848d25c6b500bf41676546bbd0dc1a5d85049674b1cb5c45213,17276
incoming_p100/learned_baseline_results_extracted/results/learned_baseline/train/Qwen_Qwen2.5-1.5B-Instruct/semantic/seed_42/dolly/policy_trace.jsonl,reproduction_packages/historical_transfers/ShadowKV-P100-learned-admission-results/results/learned_baseline/train/Qwen_Qwen2.5-1.5B-Instruct/semantic/seed_42/dolly/policy_trace.jsonl,1dbb9f7087031ae72d5792eb81b3942da47f3a597688719d00c9ac846bd46f45,840695
incoming_p100/learned_baseline_results_extracted/results/learned_baseline/train/Qwen_Qwen2.5-1.5B-Instruct/semantic/seed_42/dolly/run_manifest.json,reproduction_packages/historical_transfers/ShadowKV-P100-learned-admission-results/results/learned_baseline/train/Qwen_Qwen2.5-1.5B-Instruct/semantic/seed_42/dolly/run_manifest.json,3972ef16e0891161b3f98b54b9a784014564e0976061002b1b9ea70a5c12b2ef,3762
incoming_p100/learned_baseline_results_extracted/results/learned_baseline/train/Qwen_Qwen2.5-1.5B-Instruct/semantic/seed_42/samsum/benchmark_hf_Qwen_Qwen2.5-1.5B-Instruct_public_dataset_samsum_semantic_cuda.json,reproduction_packages/historical_transfers/ShadowKV-P100-learned-admission-results/results/learned_baseline/train/Qwen_Qwen2.5-1.5B-Instruct/semantic/seed_42/samsum/benchmark_hf_Qwen_Qwen2.5-1.5B-Instruct_public_dataset_samsum_semantic_cuda.json,d8b5f040d734a22e02b434ffe88b541485afc25eebc76227ffb26b05ba7b635b,17220
incoming_p100/learned_baseline_results_extracted/results/learned_baseline/train/Qwen_Qwen2.5-1.5B-Instruct/semantic/seed_42/samsum/policy_trace.jsonl,reproduction_packages/historical_transfers/ShadowKV-P100-learned-admission-results/results/learned_baseline/train/Qwen_Qwen2.5-1.5B-Instruct/semantic/seed_42/samsum/policy_trace.jsonl,1fc83a93fd014bbf5c48025153c1324760ba6e73231c53ba235b47a38d562149,854779
incoming_p100/learned_baseline_results_extracted/results/learned_baseline/train/Qwen_Qwen2.5-1.5B-Instruct/semantic/seed_42/samsum/run_manifest.json,reproduction_packages/historical_transfers/ShadowKV-P100-learned-admission-results/results/learned_baseline/train/Qwen_Qwen2.5-1.5B-Instruct/semantic/seed_42/samsum/run_manifest.json,516be5a91a371213746e7163704e16ce04dfc8c61bcc524f621133bd5396868a,3762
incoming_p100/learned_baseline_results_extracted/results/learned_baseline/train/Qwen_Qwen2.5-1.5B-Instruct/semantic/seed_42/ultrachat/benchmark_hf_Qwen_Qwen2.5-1.5B-Instruct_public_dataset_ultrachat_semantic_cuda.json,reproduction_packages/historical_transfers/ShadowKV-P100-learned-admission-results/results/learned_baseline/train/Qwen_Qwen2.5-1.5B-Instruct/semantic/seed_42/ultrachat/benchmark_hf_Qwen_Qwen2.5-1.5B-Instruct_public_dataset_ultrachat_semantic_cuda.json,b5763781f1c99995d2d8cf597e38eb1a2ce7fe09007e537a1edb1c3417dfb03b,15859
incoming_p100/learned_baseline_results_extracted/results/learned_baseline/train/Qwen_Qwen2.5-1.5B-Instruct/semantic/seed_42/ultrachat/policy_trace.jsonl,reproduction_packages/historical_transfers/ShadowKV-P100-learned-admission-results/results/learned_baseline/train/Qwen_Qwen2.5-1.5B-Instruct/semantic/seed_42/ultrachat/policy_trace.jsonl,81a2d740cfd446ab6457fddcd0f89eca6858e7d3adf1d31715f64e14a61a6c81,829900
incoming_p100/learned_baseline_results_extracted/results/learned_baseline/train/Qwen_Qwen2.5-1.5B-Instruct/semantic/seed_42/ultrachat/run_manifest.json,reproduction_packages/historical_transfers/ShadowKV-P100-learned-admission-results/results/learned_baseline/train/Qwen_Qwen2.5-1.5B-Instruct/semantic/seed_42/ultrachat/run_manifest.json,27cd3e46de63db6bc380184d3dc3da1219e731d0a1b7d9ee71e241682dd57ce2,3762
incoming_p100/learned_baseline_results_extracted/results/learned_baseline/train/Qwen_Qwen2.5-1.5B-Instruct/templated/seed_123/ag_news/benchmark_hf_Qwen_Qwen2.5-1.5B-Instruct_public_dataset_ag_news_templated_cuda.json,reproduction_packages/historical_transfers/ShadowKV-P100-learned-admission-results/results/learned_baseline/train/Qwen_Qwen2.5-1.5B-Instruct/templated/seed_123/ag_news/benchmark_hf_Qwen_Qwen2.5-1.5B-Instruct_public_dataset_ag_news_templated_cuda.json,19b9bd418f7fad0763aa33e0da3a2b3e88b494c117ebdccaafae4a7a7fcfd6ce,16624
incoming_p100/learned_baseline_results_extracted/results/learned_baseline/train/Qwen_Qwen2.5-1.5B-Instruct/templated/seed_123/ag_news/policy_trace.jsonl,reproduction_packages/historical_transfers/ShadowKV-P100-learned-admission-results/results/learned_baseline/train/Qwen_Qwen2.5-1.5B-Instruct/templated/seed_123/ag_news/policy_trace.jsonl,34bb819d2c97593c99c883f8db3e1173a9b62df9d1dc492c504aa0b5f5f09df3,760242
incoming_p100/learned_baseline_results_extracted/results/learned_baseline/train/Qwen_Qwen2.5-1.5B-Instruct/templated/seed_123/ag_news/run_manifest.json,reproduction_packages/historical_transfers/ShadowKV-P100-learned-admission-results/results/learned_baseline/train/Qwen_Qwen2.5-1.5B-Instruct/templated/seed_123/ag_news/run_manifest.json,297ba5044a27bdf140cc5b9f0a335251a076177dcaaa80da332992ad06d29a80,3763
incoming_p100/learned_baseline_results_extracted/results/learned_baseline/train/Qwen_Qwen2.5-1.5B-Instruct/templated/seed_123/banking77/benchmark_hf_Qwen_Qwen2.5-1.5B-Instruct_public_dataset_banking77_templated_cuda.json,reproduction_packages/historical_transfers/ShadowKV-P100-learned-admission-results/results/learned_baseline/train/Qwen_Qwen2.5-1.5B-Instruct/templated/seed_123/banking77/benchmark_hf_Qwen_Qwen2.5-1.5B-Instruct_public_dataset_banking77_templated_cuda.json,cf5d2f81e5812fd142236c952e51f8d3bb601d5f9c47abaa5b21278178c91c9c,15833
incoming_p100/learned_baseline_results_extracted/results/learned_baseline/train/Qwen_Qwen2.5-1.5B-Instruct/templated/seed_123/banking77/policy_trace.jsonl,reproduction_packages/historical_transfers/ShadowKV-P100-learned-admission-results/results/learned_baseline/train/Qwen_Qwen2.5-1.5B-Instruct/templated/seed_123/banking77/policy_trace.jsonl,c5bdc47208bd50ee2173f42aea92a09ab68e15d7366b274a6943f7bb3565f4cc,760870
incoming_p100/learned_baseline_results_extracted/results/learned_baseline/train/Qwen_Qwen2.5-1.5B-Instruct/templated/seed_123/banking77/run_manifest.json,reproduction_packages/historical_transfers/ShadowKV-P100-learned-admission-results/results/learned_baseline/train/Qwen_Qwen2.5-1.5B-Instruct/templated/seed_123/banking77/run_manifest.json,eab3f57b11b1e13ece1ce78900127f250a2a92d94a7ffb7056073948b2f568b8,3763
incoming_p100/learned_baseline_results_extracted/results/learned_baseline/train/Qwen_Qwen2.5-1.5B-Instruct/templated/seed_123/dolly/benchmark_hf_Qwen_Qwen2.5-1.5B-Instruct_public_dataset_dolly_templated_cuda.json,reproduction_packages/historical_transfers/ShadowKV-P100-learned-admission-results/results/learned_baseline/train/Qwen_Qwen2.5-1.5B-Instruct/templated/seed_123/dolly/benchmark_hf_Qwen_Qwen2.5-1.5B-Instruct_public_dataset_dolly_templated_cuda.json,1389b289b065846d546b12e6748afbb58b1ec8217f46ac292456e1e9acec115a,16595
incoming_p100/learned_baseline_results_extracted/results/learned_baseline/train/Qwen_Qwen2.5-1.5B-Instruct/templated/seed_123/dolly/policy_trace.jsonl,reproduction_packages/historical_transfers/ShadowKV-P100-learned-admission-results/results/learned_baseline/train/Qwen_Qwen2.5-1.5B-Instruct/templated/seed_123/dolly/policy_trace.jsonl,70a66137e83d24d8183df0b0ebede16c146ff92d776dad6c3521c6633a1acc8c,759878
incoming_p100/learned_baseline_results_extracted/results/learned_baseline/train/Qwen_Qwen2.5-1.5B-Instruct/templated/seed_123/dolly/run_manifest.json,reproduction_packages/historical_transfers/ShadowKV-P100-learned-admission-results/results/learned_baseline/train/Qwen_Qwen2.5-1.5B-Instruct/templated/seed_123/dolly/run_manifest.json,0158977a8065eedec45e347ef6e30a6884edd20b006cdd2b60d72a41993afb29,3763
incoming_p100/learned_baseline_results_extracted/results/learned_baseline/train/Qwen_Qwen2.5-1.5B-Instruct/templated/seed_123/samsum/benchmark_hf_Qwen_Qwen2.5-1.5B-Instruct_public_dataset_samsum_templated_cuda.json,reproduction_packages/historical_transfers/ShadowKV-P100-learned-admission-results/results/learned_baseline/train/Qwen_Qwen2.5-1.5B-Instruct/templated/seed_123/samsum/benchmark_hf_Qwen_Qwen2.5-1.5B-Instruct_public_dataset_samsum_templated_cuda.json,900453d9f553dbe4e73f0dc2e9a998323b553a3835b79ab649b142f185b74668,16619
incoming_p100/learned_baseline_results_extracted/results/learned_baseline/train/Qwen_Qwen2.5-1.5B-Instruct/templated/seed_123/samsum/policy_trace.jsonl,reproduction_packages/historical_transfers/ShadowKV-P100-learned-admission-results/results/learned_baseline/train/Qwen_Qwen2.5-1.5B-Instruct/templated/seed_123/samsum/policy_trace.jsonl,5d392c9a9342a13aa108dca8774a58cb442fb17dd896f3e8d9816fd3927154e7,760001
incoming_p100/learned_baseline_results_extracted/results/learned_baseline/train/Qwen_Qwen2.5-1.5B-Instruct/templated/seed_123/samsum/run_manifest.json,reproduction_packages/historical_transfers/ShadowKV-P100-learned-admission-results/results/learned_baseline/train/Qwen_Qwen2.5-1.5B-Instruct/templated/seed_123/samsum/run_manifest.json,a1f8108eb2beceea23a0e7c30c6ab6b47a536a65b09a80612b512c2daff45aba,3763
incoming_p100/learned_baseline_results_extracted/results/learned_baseline/train/Qwen_Qwen2.5-1.5B-Instruct/templated/seed_123/ultrachat/benchmark_hf_Qwen_Qwen2.5-1.5B-Instruct_public_dataset_ultrachat_templated_cuda.json,reproduction_packages/historical_transfers/ShadowKV-P100-learned-admission-results/results/learned_baseline/train/Qwen_Qwen2.5-1.5B-Instruct/templated/seed_123/ultrachat/benchmark_hf_Qwen_Qwen2.5-1.5B-Instruct_public_dataset_ultrachat_templated_cuda.json,a0af85020aecc085fbf2ed6c148c08ee000ef6a720d8babc69cf371efe347890,16364
incoming_p100/learned_baseline_results_extracted/results/learned_baseline/train/Qwen_Qwen2.5-1.5B-Instruct/templated/seed_123/ultrachat/policy_trace.jsonl,reproduction_packages/historical_transfers/ShadowKV-P100-learned-admission-results/results/learned_baseline/train/Qwen_Qwen2.5-1.5B-Instruct/templated/seed_123/ultrachat/policy_trace.jsonl,63cf55a91a69d753d8fbfb643b4361d78d5d40a5f60b188db7408d4ecc116564,762215
incoming_p100/learned_baseline_results_extracted/results/learned_baseline/train/Qwen_Qwen2.5-1.5B-Instruct/templated/seed_123/ultrachat/run_manifest.json,reproduction_packages/historical_transfers/ShadowKV-P100-learned-admission-results/results/learned_baseline/train/Qwen_Qwen2.5-1.5B-Instruct/templated/seed_123/ultrachat/run_manifest.json,5b4264ed539df96f008adb924a7c82c25013dabb4b62ca2628e836b5defc6973,3763
incoming_p100/learned_baseline_results_extracted/results/learned_baseline/train/Qwen_Qwen2.5-1.5B-Instruct/templated/seed_42/ag_news/benchmark_hf_Qwen_Qwen2.5-1.5B-Instruct_public_dataset_ag_news_templated_cuda.json,reproduction_packages/historical_transfers/ShadowKV-P100-learned-admission-results/results/learned_baseline/train/Qwen_Qwen2.5-1.5B-Instruct/templated/seed_42/ag_news/benchmark_hf_Qwen_Qwen2.5-1.5B-Instruct_public_dataset_ag_news_templated_cuda.json,23f8e9228fe3cf2d785bd149775d36caa731cee0ae6220248c6988f9e576248a,16324
incoming_p100/learned_baseline_results_extracted/results/learned_baseline/train/Qwen_Qwen2.5-1.5B-Instruct/templated/seed_42/ag_news/policy_trace.jsonl,reproduction_packages/historical_transfers/ShadowKV-P100-learned-admission-results/results/learned_baseline/train/Qwen_Qwen2.5-1.5B-Instruct/templated/seed_42/ag_news/policy_trace.jsonl,fe067d33bf89f5145fe8e73b6246a09e1a5cfe9f0c925048170327ea06cbf02c,759571
incoming_p100/learned_baseline_results_extracted/results/learned_baseline/train/Qwen_Qwen2.5-1.5B-Instruct/templated/seed_42/ag_news/run_manifest.json,reproduction_packages/historical_transfers/ShadowKV-P100-learned-admission-results/results/learned_baseline/train/Qwen_Qwen2.5-1.5B-Instruct/templated/seed_42/ag_news/run_manifest.json,c71e6807a12d2ff3c17f01796052ae0b2fa59f3c4020a537c8738c715f2b7bf7,3762
incoming_p100/learned_baseline_results_extracted/results/learned_baseline/train/Qwen_Qwen2.5-1.5B-Instruct/templated/seed_42/banking77/benchmark_hf_Qwen_Qwen2.5-1.5B-Instruct_public_dataset_banking77_templated_cuda.json,reproduction_packages/historical_transfers/ShadowKV-P100-learned-admission-results/results/learned_baseline/train/Qwen_Qwen2.5-1.5B-Instruct/templated/seed_42/banking77/benchmark_hf_Qwen_Qwen2.5-1.5B-Instruct_public_dataset_banking77_templated_cuda.json,c7e186a1c51b852305b38054c6758f8ad93aa6a95d394f73257109eff66d0093,15834
incoming_p100/learned_baseline_results_extracted/results/learned_baseline/train/Qwen_Qwen2.5-1.5B-Instruct/templated/seed_42/banking77/policy_trace.jsonl,reproduction_packages/historical_transfers/ShadowKV-P100-learned-admission-results/results/learned_baseline/train/Qwen_Qwen2.5-1.5B-Instruct/templated/seed_42/banking77/policy_trace.jsonl,5c3f6c99f0f01fcf67e1634e644e4bd6d180056b6914dbc32ae32150472c9863,760482
incoming_p100/learned_baseline_results_extracted/results/learned_baseline/train/Qwen_Qwen2.5-1.5B-Instruct/templated/seed_42/banking77/run_manifest.json,reproduction_packages/historical_transfers/ShadowKV-P100-learned-admission-results/results/learned_baseline/train/Qwen_Qwen2.5-1.5B-Instruct/templated/seed_42/banking77/run_manifest.json,d01ad1677a3bd4aca643b916f98801428065cf8fc7e0ba23ac3188cfa88c98d4,3762
incoming_p100/learned_baseline_results_extracted/results/learned_baseline/train/Qwen_Qwen2.5-1.5B-Instruct/templated/seed_42/dolly/benchmark_hf_Qwen_Qwen2.5-1.5B-Instruct_public_dataset_dolly_templated_cuda.json,reproduction_packages/historical_transfers/ShadowKV-P100-learned-admission-results/results/learned_baseline/train/Qwen_Qwen2.5-1.5B-Instruct/templated/seed_42/dolly/benchmark_hf_Qwen_Qwen2.5-1.5B-Instruct_public_dataset_dolly_templated_cuda.json,b8232239c7493250204597332f1943d1b7ece584d66b55e5625be22a542a6ada,16850
incoming_p100/learned_baseline_results_extracted/results/learned_baseline/train/Qwen_Qwen2.5-1.5B-Instruct/templated/seed_42/dolly/policy_trace.jsonl,reproduction_packages/historical_transfers/ShadowKV-P100-learned-admission-results/results/learned_baseline/train/Qwen_Qwen2.5-1.5B-Instruct/templated/seed_42/dolly/policy_trace.jsonl,ad3dba6e891e3a2fbc604625652485b2e34cd0ea625678c3a1c50d010791a303,759549
incoming_p100/learned_baseline_results_extracted/results/learned_baseline/train/Qwen_Qwen2.5-1.5B-Instruct/templated/seed_42/dolly/run_manifest.json,reproduction_packages/historical_transfers/ShadowKV-P100-learned-admission-results/results/learned_baseline/train/Qwen_Qwen2.5-1.5B-Instruct/templated/seed_42/dolly/run_manifest.json,cc6cd27c8a212b849a1387de3081ae6c1f3341b2137b08b6419abc67e924e3aa,3762
incoming_p100/learned_baseline_results_extracted/results/learned_baseline/train/Qwen_Qwen2.5-1.5B-Instruct/templated/seed_42/samsum/benchmark_hf_Qwen_Qwen2.5-1.5B-Instruct_public_dataset_samsum_templated_cuda.json,reproduction_packages/historical_transfers/ShadowKV-P100-learned-admission-results/results/learned_baseline/train/Qwen_Qwen2.5-1.5B-Instruct/templated/seed_42/samsum/benchmark_hf_Qwen_Qwen2.5-1.5B-Instruct_public_dataset_samsum_templated_cuda.json,3a8f770e7d986ea0d274774361cc9ee39a7d3ff3045e026e3ebab2762a11d42f,16600
incoming_p100/learned_baseline_results_extracted/results/learned_baseline/train/Qwen_Qwen2.5-1.5B-Instruct/templated/seed_42/samsum/policy_trace.jsonl,reproduction_packages/historical_transfers/ShadowKV-P100-learned-admission-results/results/learned_baseline/train/Qwen_Qwen2.5-1.5B-Instruct/templated/seed_42/samsum/policy_trace.jsonl,589eb6551c7000b8e7e3818728c1df5840cf1cc13ada32157127499ab53404b3,759270
incoming_p100/learned_baseline_results_extracted/results/learned_baseline/train/Qwen_Qwen2.5-1.5B-Instruct/templated/seed_42/samsum/run_manifest.json,reproduction_packages/historical_transfers/ShadowKV-P100-learned-admission-results/results/learned_baseline/train/Qwen_Qwen2.5-1.5B-Instruct/templated/seed_42/samsum/run_manifest.json,711a209696bc41a82227e5293ef5b04060e26a95fa0784a12b69afc55b380191,3762
incoming_p100/learned_baseline_results_extracted/results/learned_baseline/train/Qwen_Qwen2.5-1.5B-Instruct/templated/seed_42/ultrachat/benchmark_hf_Qwen_Qwen2.5-1.5B-Instruct_public_dataset_ultrachat_templated_cuda.json,reproduction_packages/historical_transfers/ShadowKV-P100-learned-admission-results/results/learned_baseline/train/Qwen_Qwen2.5-1.5B-Instruct/templated/seed_42/ultrachat/benchmark_hf_Qwen_Qwen2.5-1.5B-Instruct_public_dataset_ultrachat_templated_cuda.json,1f2227bfed6cb7320a381da917c290b0117b8ea3e76b0212113de6cc09c8d084,16093
incoming_p100/learned_baseline_results_extracted/results/learned_baseline/train/Qwen_Qwen2.5-1.5B-Instruct/templated/seed_42/ultrachat/policy_trace.jsonl,reproduction_packages/historical_transfers/ShadowKV-P100-learned-admission-results/results/learned_baseline/train/Qwen_Qwen2.5-1.5B-Instruct/templated/seed_42/ultrachat/policy_trace.jsonl,7e6fe22caf4867237e99a876d3fcb79e5859dbcbffab515d3694a1dcb71d5108,761339
incoming_p100/learned_baseline_results_extracted/results/learned_baseline/train/Qwen_Qwen2.5-1.5B-Instruct/templated/seed_42/ultrachat/run_manifest.json,reproduction_packages/historical_transfers/ShadowKV-P100-learned-admission-results/results/learned_baseline/train/Qwen_Qwen2.5-1.5B-Instruct/templated/seed_42/ultrachat/run_manifest.json,44ff332eb2050584f7cd7d4aae6ec4c7aa55c38d4a26182d2fa6b981d42a9c27,3762
incoming_p100/memory_bound_trace_4model/memory_bound_fixed/gemma2b/seed_123/memory_bound_summary.json,reproduction_packages/historical_transfers/ShadowKV-P100-learned-admission-memory-fixed-four-models/results/learned_baseline_5seed_all_models/gemma2b/memory_bound_fixed/seed_123/memory_bound_summary.json,31f4fed787a04ba77a3d995efdeea69cd068f31f2e054a5ef3ebad8e7f082e8e,35957
incoming_p100/memory_bound_trace_4model/memory_bound_fixed/gemma2b/seed_123/memory_bound_trace.json,reproduction_packages/historical_transfers/ShadowKV-P100-learned-admission-memory-fixed-four-models/results/learned_baseline_5seed_all_models/gemma2b/memory_bound_fixed/seed_123/memory_bound_trace.json,30a6812342d55caf84b45a3e009046ce01b5ec8d7a9065e701e88ac9861ce844,195253
incoming_p100/memory_bound_trace_4model/memory_bound_fixed/gemma2b/seed_42/memory_bound_summary.json,reproduction_packages/historical_transfers/ShadowKV-P100-learned-admission-memory-fixed-four-models/results/learned_baseline_5seed_all_models/gemma2b/memory_bound_fixed/seed_42/memory_bound_summary.json,63d539fd98f7bc542906d9533a48f4b4c666f7de1ea37193a79c07df4b21868b,35931
incoming_p100/memory_bound_trace_4model/memory_bound_fixed/gemma2b/seed_42/memory_bound_trace.json,reproduction_packages/historical_transfers/ShadowKV-P100-learned-admission-memory-fixed-four-models/results/learned_baseline_5seed_all_models/gemma2b/memory_bound_fixed/seed_42/memory_bound_trace.json,510ede1b7ca7759f1dc101cadd7a65fca06e2d8d83df64ee7caeb5f36aeaa7ab,195271
incoming_p100/memory_bound_trace_4model/memory_bound_fixed/gemma2b/seed_456/memory_bound_summary.json,reproduction_packages/historical_transfers/ShadowKV-P100-learned-admission-memory-fixed-four-models/results/learned_baseline_5seed_all_models/gemma2b/memory_bound_fixed/seed_456/memory_bound_summary.json,9c531e8eebd4f20b4be81e96faddab6951d96ac844c91bd25f249d5b60fca760,35933
incoming_p100/memory_bound_trace_4model/memory_bound_fixed/gemma2b/seed_456/memory_bound_trace.json,reproduction_packages/historical_transfers/ShadowKV-P100-learned-admission-memory-fixed-four-models/results/learned_baseline_5seed_all_models/gemma2b/memory_bound_fixed/seed_456/memory_bound_trace.json,6d87ba909f98176f901d9d57cc2b91272f0f092d2db1ffdce21404ef08a70b9e,195244
incoming_p100/memory_bound_trace_4model/memory_bound_fixed/gemma2b/seed_789/memory_bound_summary.json,reproduction_packages/historical_transfers/ShadowKV-P100-learned-admission-memory-fixed-four-models/results/learned_baseline_5seed_all_models/gemma2b/memory_bound_fixed/seed_789/memory_bound_summary.json,1af87cec9b17b09369e2c7fa12006fcfea59f1bad41b54be01953ec44cbf56c4,35864
incoming_p100/memory_bound_trace_4model/memory_bound_fixed/gemma2b/seed_789/memory_bound_trace.json,reproduction_packages/historical_transfers/ShadowKV-P100-learned-admission-memory-fixed-four-models/results/learned_baseline_5seed_all_models/gemma2b/memory_bound_fixed/seed_789/memory_bound_trace.json,b178886e8baba8aa1dfbe2371a5c29cd51b2da25566acb64f5331515976d7e1c,194653
incoming_p100/memory_bound_trace_4model/memory_bound_fixed/gemma2b/seed_999/memory_bound_summary.json,reproduction_packages/historical_transfers/ShadowKV-P100-learned-admission-memory-fixed-four-models/results/learned_baseline_5seed_all_models/gemma2b/memory_bound_fixed/seed_999/memory_bound_summary.json,97b49e6b8b89835e3a96c36ebce145a5eb2f584ae00425972f832f2c4550318b,35929
incoming_p100/memory_bound_trace_4model/memory_bound_fixed/gemma2b/seed_999/memory_bound_trace.json,reproduction_packages/historical_transfers/ShadowKV-P100-learned-admission-memory-fixed-four-models/results/learned_baseline_5seed_all_models/gemma2b/memory_bound_fixed/seed_999/memory_bound_trace.json,ce4215785b5adbfd13ba021c9d66b9421d5c4af7c75b22492feb638fa6daf39c,195241
incoming_p100/memory_bound_trace_4model/memory_bound_fixed/gpt2/seed_123/memory_bound_summary.json,reproduction_packages/historical_transfers/ShadowKV-P100-learned-admission-memory-fixed-four-models/results/learned_baseline_5seed_all_models/gpt2/memory_bound_fixed/seed_123/memory_bound_summary.json,107fb2169718b58c4c80d5037c395cfd5d4f63d135db997901d5e2f74765135c,35521
incoming_p100/memory_bound_trace_4model/memory_bound_fixed/gpt2/seed_123/memory_bound_trace.json,reproduction_packages/historical_transfers/ShadowKV-P100-learned-admission-memory-fixed-four-models/results/learned_baseline_5seed_all_models/gpt2/memory_bound_fixed/seed_123/memory_bound_trace.json,7b2c18d036024441c6231804c20333f7e95ee6e78d49c8f116b57f2c03702212,195235
incoming_p100/memory_bound_trace_4model/memory_bound_fixed/gpt2/seed_42/memory_bound_summary.json,reproduction_packages/historical_transfers/ShadowKV-P100-learned-admission-memory-fixed-four-models/results/learned_baseline_5seed_all_models/gpt2/memory_bound_fixed/seed_42/memory_bound_summary.json,26d2d4636539064c829de1d0607be01a58ba80ae3a765f687bab58697b432f49,35542
incoming_p100/memory_bound_trace_4model/memory_bound_fixed/gpt2/seed_42/memory_bound_trace.json,reproduction_packages/historical_transfers/ShadowKV-P100-learned-admission-memory-fixed-four-models/results/learned_baseline_5seed_all_models/gpt2/memory_bound_fixed/seed_42/memory_bound_trace.json,67338deac9aa484acd9ab83d89d5f3aa29e52c4e5b018182c0ddc21d99ca5650,195263
incoming_p100/memory_bound_trace_4model/memory_bound_fixed/gpt2/seed_456/memory_bound_summary.json,reproduction_packages/historical_transfers/ShadowKV-P100-learned-admission-memory-fixed-four-models/results/learned_baseline_5seed_all_models/gpt2/memory_bound_fixed/seed_456/memory_bound_summary.json,d649345943f1c4d2d1dde8797c0d756ca88f033bd8cf1706b87fa603e878d633,35522
incoming_p100/memory_bound_trace_4model/memory_bound_fixed/gpt2/seed_456/memory_bound_trace.json,reproduction_packages/historical_transfers/ShadowKV-P100-learned-admission-memory-fixed-four-models/results/learned_baseline_5seed_all_models/gpt2/memory_bound_fixed/seed_456/memory_bound_trace.json,480705beda8f3f64093bd455fd2875e2002c74801716f436a8bcac800d61cb86,195253
incoming_p100/memory_bound_trace_4model/memory_bound_fixed/gpt2/seed_789/memory_bound_summary.json,reproduction_packages/historical_transfers/ShadowKV-P100-learned-admission-memory-fixed-four-models/results/learned_baseline_5seed_all_models/gpt2/memory_bound_fixed/seed_789/memory_bound_summary.json,95f34abeaa085936625f05e0a5f28cc76e147a072aa4bc726363f8c3b2d36dcc,35533
incoming_p100/memory_bound_trace_4model/memory_bound_fixed/gpt2/seed_789/memory_bound_trace.json,reproduction_packages/historical_transfers/ShadowKV-P100-learned-admission-memory-fixed-four-models/results/learned_baseline_5seed_all_models/gpt2/memory_bound_fixed/seed_789/memory_bound_trace.json,164e46ad5012801fccc690aa14c85a9ba4d3322e45fd18520e4e34e81c8c683f,195255
incoming_p100/memory_bound_trace_4model/memory_bound_fixed/gpt2/seed_999/memory_bound_summary.json,reproduction_packages/historical_transfers/ShadowKV-P100-learned-admission-memory-fixed-four-models/results/learned_baseline_5seed_all_models/gpt2/memory_bound_fixed/seed_999/memory_bound_summary.json,2bcc8cd1475abbe5806c3c7b6ba1185650afe9c883333f780fef53c3397a107d,35509
incoming_p100/memory_bound_trace_4model/memory_bound_fixed/gpt2/seed_999/memory_bound_trace.json,reproduction_packages/historical_transfers/ShadowKV-P100-learned-admission-memory-fixed-four-models/results/learned_baseline_5seed_all_models/gpt2/memory_bound_fixed/seed_999/memory_bound_trace.json,96eb2d79c050d6a24871e1b507390ca8ac2eedb06d8050380a4df2f9e7ffae90,195255
incoming_p100/memory_bound_trace_4model/memory_bound_fixed/qwen25_15b/seed_123/memory_bound_summary.json,reproduction_packages/historical_transfers/ShadowKV-P100-learned-admission-memory-fixed-four-models/results/learned_baseline_5seed_all_models/qwen25_15b/memory_bound_fixed/seed_123/memory_bound_summary.json,9a63e7255b1f9977a9902c702bdcfe9b18f7e4aee4a4fcd630260d45e275a744,35605
incoming_p100/memory_bound_trace_4model/memory_bound_fixed/qwen25_15b/seed_123/memory_bound_trace.json,reproduction_packages/historical_transfers/ShadowKV-P100-learned-admission-memory-fixed-four-models/results/learned_baseline_5seed_all_models/qwen25_15b/memory_bound_fixed/seed_123/memory_bound_trace.json,b563eef57e320e4a03ad3a2468e3c721baa77f5dbebed8e13136c781b7c9845c,193622
incoming_p100/memory_bound_trace_4model/memory_bound_fixed/qwen25_15b/seed_42/memory_bound_summary.json,reproduction_packages/historical_transfers/ShadowKV-P100-learned-admission-memory-fixed-four-models/results/learned_baseline_5seed_all_models/qwen25_15b/memory_bound_fixed/seed_42/memory_bound_summary.json,f97c0dcd45ac2371605d1446488c2917063f845198648de5f9656c894f8af93d,35604
incoming_p100/memory_bound_trace_4model/memory_bound_fixed/qwen25_15b/seed_42/memory_bound_trace.json,reproduction_packages/historical_transfers/ShadowKV-P100-learned-admission-memory-fixed-four-models/results/learned_baseline_5seed_all_models/qwen25_15b/memory_bound_fixed/seed_42/memory_bound_trace.json,114eb1b360b9893c72dd67ee072aae87cdbf77043b620f9af094bb6dccb9a199,193634
incoming_p100/memory_bound_trace_4model/memory_bound_fixed/qwen25_15b/seed_456/memory_bound_summary.json,reproduction_packages/historical_transfers/ShadowKV-P100-learned-admission-memory-fixed-four-models/results/learned_baseline_5seed_all_models/qwen25_15b/memory_bound_fixed/seed_456/memory_bound_summary.json,6d5362d46daf6f444e094fe165d0750c94351f4e15a1feeaa8b97a49388e856f,35583
incoming_p100/memory_bound_trace_4model/memory_bound_fixed/qwen25_15b/seed_456/memory_bound_trace.json,reproduction_packages/historical_transfers/ShadowKV-P100-learned-admission-memory-fixed-four-models/results/learned_baseline_5seed_all_models/qwen25_15b/memory_bound_fixed/seed_456/memory_bound_trace.json,c7862dba1203e9706e0bbe5ba6ec90a8b3c0f6666589356bb6751bfa03ce9b2b,193626
incoming_p100/memory_bound_trace_4model/memory_bound_fixed/qwen25_15b/seed_789/memory_bound_summary.json,reproduction_packages/historical_transfers/ShadowKV-P100-learned-admission-memory-fixed-four-models/results/learned_baseline_5seed_all_models/qwen25_15b/memory_bound_fixed/seed_789/memory_bound_summary.json,4ed027acc743655b600ff0c4adb6c117755b5c34d46cc96a6f15cced57752f11,35540
incoming_p100/memory_bound_trace_4model/memory_bound_fixed/qwen25_15b/seed_789/memory_bound_trace.json,reproduction_packages/historical_transfers/ShadowKV-P100-learned-admission-memory-fixed-four-models/results/learned_baseline_5seed_all_models/qwen25_15b/memory_bound_fixed/seed_789/memory_bound_trace.json,07402a577ff7ff9871be456b5600c21e3cd1e6002aa2befafb436d2441266f0a,193472
incoming_p100/memory_bound_trace_4model/memory_bound_fixed/qwen25_15b/seed_999/memory_bound_summary.json,reproduction_packages/historical_transfers/ShadowKV-P100-learned-admission-memory-fixed-four-models/results/learned_baseline_5seed_all_models/qwen25_15b/memory_bound_fixed/seed_999/memory_bound_summary.json,cfe88cd76a20951f0dee841321e5b325c68074ac72c90d998e01bad14e1d9ce0,35575
incoming_p100/memory_bound_trace_4model/memory_bound_fixed/qwen25_15b/seed_999/memory_bound_trace.json,reproduction_packages/historical_transfers/ShadowKV-P100-learned-admission-memory-fixed-four-models/results/learned_baseline_5seed_all_models/qwen25_15b/memory_bound_fixed/seed_999/memory_bound_trace.json,3a646dbd1c72382b0735e6b9b0a054da2b7af97a8928b5aaf7c27b8516274b7d,193627
incoming_p100/memory_bound_trace_4model/memory_bound_fixed/tinyllama_11b/seed_123/memory_bound_summary.json,reproduction_packages/historical_transfers/ShadowKV-P100-learned-admission-memory-fixed-four-models/results/learned_baseline_5seed_all_models/tinyllama_11b/memory_bound_fixed/seed_123/memory_bound_summary.json,03b6884df072af9256131a5fc9bd3b9e2acf88cb9e1e7dcecc5409952612a8a5,36967
incoming_p100/memory_bound_trace_4model/memory_bound_fixed/tinyllama_11b/seed_123/memory_bound_trace.json,reproduction_packages/historical_transfers/ShadowKV-P100-learned-admission-memory-fixed-four-models/results/learned_baseline_5seed_all_models/tinyllama_11b/memory_bound_fixed/seed_123/memory_bound_trace.json,1a4be7e5812bbf2d5086dfcc8e4bba39d33e3c9a749ea593dfa6340760a4578a,195216
incoming_p100/memory_bound_trace_4model/memory_bound_fixed/tinyllama_11b/seed_42/memory_bound_summary.json,reproduction_packages/historical_transfers/ShadowKV-P100-learned-admission-memory-fixed-four-models/results/learned_baseline_5seed_all_models/tinyllama_11b/memory_bound_fixed/seed_42/memory_bound_summary.json,5014bc790111f165126933eef16c285e25073bca8aea9565a61dccbd65526d1c,36966
incoming_p100/memory_bound_trace_4model/memory_bound_fixed/tinyllama_11b/seed_42/memory_bound_trace.json,reproduction_packages/historical_transfers/ShadowKV-P100-learned-admission-memory-fixed-four-models/results/learned_baseline_5seed_all_models/tinyllama_11b/memory_bound_fixed/seed_42/memory_bound_trace.json,f647ffe8b5d2060fc494b7abedbda9f647f8dbde9250975128b7efa017f4a67d,195230
incoming_p100/memory_bound_trace_4model/memory_bound_fixed/tinyllama_11b/seed_456/memory_bound_summary.json,reproduction_packages/historical_transfers/ShadowKV-P100-learned-admission-memory-fixed-four-models/results/learned_baseline_5seed_all_models/tinyllama_11b/memory_bound_fixed/seed_456/memory_bound_summary.json,c695c32a4c1bacd854daf7b04fd7921af050455f9f145a4f268d6f906eec50c2,36972
incoming_p100/memory_bound_trace_4model/memory_bound_fixed/tinyllama_11b/seed_456/memory_bound_trace.json,reproduction_packages/historical_transfers/ShadowKV-P100-learned-admission-memory-fixed-four-models/results/learned_baseline_5seed_all_models/tinyllama_11b/memory_bound_fixed/seed_456/memory_bound_trace.json,d0e5c373a2cc89a6a020bfce89d976b844753789e2877eca30a81da26ac12c0f,195231
incoming_p100/memory_bound_trace_4model/memory_bound_fixed/tinyllama_11b/seed_789/memory_bound_summary.json,reproduction_packages/historical_transfers/ShadowKV-P100-learned-admission-memory-fixed-four-models/results/learned_baseline_5seed_all_models/tinyllama_11b/memory_bound_fixed/seed_789/memory_bound_summary.json,0fa9af65f1cf0b03bb2792babbcea89d32fa8c78590798b47204f4a5acf6a96f,36988
incoming_p100/memory_bound_trace_4model/memory_bound_fixed/tinyllama_11b/seed_789/memory_bound_trace.json,reproduction_packages/historical_transfers/ShadowKV-P100-learned-admission-memory-fixed-four-models/results/learned_baseline_5seed_all_models/tinyllama_11b/memory_bound_fixed/seed_789/memory_bound_trace.json,151277fceb3caa1a106a6293dd5685f015b3b9ae000dfc5cc68cbfe8f819d943,195203
incoming_p100/memory_bound_trace_4model/memory_bound_fixed/tinyllama_11b/seed_999/memory_bound_summary.json,reproduction_packages/historical_transfers/ShadowKV-P100-learned-admission-memory-fixed-four-models/results/learned_baseline_5seed_all_models/tinyllama_11b/memory_bound_fixed/seed_999/memory_bound_summary.json,2f517db70ca47ee95d1404891893293f3eea30b3c53fe43f0978ca03f5e133f6,37038
incoming_p100/memory_bound_trace_4model/memory_bound_fixed/tinyllama_11b/seed_999/memory_bound_trace.json,reproduction_packages/historical_transfers/ShadowKV-P100-learned-admission-memory-fixed-four-models/results/learned_baseline_5seed_all_models/tinyllama_11b/memory_bound_fixed/seed_999/memory_bound_trace.json,99a343a048b57a6b7563e1ffb79d8693b667fe7f88df2541da641d1f75680279,195880
incoming_p100/memory_bound_trace_4model/phase3_partial/gemma2b/memory_bound_aggregate.json,reproduction_packages/historical_transfers/ShadowKV-P100-learned-admission-partial-before-Phi3-OOM/results/learned_baseline_5seed_all_models/gemma2b/memory_bound/memory_bound_aggregate.json,054c29524f16ce0b2b5ca35e715bce900f8fa4d425c2dfad7de262cf96f970b0,199455
incoming_p100/memory_bound_trace_4model/phase3_partial/gemma2b/seed_123/memory_bound_summary.json,reproduction_packages/historical_transfers/ShadowKV-P100-learned-admission-partial-before-Phi3-OOM/results/learned_baseline_5seed_all_models/gemma2b/memory_bound/seed_123/memory_bound_summary.json,80cc106b6e91c0addf5bd792782611193645d3cf6d133545c52ba8fb5b46c7bf,35490
incoming_p100/memory_bound_trace_4model/phase3_partial/gemma2b/seed_123/memory_bound_trace.json,reproduction_packages/historical_transfers/ShadowKV-P100-learned-admission-partial-before-Phi3-OOM/results/learned_baseline_5seed_all_models/gemma2b/memory_bound/seed_123/memory_bound_trace.json,3b080d8438f1a8f5fe183e7b15ffe98001f2b3a8bd71cc581d822d9a084d2c27,110769
incoming_p100/memory_bound_trace_4model/phase3_partial/gemma2b/seed_42/memory_bound_summary.json,reproduction_packages/historical_transfers/ShadowKV-P100-learned-admission-partial-before-Phi3-OOM/results/learned_baseline_5seed_all_models/gemma2b/memory_bound/seed_42/memory_bound_summary.json,9c7293a085ee9ba6d1c385910497b260c40a6caac4bf8f67b86b9dea6989d426,35500
incoming_p100/memory_bound_trace_4model/phase3_partial/gemma2b/seed_42/memory_bound_trace.json,reproduction_packages/historical_transfers/ShadowKV-P100-learned-admission-partial-before-Phi3-OOM/results/learned_baseline_5seed_all_models/gemma2b/memory_bound/seed_42/memory_bound_trace.json,8e56d7fdffcccf2f908e599303268335ed2d22449b7d99b2a507f250394989ec,110770
incoming_p100/memory_bound_trace_4model/phase3_partial/gemma2b/seed_456/memory_bound_summary.json,reproduction_packages/historical_transfers/ShadowKV-P100-learned-admission-partial-before-Phi3-OOM/results/learned_baseline_5seed_all_models/gemma2b/memory_bound/seed_456/memory_bound_summary.json,1885fc825efd379595cdd9f1c2402ff23867ce3d8333595f0afbc2bf3251e202,35497
incoming_p100/memory_bound_trace_4model/phase3_partial/gemma2b/seed_456/memory_bound_trace.json,reproduction_packages/historical_transfers/ShadowKV-P100-learned-admission-partial-before-Phi3-OOM/results/learned_baseline_5seed_all_models/gemma2b/memory_bound/seed_456/memory_bound_trace.json,e431332e0b473ec7ad367d8511423456f9140203ead8836708816a6d4d5208c4,110764
incoming_p100/memory_bound_trace_4model/phase3_partial/gemma2b/seed_789/memory_bound_summary.json,reproduction_packages/historical_transfers/ShadowKV-P100-learned-admission-partial-before-Phi3-OOM/results/learned_baseline_5seed_all_models/gemma2b/memory_bound/seed_789/memory_bound_summary.json,0c9f687a2be9b3a5e0add02a3b6bc2df4f409c842657c89ac768ef9de30f66d7,35486
incoming_p100/memory_bound_trace_4model/phase3_partial/gemma2b/seed_789/memory_bound_trace.json,reproduction_packages/historical_transfers/ShadowKV-P100-learned-admission-partial-before-Phi3-OOM/results/learned_baseline_5seed_all_models/gemma2b/memory_bound/seed_789/memory_bound_trace.json,224b8ac131ed667326cab1b1e4e67fe2375f396083e0ba02cd06cf5cf76c69fb,110728
incoming_p100/memory_bound_trace_4model/phase3_partial/gemma2b/seed_999/memory_bound_summary.json,reproduction_packages/historical_transfers/ShadowKV-P100-learned-admission-partial-before-Phi3-OOM/results/learned_baseline_5seed_all_models/gemma2b/memory_bound/seed_999/memory_bound_summary.json,8356703cd6602341daa30f80438ec402d64a9ee3ab24a68cbad16102cfa86ba3,35501
incoming_p100/memory_bound_trace_4model/phase3_partial/gemma2b/seed_999/memory_bound_trace.json,reproduction_packages/historical_transfers/ShadowKV-P100-learned-admission-partial-before-Phi3-OOM/results/learned_baseline_5seed_all_models/gemma2b/memory_bound/seed_999/memory_bound_trace.json,c30f5464594ddef6e8545fbfa03439ab10e6ba4119f44d57b14606262835c02e,110759
incoming_p100/memory_bound_trace_4model/phase3_partial/gpt2/memory_bound_aggregate.json,reproduction_packages/historical_transfers/ShadowKV-P100-learned-admission-partial-before-Phi3-OOM/results/learned_baseline_5seed_all_models/gpt2/memory_bound/memory_bound_aggregate.json,091006ef40e6475fa297979e4367f24307967dee61a14221b5c6269ff5dfa08d,199070
incoming_p100/memory_bound_trace_4model/phase3_partial/gpt2/seed_123/memory_bound_summary.json,reproduction_packages/historical_transfers/ShadowKV-P100-learned-admission-partial-before-Phi3-OOM/results/learned_baseline_5seed_all_models/gpt2/memory_bound/seed_123/memory_bound_summary.json,ec10800bece0307bda22b5931ac4d7624f82614ad397c0cd2956a43e060a3a12,35411
incoming_p100/memory_bound_trace_4model/phase3_partial/gpt2/seed_123/memory_bound_trace.json,reproduction_packages/historical_transfers/ShadowKV-P100-learned-admission-partial-before-Phi3-OOM/results/learned_baseline_5seed_all_models/gpt2/memory_bound/seed_123/memory_bound_trace.json,c75011dbbadc04571b4e6a877408169d0c4000e81849e779c4e75104f0e7f0a7,110622
incoming_p100/memory_bound_trace_4model/phase3_partial/gpt2/seed_42/memory_bound_summary.json,reproduction_packages/historical_transfers/ShadowKV-P100-learned-admission-partial-before-Phi3-OOM/results/learned_baseline_5seed_all_models/gpt2/memory_bound/seed_42/memory_bound_summary.json,cdd1653232afcd4fdde3ea9f705f2529cc973ab2d2d4e85a61c29c38988ecbde,35409
incoming_p100/memory_bound_trace_4model/phase3_partial/gpt2/seed_42/memory_bound_trace.json,reproduction_packages/historical_transfers/ShadowKV-P100-learned-admission-partial-before-Phi3-OOM/results/learned_baseline_5seed_all_models/gpt2/memory_bound/seed_42/memory_bound_trace.json,6fdc02a837080d3708f82ede5bb02bb7b616dc0b6e8ace89495c801051003274,110614
incoming_p100/memory_bound_trace_4model/phase3_partial/gpt2/seed_456/memory_bound_summary.json,reproduction_packages/historical_transfers/ShadowKV-P100-learned-admission-partial-before-Phi3-OOM/results/learned_baseline_5seed_all_models/gpt2/memory_bound/seed_456/memory_bound_summary.json,80832d09de4e90dd6151588ed7eca80c4fb46ce135acef1833764df212fe2b01,35423
incoming_p100/memory_bound_trace_4model/phase3_partial/gpt2/seed_456/memory_bound_trace.json,reproduction_packages/historical_transfers/ShadowKV-P100-learned-admission-partial-before-Phi3-OOM/results/learned_baseline_5seed_all_models/gpt2/memory_bound/seed_456/memory_bound_trace.json,110ade8de77238bfa40ffee097ff7a2c171ea9f4a239f6a75cb633d707b310b1,110618
incoming_p100/memory_bound_trace_4model/phase3_partial/gpt2/seed_789/memory_bound_summary.json,reproduction_packages/historical_transfers/ShadowKV-P100-learned-admission-partial-before-Phi3-OOM/results/learned_baseline_5seed_all_models/gpt2/memory_bound/seed_789/memory_bound_summary.json,7d3b1d689d9e8b044c848eab79defc22516268e7da2b9f6c97ece9ddcc27b0af,35428
incoming_p100/memory_bound_trace_4model/phase3_partial/gpt2/seed_789/memory_bound_trace.json,reproduction_packages/historical_transfers/ShadowKV-P100-learned-admission-partial-before-Phi3-OOM/results/learned_baseline_5seed_all_models/gpt2/memory_bound/seed_789/memory_bound_trace.json,59d93bcaba424720d580cc62b782cd03ec7901fc9801c2116397ff1eb4fc3fbe,110619
incoming_p100/memory_bound_trace_4model/phase3_partial/gpt2/seed_999/memory_bound_summary.json,reproduction_packages/historical_transfers/ShadowKV-P100-learned-admission-partial-before-Phi3-OOM/results/learned_baseline_5seed_all_models/gpt2/memory_bound/seed_999/memory_bound_summary.json,230fa489b185fbb27e2805b2ca519e9358c620850cc03db480415702c92a4fbd,35426
incoming_p100/memory_bound_trace_4model/phase3_partial/gpt2/seed_999/memory_bound_trace.json,reproduction_packages/historical_transfers/ShadowKV-P100-learned-admission-partial-before-Phi3-OOM/results/learned_baseline_5seed_all_models/gpt2/memory_bound/seed_999/memory_bound_trace.json,e63713b7fd7f9e75271b845326aac55968eb88d00bc4b05b5150742d4e1dd848,110619
incoming_p100/memory_bound_trace_4model/phase3_partial/qwen25_15b/memory_bound_aggregate.json,reproduction_packages/historical_transfers/ShadowKV-P100-learned-admission-partial-before-Phi3-OOM/results/learned_baseline_5seed_all_models/qwen25_15b/memory_bound/memory_bound_aggregate.json,cbc23ddb4044b019f9ffa72368a57d6610685575392ec1c2ce5789a944c8ca76,198992
incoming_p100/memory_bound_trace_4model/phase3_partial/qwen25_15b/seed_123/memory_bound_summary.json,reproduction_packages/historical_transfers/ShadowKV-P100-learned-admission-partial-before-Phi3-OOM/results/learned_baseline_5seed_all_models/qwen25_15b/memory_bound/seed_123/memory_bound_summary.json,d370d81774b9c368a4e8a17badca0e386d4245fd66f9b6c0effe730c4972e6d0,35398
incoming_p100/memory_bound_trace_4model/phase3_partial/qwen25_15b/seed_123/memory_bound_trace.json,reproduction_packages/historical_transfers/ShadowKV-P100-learned-admission-partial-before-Phi3-OOM/results/learned_baseline_5seed_all_models/qwen25_15b/memory_bound/seed_123/memory_bound_trace.json,3cc94245571730ccde625a7149d51c57d210474be52d4f8b1ef0a161c19249d7,109672
incoming_p100/memory_bound_trace_4model/phase3_partial/qwen25_15b/seed_42/memory_bound_summary.json,reproduction_packages/historical_transfers/ShadowKV-P100-learned-admission-partial-before-Phi3-OOM/results/learned_baseline_5seed_all_models/qwen25_15b/memory_bound/seed_42/memory_bound_summary.json,4877bf9a12b296741131622195cf20015aca732d34eab0be90bc7f84a7e12844,35401
incoming_p100/memory_bound_trace_4model/phase3_partial/qwen25_15b/seed_42/memory_bound_trace.json,reproduction_packages/historical_transfers/ShadowKV-P100-learned-admission-partial-before-Phi3-OOM/results/learned_baseline_5seed_all_models/qwen25_15b/memory_bound/seed_42/memory_bound_trace.json,c517825f2f72ac22fcdc38b654f6c7a245b24ae9d57ccff126e9cd2dbc9680ea,109672
incoming_p100/memory_bound_trace_4model/phase3_partial/qwen25_15b/seed_456/memory_bound_summary.json,reproduction_packages/historical_transfers/ShadowKV-P100-learned-admission-partial-before-Phi3-OOM/results/learned_baseline_5seed_all_models/qwen25_15b/memory_bound/seed_456/memory_bound_summary.json,8844c44114d30b312574ff83b6b7c59dc7bf6231c5ff67363bcaa88036202000,35399
incoming_p100/memory_bound_trace_4model/phase3_partial/qwen25_15b/seed_456/memory_bound_trace.json,reproduction_packages/historical_transfers/ShadowKV-P100-learned-admission-partial-before-Phi3-OOM/results/learned_baseline_5seed_all_models/qwen25_15b/memory_bound/seed_456/memory_bound_trace.json,85573f3c47fa10bc6bf7e786848fe65bd9594414ba5af33e19e58f1e25f17cb0,109673
incoming_p100/memory_bound_trace_4model/phase3_partial/qwen25_15b/seed_789/memory_bound_summary.json,reproduction_packages/historical_transfers/ShadowKV-P100-learned-admission-partial-before-Phi3-OOM/results/learned_baseline_5seed_all_models/qwen25_15b/memory_bound/seed_789/memory_bound_summary.json,577dbffaf4c45ce6c9fc4677d557bdc67e7569cd928c9f533c981ebe5e9829c0,35406
incoming_p100/memory_bound_trace_4model/phase3_partial/qwen25_15b/seed_789/memory_bound_trace.json,reproduction_packages/historical_transfers/ShadowKV-P100-learned-admission-partial-before-Phi3-OOM/results/learned_baseline_5seed_all_models/qwen25_15b/memory_bound/seed_789/memory_bound_trace.json,37cccd2e66600d5c68e74f4cfaa14d3341b6eb429c73483f9028b95cf0bc7657,109685
incoming_p100/memory_bound_trace_4model/phase3_partial/qwen25_15b/seed_999/memory_bound_summary.json,reproduction_packages/historical_transfers/ShadowKV-P100-learned-admission-partial-before-Phi3-OOM/results/learned_baseline_5seed_all_models/qwen25_15b/memory_bound/seed_999/memory_bound_summary.json,cfc416532dd3e4f62cc728f6fb5361a780f6f0d6a519fbdeec722b4c491c53e5,35417
incoming_p100/memory_bound_trace_4model/phase3_partial/qwen25_15b/seed_999/memory_bound_trace.json,reproduction_packages/historical_transfers/ShadowKV-P100-learned-admission-partial-before-Phi3-OOM/results/learned_baseline_5seed_all_models/qwen25_15b/memory_bound/seed_999/memory_bound_trace.json,05df8c6bae809c9f954bd38136543dc85b7d2f6aac7a2b9f9bbbd6e190bea995,109690
incoming_p100/memory_bound_trace_4model/phase3_partial/summary_memory_bound_all_models.json,reproduction_packages/historical_transfers/ShadowKV-P100-learned-admission-partial-before-Phi3-OOM/results/learned_baseline_5seed_all_models/summary_memory_bound_all_models.json,54667113a00472744213111312d7ae4cac27b08437ac5c2a6a477a2fa8dda514,837992
incoming_p100/memory_bound_trace_4model/phase3_partial/tinyllama_11b/memory_bound_aggregate.json,reproduction_packages/historical_transfers/ShadowKV-P100-learned-admission-partial-before-Phi3-OOM/results/learned_baseline_5seed_all_models/tinyllama_11b/memory_bound/memory_bound_aggregate.json,48806d8271b0ae7b96896203abb2f09710e13bfcc9eefd76bc10c5e69c1d03a2,200997
incoming_p100/memory_bound_trace_4model/phase3_partial/tinyllama_11b/seed_123/memory_bound_summary.json,reproduction_packages/historical_transfers/ShadowKV-P100-learned-admission-partial-before-Phi3-OOM/results/learned_baseline_5seed_all_models/tinyllama_11b/memory_bound/seed_123/memory_bound_summary.json,ff6419767f2a0a110304488feae690884e0faf5829b10111a64de0396ba44a3f,35776
incoming_p100/memory_bound_trace_4model/phase3_partial/tinyllama_11b/seed_123/memory_bound_trace.json,reproduction_packages/historical_transfers/ShadowKV-P100-learned-admission-partial-before-Phi3-OOM/results/learned_baseline_5seed_all_models/tinyllama_11b/memory_bound/seed_123/memory_bound_trace.json,b3bf77790bbe92f28cd9d7ceed03c32d443dc50e9eee064fee030a68a28e5f2d,110951
incoming_p100/memory_bound_trace_4model/phase3_partial/tinyllama_11b/seed_42/memory_bound_summary.json,reproduction_packages/historical_transfers/ShadowKV-P100-learned-admission-partial-before-Phi3-OOM/results/learned_baseline_5seed_all_models/tinyllama_11b/memory_bound/seed_42/memory_bound_summary.json,e4016b6d6c1ed8a8a286e72e95a91ffcf25bc3ae782291a817d7d58c3c18f61f,35781
incoming_p100/memory_bound_trace_4model/phase3_partial/tinyllama_11b/seed_42/memory_bound_trace.json,reproduction_packages/historical_transfers/ShadowKV-P100-learned-admission-partial-before-Phi3-OOM/results/learned_baseline_5seed_all_models/tinyllama_11b/memory_bound/seed_42/memory_bound_trace.json,c299711bb0616d189cfd76fce0e4d054090c34fdaf4f1344b6e0d9617de8fba9,110958
incoming_p100/memory_bound_trace_4model/phase3_partial/tinyllama_11b/seed_456/memory_bound_summary.json,reproduction_packages/historical_transfers/ShadowKV-P100-learned-admission-partial-before-Phi3-OOM/results/learned_baseline_5seed_all_models/tinyllama_11b/memory_bound/seed_456/memory_bound_summary.json,e489c9a8b683a67447f401008b888f3b6fb3fb507edd1af41a62f342ebcaafb8,35778
incoming_p100/memory_bound_trace_4model/phase3_partial/tinyllama_11b/seed_456/memory_bound_trace.json,reproduction_packages/historical_transfers/ShadowKV-P100-learned-admission-partial-before-Phi3-OOM/results/learned_baseline_5seed_all_models/tinyllama_11b/memory_bound/seed_456/memory_bound_trace.json,85e54541d348fed4c60b72580751747563b6db3ab23a27b65cbe3b418856d0bf,110973
incoming_p100/memory_bound_trace_4model/phase3_partial/tinyllama_11b/seed_789/memory_bound_summary.json,reproduction_packages/historical_transfers/ShadowKV-P100-learned-admission-partial-before-Phi3-OOM/results/learned_baseline_5seed_all_models/tinyllama_11b/memory_bound/seed_789/memory_bound_summary.json,37b732636f5183bbf91b7ca9344875fc4117a87ca59e48b7ca584e268d48e06d,35790
incoming_p100/memory_bound_trace_4model/phase3_partial/tinyllama_11b/seed_789/memory_bound_trace.json,reproduction_packages/historical_transfers/ShadowKV-P100-learned-admission-partial-before-Phi3-OOM/results/learned_baseline_5seed_all_models/tinyllama_11b/memory_bound/seed_789/memory_bound_trace.json,7753aec46a130cbafaedffd6ce2ae9d574a2ba57568b65149d48267b90c5344e,110973
incoming_p100/memory_bound_trace_4model/phase3_partial/tinyllama_11b/seed_999/memory_bound_summary.json,reproduction_packages/historical_transfers/ShadowKV-P100-learned-admission-partial-before-Phi3-OOM/results/learned_baseline_5seed_all_models/tinyllama_11b/memory_bound/seed_999/memory_bound_summary.json,a762571f591d59a0b3433ee3ecde3e7fb37ef465582fc552bd4d609ac7542cd6,35767
incoming_p100/memory_bound_trace_4model/phase3_partial/tinyllama_11b/seed_999/memory_bound_trace.json,reproduction_packages/historical_transfers/ShadowKV-P100-learned-admission-partial-before-Phi3-OOM/results/learned_baseline_5seed_all_models/tinyllama_11b/memory_bound/seed_999/memory_bound_trace.json,4ad25c884864719f8d75906823c3a44e8410e1f0e3b7a45ad20340bf277a59db,110970
incoming_p100/shadowkv_blackwell_semantic_n128_repo/src/proactive_kv_cache.egg-info/PKG-INFO,reproduction_packages/historical_transfers/ShadowKV-Blackwell-semantic-n128-source-20260704/shadowkv_blackwell_semantic_n128_repo/src/proactive_kv_cache.egg-info/PKG-INFO,e18ab0c9363eb48abf8fb866f9f49976c4cd96825d52e9e1790ffc7a0ae0107e,564
incoming_p100/shadowkv_blackwell_semantic_n128_repo/src/proactive_kv_cache.egg-info/SOURCES.txt,reproduction_packages/historical_transfers/ShadowKV-Blackwell-semantic-n128-source-20260704/shadowkv_blackwell_semantic_n128_repo/src/proactive_kv_cache.egg-info/SOURCES.txt,435dfebb2d747d2e3c8f9fe24f3c4b4c4c8da6db35f4d2dc7567dd330fa290fb,1698
p100_transfer/results_p100_best/results_p100_n64_paper_best/Phi-3-mini-4k-instruct/semantic/seed_123/ag_news/run_manifest.json,reproduction_packages/historical_transfers/ShadowKV-P100-MeritKV-results/results_p100_n64_paper_best/Phi-3-mini-4k-instruct/semantic/seed_123/ag_news/run_manifest.json,df369a4ae41ffa6370a43f1aec9ac2b820503ad7d3d2b51fba4707589d9c05e6,3769
p100_transfer/results_p100_best/results_p100_n64_paper_best/Phi-3-mini-4k-instruct/semantic/seed_123/alpaca_eval/run_manifest.json,reproduction_packages/historical_transfers/ShadowKV-P100-MeritKV-results/results_p100_n64_paper_best/Phi-3-mini-4k-instruct/semantic/seed_123/alpaca_eval/run_manifest.json,7473e7a0c87c3cf966da4866177cdb732a40df82faa80cb1111944c3022fd296,3769
p100_transfer/results_p100_best/results_p100_n64_paper_best/Phi-3-mini-4k-instruct/semantic/seed_123/banking77/run_manifest.json,reproduction_packages/historical_transfers/ShadowKV-P100-MeritKV-results/results_p100_n64_paper_best/Phi-3-mini-4k-instruct/semantic/seed_123/banking77/run_manifest.json,8ead423cb407404a09f9d40bb245ccc1502d90f2f5462e4c99d878327f6fd76e,3769
p100_transfer/results_p100_best/results_p100_n64_paper_best/Phi-3-mini-4k-instruct/semantic/seed_123/cnn_dailymail/run_manifest.json,reproduction_packages/historical_transfers/ShadowKV-P100-MeritKV-results/results_p100_n64_paper_best/Phi-3-mini-4k-instruct/semantic/seed_123/cnn_dailymail/run_manifest.json,a96c6c090eeb51b648201950c0f928c6164a7a4bc89d81223b2b7c15909f0baf,3769
p100_transfer/results_p100_best/results_p100_n64_paper_best/Phi-3-mini-4k-instruct/semantic/seed_123/daily_dialog/run_manifest.json,reproduction_packages/historical_transfers/ShadowKV-P100-MeritKV-results/results_p100_n64_paper_best/Phi-3-mini-4k-instruct/semantic/seed_123/daily_dialog/run_manifest.json,de93f3f2d5beff52dbb4152f761cf1f29abed6591779cc064645a8a4957e5e67,3769
p100_transfer/results_p100_best/results_p100_n64_paper_best/Phi-3-mini-4k-instruct/semantic/seed_123/dolly/run_manifest.json,reproduction_packages/historical_transfers/ShadowKV-P100-MeritKV-results/results_p100_n64_paper_best/Phi-3-mini-4k-instruct/semantic/seed_123/dolly/run_manifest.json,59279b218dab7dbbb3766ea1c3e634c95ecd539f829580704e8ac2dcf95d37a1,3769
p100_transfer/results_p100_best/results_p100_n64_paper_best/Phi-3-mini-4k-instruct/semantic/seed_123/oasst1/run_manifest.json,reproduction_packages/historical_transfers/ShadowKV-P100-MeritKV-results/results_p100_n64_paper_best/Phi-3-mini-4k-instruct/semantic/seed_123/oasst1/run_manifest.json,f69341e90f16802ac6cdad67433e0e457a2bbe60079cd9697c8dc0ced6ae7dbd,3769
p100_transfer/results_p100_best/results_p100_n64_paper_best/Phi-3-mini-4k-instruct/semantic/seed_123/samsum/run_manifest.json,reproduction_packages/historical_transfers/ShadowKV-P100-MeritKV-results/results_p100_n64_paper_best/Phi-3-mini-4k-instruct/semantic/seed_123/samsum/run_manifest.json,35510e6d7f9986d20628519b02a79a719d0370919eaff5d43e04106e5074945b,3769
p100_transfer/results_p100_best/results_p100_n64_paper_best/Phi-3-mini-4k-instruct/semantic/seed_123/ultrachat/run_manifest.json,reproduction_packages/historical_transfers/ShadowKV-P100-MeritKV-results/results_p100_n64_paper_best/Phi-3-mini-4k-instruct/semantic/seed_123/ultrachat/run_manifest.json,405a31db2097ff3233eaa4410ab95dfa5fb499826e5396ce842fb448a8f5a902,3769
p100_transfer/results_p100_best/results_p100_n64_paper_best/Phi-3-mini-4k-instruct/semantic/seed_123/xsum/run_manifest.json,reproduction_packages/historical_transfers/ShadowKV-P100-MeritKV-results/results_p100_n64_paper_best/Phi-3-mini-4k-instruct/semantic/seed_123/xsum/run_manifest.json,184257faa89c4a3cbf2ba60bc364ac928371af5f33d14c49491ff58f6171768e,3769
p100_transfer/results_p100_best/results_p100_n64_paper_best/Phi-3-mini-4k-instruct/semantic/seed_42/ag_news/run_manifest.json,reproduction_packages/historical_transfers/ShadowKV-P100-MeritKV-results/results_p100_n64_paper_best/Phi-3-mini-4k-instruct/semantic/seed_42/ag_news/run_manifest.json,0546b81af3d69e11d575ebd71956bdf666f24e9418f9af36a8f8082455f9f66f,3768
p100_transfer/results_p100_best/results_p100_n64_paper_best/Phi-3-mini-4k-instruct/semantic/seed_42/alpaca_eval/run_manifest.json,reproduction_packages/historical_transfers/ShadowKV-P100-MeritKV-results/results_p100_n64_paper_best/Phi-3-mini-4k-instruct/semantic/seed_42/alpaca_eval/run_manifest.json,485cd11565935866f11589bd6ab85affe77d3a816fb956a81316d70d31ad706a,3768
p100_transfer/results_p100_best/results_p100_n64_paper_best/Phi-3-mini-4k-instruct/semantic/seed_42/banking77/run_manifest.json,reproduction_packages/historical_transfers/ShadowKV-P100-MeritKV-results/results_p100_n64_paper_best/Phi-3-mini-4k-instruct/semantic/seed_42/banking77/run_manifest.json,991bea381dd5ce82e555307f3f098c605bc0ef1d06fb3a8d3bb907a3f73f9f82,3768
p100_transfer/results_p100_best/results_p100_n64_paper_best/Phi-3-mini-4k-instruct/semantic/seed_42/cnn_dailymail/run_manifest.json,reproduction_packages/historical_transfers/ShadowKV-P100-MeritKV-results/results_p100_n64_paper_best/Phi-3-mini-4k-instruct/semantic/seed_42/cnn_dailymail/run_manifest.json,2d26fa5633b0966e7620e2b1b3e5750663b29192f9afda5fa12f325f2e2fe1f9,3768
p100_transfer/results_p100_best/results_p100_n64_paper_best/Phi-3-mini-4k-instruct/semantic/seed_42/daily_dialog/run_manifest.json,reproduction_packages/historical_transfers/ShadowKV-P100-MeritKV-results/results_p100_n64_paper_best/Phi-3-mini-4k-instruct/semantic/seed_42/daily_dialog/run_manifest.json,ebaa7fb7e728420570ef58608505264fb30e20ac13d493ec76a0752535bc0c90,3768
p100_transfer/results_p100_best/results_p100_n64_paper_best/Phi-3-mini-4k-instruct/semantic/seed_42/dolly/run_manifest.json,reproduction_packages/historical_transfers/ShadowKV-P100-MeritKV-results/results_p100_n64_paper_best/Phi-3-mini-4k-instruct/semantic/seed_42/dolly/run_manifest.json,dd561a6ec1f703606ffbe2892bf639463510bf646f2cab3d3f7efd1d6bf84739,3768
p100_transfer/results_p100_best/results_p100_n64_paper_best/Phi-3-mini-4k-instruct/semantic/seed_42/oasst1/run_manifest.json,reproduction_packages/historical_transfers/ShadowKV-P100-MeritKV-results/results_p100_n64_paper_best/Phi-3-mini-4k-instruct/semantic/seed_42/oasst1/run_manifest.json,90dcb3222f7eee71d85582cb8513248347ab869a25c85bd873ef6854d3c714b2,3768
p100_transfer/results_p100_best/results_p100_n64_paper_best/Phi-3-mini-4k-instruct/semantic/seed_42/samsum/run_manifest.json,reproduction_packages/historical_transfers/ShadowKV-P100-MeritKV-results/results_p100_n64_paper_best/Phi-3-mini-4k-instruct/semantic/seed_42/samsum/run_manifest.json,5b75de52c207ba24346e3daf27f4d9cf3ecc861922564381a0bfa164d4a72821,3768
p100_transfer/results_p100_best/results_p100_n64_paper_best/Phi-3-mini-4k-instruct/semantic/seed_42/ultrachat/run_manifest.json,reproduction_packages/historical_transfers/ShadowKV-P100-MeritKV-results/results_p100_n64_paper_best/Phi-3-mini-4k-instruct/semantic/seed_42/ultrachat/run_manifest.json,cc30771871f769527bf694aea064a830a0126b504e624a197457824b28e30b28,3768
p100_transfer/results_p100_best/results_p100_n64_paper_best/Phi-3-mini-4k-instruct/semantic/seed_42/xsum/run_manifest.json,reproduction_packages/historical_transfers/ShadowKV-P100-MeritKV-results/results_p100_n64_paper_best/Phi-3-mini-4k-instruct/semantic/seed_42/xsum/run_manifest.json,e414f788d338bf41955c9d5b5db6cd96d7c58387cd2306fbd7797b122fcef07c,3768
p100_transfer/results_p100_best/results_p100_n64_paper_best/Phi-3-mini-4k-instruct/semantic/seed_456/ag_news/run_manifest.json,reproduction_packages/historical_transfers/ShadowKV-P100-MeritKV-results/results_p100_n64_paper_best/Phi-3-mini-4k-instruct/semantic/seed_456/ag_news/run_manifest.json,ef93f5eb65b9d87179def1b65f91b19aa4b2af8414ba2f9e254fef0e0cb364ff,3769
p100_transfer/results_p100_best/results_p100_n64_paper_best/Phi-3-mini-4k-instruct/semantic/seed_456/alpaca_eval/run_manifest.json,reproduction_packages/historical_transfers/ShadowKV-P100-MeritKV-results/results_p100_n64_paper_best/Phi-3-mini-4k-instruct/semantic/seed_456/alpaca_eval/run_manifest.json,6890390254957e45ba56f89eeb78f16bc0ac5b44ddaba21ae6ec682f4b6ed01a,3769
p100_transfer/results_p100_best/results_p100_n64_paper_best/Phi-3-mini-4k-instruct/semantic/seed_456/banking77/run_manifest.json,reproduction_packages/historical_transfers/ShadowKV-P100-MeritKV-results/results_p100_n64_paper_best/Phi-3-mini-4k-instruct/semantic/seed_456/banking77/run_manifest.json,eaca770e0e096f50e094a5bfcfaebee0f1609e5751b0aa176ecf506a356be9f0,3769
p100_transfer/results_p100_best/results_p100_n64_paper_best/Phi-3-mini-4k-instruct/semantic/seed_456/cnn_dailymail/run_manifest.json,reproduction_packages/historical_transfers/ShadowKV-P100-MeritKV-results/results_p100_n64_paper_best/Phi-3-mini-4k-instruct/semantic/seed_456/cnn_dailymail/run_manifest.json,d8044e633be7f3264dcc1270242c5720869f34feb9aecfc505916607accd0019,3769
p100_transfer/results_p100_best/results_p100_n64_paper_best/Phi-3-mini-4k-instruct/semantic/seed_456/daily_dialog/run_manifest.json,reproduction_packages/historical_transfers/ShadowKV-P100-MeritKV-results/results_p100_n64_paper_best/Phi-3-mini-4k-instruct/semantic/seed_456/daily_dialog/run_manifest.json,dcce6812f98e2876acecc1aecf65537904cbadb0e1d8a7d67fbb6e8b91933a27,3769
p100_transfer/results_p100_best/results_p100_n64_paper_best/Phi-3-mini-4k-instruct/semantic/seed_456/dolly/run_manifest.json,reproduction_packages/historical_transfers/ShadowKV-P100-MeritKV-results/results_p100_n64_paper_best/Phi-3-mini-4k-instruct/semantic/seed_456/dolly/run_manifest.json,6306f150fdcd13c4bc9cbe0b3f4f0e3e1ea7265df094965bfe99e11013ad2271,3769
p100_transfer/results_p100_best/results_p100_n64_paper_best/Phi-3-mini-4k-instruct/semantic/seed_456/oasst1/run_manifest.json,reproduction_packages/historical_transfers/ShadowKV-P100-MeritKV-results/results_p100_n64_paper_best/Phi-3-mini-4k-instruct/semantic/seed_456/oasst1/run_manifest.json,9435f5603c6898dc56f224476534c8de6d7f9949a1610bc2eac8b8bb30d0c546,3769
p100_transfer/results_p100_best/results_p100_n64_paper_best/Phi-3-mini-4k-instruct/semantic/seed_456/samsum/run_manifest.json,reproduction_packages/historical_transfers/ShadowKV-P100-MeritKV-results/results_p100_n64_paper_best/Phi-3-mini-4k-instruct/semantic/seed_456/samsum/run_manifest.json,f807e8b1719a8c2ee0d79d6fc9fa92f67d225e2464a5571ad667597c93c45f81,3769
p100_transfer/results_p100_best/results_p100_n64_paper_best/Phi-3-mini-4k-instruct/semantic/seed_456/ultrachat/run_manifest.json,reproduction_packages/historical_transfers/ShadowKV-P100-MeritKV-results/results_p100_n64_paper_best/Phi-3-mini-4k-instruct/semantic/seed_456/ultrachat/run_manifest.json,b6369ce9aea991bc50cf74798c36933bcc3d36a076b51f71c9a831d8fc771fe7,3769
p100_transfer/results_p100_best/results_p100_n64_paper_best/Phi-3-mini-4k-instruct/semantic/seed_456/xsum/run_manifest.json,reproduction_packages/historical_transfers/ShadowKV-P100-MeritKV-results/results_p100_n64_paper_best/Phi-3-mini-4k-instruct/semantic/seed_456/xsum/run_manifest.json,bb114653da26589fc0d4811c13ff878c960c13aa6eabec87b68ed03083c5a830,3769
p100_transfer/results_p100_best/results_p100_n64_paper_best/Phi-3-mini-4k-instruct/semantic/seed_789/ag_news/run_manifest.json,reproduction_packages/historical_transfers/ShadowKV-P100-MeritKV-results/results_p100_n64_paper_best/Phi-3-mini-4k-instruct/semantic/seed_789/ag_news/run_manifest.json,bf2018eecb0972be780e32847324ff36fe3bd901d13c6b444b340ea0743dc6a5,3769
p100_transfer/results_p100_best/results_p100_n64_paper_best/Phi-3-mini-4k-instruct/semantic/seed_789/alpaca_eval/run_manifest.json,reproduction_packages/historical_transfers/ShadowKV-P100-MeritKV-results/results_p100_n64_paper_best/Phi-3-mini-4k-instruct/semantic/seed_789/alpaca_eval/run_manifest.json,a69a67fa2d7a832e8d41e6cb35939437677f2e327173d5a4143156e8e2cd35b6,3769
p100_transfer/results_p100_best/results_p100_n64_paper_best/Phi-3-mini-4k-instruct/semantic/seed_789/banking77/run_manifest.json,reproduction_packages/historical_transfers/ShadowKV-P100-MeritKV-results/results_p100_n64_paper_best/Phi-3-mini-4k-instruct/semantic/seed_789/banking77/run_manifest.json,522537027c33972a161d7aeb3ece0b545299d1d9eea4395e3f15dc3f9a0f80a3,3769
p100_transfer/results_p100_best/results_p100_n64_paper_best/Phi-3-mini-4k-instruct/semantic/seed_789/cnn_dailymail/run_manifest.json,reproduction_packages/historical_transfers/ShadowKV-P100-MeritKV-results/results_p100_n64_paper_best/Phi-3-mini-4k-instruct/semantic/seed_789/cnn_dailymail/run_manifest.json,b9e09a48ddf1c985dbff5b31ff73759a760ad7b20195f36e8f62046ef453fd7c,3769
p100_transfer/results_p100_best/results_p100_n64_paper_best/Phi-3-mini-4k-instruct/semantic/seed_789/daily_dialog/run_manifest.json,reproduction_packages/historical_transfers/ShadowKV-P100-MeritKV-results/results_p100_n64_paper_best/Phi-3-mini-4k-instruct/semantic/seed_789/daily_dialog/run_manifest.json,7ad045e7303bd2cb962f7bf09901ad4d7710750c6a7f14742d3634a4588783a5,3769
p100_transfer/results_p100_best/results_p100_n64_paper_best/Phi-3-mini-4k-instruct/semantic/seed_789/dolly/run_manifest.json,reproduction_packages/historical_transfers/ShadowKV-P100-MeritKV-results/results_p100_n64_paper_best/Phi-3-mini-4k-instruct/semantic/seed_789/dolly/run_manifest.json,223589b841c933002764649bcb974b2487e05289d520fc601c5d4d71cb9d8b85,3769
p100_transfer/results_p100_best/results_p100_n64_paper_best/Phi-3-mini-4k-instruct/semantic/seed_789/oasst1/run_manifest.json,reproduction_packages/historical_transfers/ShadowKV-P100-MeritKV-results/results_p100_n64_paper_best/Phi-3-mini-4k-instruct/semantic/seed_789/oasst1/run_manifest.json,9f3566a6022cacd05dac321547620da4b798f2c0ead1055fd605c14de3127dc3,3769
p100_transfer/results_p100_best/results_p100_n64_paper_best/Phi-3-mini-4k-instruct/semantic/seed_789/samsum/run_manifest.json,reproduction_packages/historical_transfers/ShadowKV-P100-MeritKV-results/results_p100_n64_paper_best/Phi-3-mini-4k-instruct/semantic/seed_789/samsum/run_manifest.json,4d44a9d20417712ea1cb63fb7afe5a6cac55c003b285641cfd5b80e53c6a2e76,3769
p100_transfer/results_p100_best/results_p100_n64_paper_best/Phi-3-mini-4k-instruct/semantic/seed_789/ultrachat/run_manifest.json,reproduction_packages/historical_transfers/ShadowKV-P100-MeritKV-results/results_p100_n64_paper_best/Phi-3-mini-4k-instruct/semantic/seed_789/ultrachat/run_manifest.json,32c83962b72e5e4df93c715cafae1841b01eb7ae23e32ee1fdf808c218912ceb,3769
p100_transfer/results_p100_best/results_p100_n64_paper_best/Phi-3-mini-4k-instruct/semantic/seed_789/xsum/run_manifest.json,reproduction_packages/historical_transfers/ShadowKV-P100-MeritKV-results/results_p100_n64_paper_best/Phi-3-mini-4k-instruct/semantic/seed_789/xsum/run_manifest.json,11308cd74b3ba2e90d670ee791064923e04c790cbcfac602285a54220ae4a7c2,3769
p100_transfer/results_p100_best/results_p100_n64_paper_best/Phi-3-mini-4k-instruct/semantic/seed_999/ag_news/run_manifest.json,reproduction_packages/historical_transfers/ShadowKV-P100-MeritKV-results/results_p100_n64_paper_best/Phi-3-mini-4k-instruct/semantic/seed_999/ag_news/run_manifest.json,0b6b79dff21a282da410186d666a14ec7915c03ebd9ceb2ae440ca23cbc667e6,3769
p100_transfer/results_p100_best/results_p100_n64_paper_best/Phi-3-mini-4k-instruct/semantic/seed_999/alpaca_eval/run_manifest.json,reproduction_packages/historical_transfers/ShadowKV-P100-MeritKV-results/results_p100_n64_paper_best/Phi-3-mini-4k-instruct/semantic/seed_999/alpaca_eval/run_manifest.json,f419e3634002f127db0f7329ce2b91ffcd88d757f74608c0bc71c42e2ed530f6,3769
p100_transfer/results_p100_best/results_p100_n64_paper_best/Phi-3-mini-4k-instruct/semantic/seed_999/banking77/run_manifest.json,reproduction_packages/historical_transfers/ShadowKV-P100-MeritKV-results/results_p100_n64_paper_best/Phi-3-mini-4k-instruct/semantic/seed_999/banking77/run_manifest.json,36799136e06c738e811549d7f4378155e14b9357f42372cad3c1f943a259c5e4,3769
p100_transfer/results_p100_best/results_p100_n64_paper_best/Phi-3-mini-4k-instruct/semantic/seed_999/cnn_dailymail/run_manifest.json,reproduction_packages/historical_transfers/ShadowKV-P100-MeritKV-results/results_p100_n64_paper_best/Phi-3-mini-4k-instruct/semantic/seed_999/cnn_dailymail/run_manifest.json,5145a949b10a6aff6b324e7301867e3c7a334ff583fb085d473aeafacee67185,3769
p100_transfer/results_p100_best/results_p100_n64_paper_best/Phi-3-mini-4k-instruct/semantic/seed_999/daily_dialog/run_manifest.json,reproduction_packages/historical_transfers/ShadowKV-P100-MeritKV-results/results_p100_n64_paper_best/Phi-3-mini-4k-instruct/semantic/seed_999/daily_dialog/run_manifest.json,4be7ffc3ac4ea6320c86b5593a85894cfabee5b59d9fb40a310f7fc2c12363da,3769
p100_transfer/results_p100_best/results_p100_n64_paper_best/Phi-3-mini-4k-instruct/semantic/seed_999/dolly/run_manifest.json,reproduction_packages/historical_transfers/ShadowKV-P100-MeritKV-results/results_p100_n64_paper_best/Phi-3-mini-4k-instruct/semantic/seed_999/dolly/run_manifest.json,cf50e4aa2980404d033d6261fba0aca248f5594c1c7386f6dc4c14d8aea1edf9,3769
p100_transfer/results_p100_best/results_p100_n64_paper_best/Phi-3-mini-4k-instruct/semantic/seed_999/oasst1/run_manifest.json,reproduction_packages/historical_transfers/ShadowKV-P100-MeritKV-results/results_p100_n64_paper_best/Phi-3-mini-4k-instruct/semantic/seed_999/oasst1/run_manifest.json,5721bb7817287fe53a01bccf0da212b48f8f6478254da328e2d8a4bbcea4f487,3769
p100_transfer/results_p100_best/results_p100_n64_paper_best/Phi-3-mini-4k-instruct/semantic/seed_999/samsum/run_manifest.json,reproduction_packages/historical_transfers/ShadowKV-P100-MeritKV-results/results_p100_n64_paper_best/Phi-3-mini-4k-instruct/semantic/seed_999/samsum/run_manifest.json,9459a16d5c32462bb2c1299aaa4db406ac855e464d3349af5e1e0a3c96ed5b5c,3769
p100_transfer/results_p100_best/results_p100_n64_paper_best/Phi-3-mini-4k-instruct/semantic/seed_999/ultrachat/run_manifest.json,reproduction_packages/historical_transfers/ShadowKV-P100-MeritKV-results/results_p100_n64_paper_best/Phi-3-mini-4k-instruct/semantic/seed_999/ultrachat/run_manifest.json,4b28cfff559658c3012c6fde1576a345e86e49aa1d13ce3bb220288fd2dc2728,3769
p100_transfer/results_p100_best/results_p100_n64_paper_best/Phi-3-mini-4k-instruct/semantic/seed_999/xsum/run_manifest.json,reproduction_packages/historical_transfers/ShadowKV-P100-MeritKV-results/results_p100_n64_paper_best/Phi-3-mini-4k-instruct/semantic/seed_999/xsum/run_manifest.json,fe48f000699d13cab0322c6db5b7bf8f65a59be42e7d8e51b23e7032f19b953e,3769
p100_transfer/results_p100_best/results_p100_n64_paper_best/Phi-3-mini-4k-instruct/templated/seed_999/daily_dialog/run_manifest.json,reproduction_packages/historical_transfers/ShadowKV-P100-MeritKV-results/results_p100_n64_paper_best/Phi-3-mini-4k-instruct/templated/seed_999/daily_dialog/run_manifest.json,c3925411e63fdd75f0dd1785fd753bf6a382718d627b35f27b9c987c20b2f636,3769
p100_transfer/results_p100_best/results_p100_n64_paper_best/Phi-3-mini-4k-instruct/templated/seed_999/dolly/run_manifest.json,reproduction_packages/historical_transfers/ShadowKV-P100-MeritKV-results/results_p100_n64_paper_best/Phi-3-mini-4k-instruct/templated/seed_999/dolly/run_manifest.json,6b5308ab304f7adc1460b0aa38c17d4bf0257d39152f47efb7c92ae16fc731b3,3769
p100_transfer/results_p100_best/results_p100_n64_paper_best/Phi-3-mini-4k-instruct/templated/seed_999/oasst1/run_manifest.json,reproduction_packages/historical_transfers/ShadowKV-P100-MeritKV-results/results_p100_n64_paper_best/Phi-3-mini-4k-instruct/templated/seed_999/oasst1/run_manifest.json,4387c2cae62347f3175d86cf739f93025cd51a940a712f96b8059a74e15c8ead,3769
p100_transfer/results_p100_best/results_p100_n64_paper_best/Phi-3-mini-4k-instruct/templated/seed_999/samsum/run_manifest.json,reproduction_packages/historical_transfers/ShadowKV-P100-MeritKV-results/results_p100_n64_paper_best/Phi-3-mini-4k-instruct/templated/seed_999/samsum/run_manifest.json,8cac01f49ecd08c423309e5f2252b4cc17d192eaa35d7ac97c5c44d67e3515c8,3769
p100_transfer/results_p100_best/results_p100_n64_paper_best/Phi-3-mini-4k-instruct/templated/seed_999/ultrachat/run_manifest.json,reproduction_packages/historical_transfers/ShadowKV-P100-MeritKV-results/results_p100_n64_paper_best/Phi-3-mini-4k-instruct/templated/seed_999/ultrachat/run_manifest.json,f3b7391e4152405419b4f4304492aea609d034eb5838e79e21a4bbee1910299d,3769
p100_transfer/results_p100_best/results_p100_n64_paper_best/Phi-3-mini-4k-instruct/templated/seed_999/xsum/run_manifest.json,reproduction_packages/historical_transfers/ShadowKV-P100-MeritKV-results/results_p100_n64_paper_best/Phi-3-mini-4k-instruct/templated/seed_999/xsum/run_manifest.json,0dfea0dc1bc1908ab7f0ce2fac063f76ff816998b88156c46de8432646e9be55,3769
p100_transfer/results_p100_n64_paper_best/_sweep.log,reproduction_packages/historical_transfers/ShadowKV-P100-MeritKV-results/results_p100_n64_paper_best/_sweep.log,bca69ad948b3ed5066ac4ee0fa1ef4c54972277b890b6e23051cc49a75ae70a5,131907
p100_transfer/results_p100_n64_paper_best/Phi-3-mini-4k-instruct/raw/seed_123/ag_news/run_manifest.json,reproduction_packages/historical_transfers/ShadowKV-P100-MeritKV-results/results_p100_n64_paper_best/Phi-3-mini-4k-instruct/raw/seed_123/ag_news/run_manifest.json,78652a2a93f4751fbd6963b4a3d6981e78ea17600fe17459f86c8c6b42fc9938,3769
p100_transfer/results_p100_n64_paper_best/Phi-3-mini-4k-instruct/raw/seed_123/alpaca_eval/run_manifest.json,reproduction_packages/historical_transfers/ShadowKV-P100-MeritKV-results/results_p100_n64_paper_best/Phi-3-mini-4k-instruct/raw/seed_123/alpaca_eval/run_manifest.json,87930caa6b7249b26a1dc861a956910770122af6a0316139ef2a2734e8b2f214,3769
p100_transfer/results_p100_n64_paper_best/Phi-3-mini-4k-instruct/raw/seed_123/banking77/run_manifest.json,reproduction_packages/historical_transfers/ShadowKV-P100-MeritKV-results/results_p100_n64_paper_best/Phi-3-mini-4k-instruct/raw/seed_123/banking77/run_manifest.json,1d129c8e6bd32564de26aa890e34db0b902209d65d310e93cf9189672c9fadba,3769
p100_transfer/results_p100_n64_paper_best/Phi-3-mini-4k-instruct/raw/seed_123/cnn_dailymail/run_manifest.json,reproduction_packages/historical_transfers/ShadowKV-P100-MeritKV-results/results_p100_n64_paper_best/Phi-3-mini-4k-instruct/raw/seed_123/cnn_dailymail/run_manifest.json,6c3bc29996bdd19d3646ebd260dbe9d8c3a1d53696a27b4972c2cae4d7a209d7,3769
p100_transfer/results_p100_n64_paper_best/Phi-3-mini-4k-instruct/raw/seed_123/daily_dialog/run_manifest.json,reproduction_packages/historical_transfers/ShadowKV-P100-MeritKV-results/results_p100_n64_paper_best/Phi-3-mini-4k-instruct/raw/seed_123/daily_dialog/run_manifest.json,f06a157a34dc502cc8e04eb94b3b471e3a530fbd90997ed8cb8038b43ea854a4,3769
p100_transfer/results_p100_n64_paper_best/Phi-3-mini-4k-instruct/raw/seed_123/dolly/run_manifest.json,reproduction_packages/historical_transfers/ShadowKV-P100-MeritKV-results/results_p100_n64_paper_best/Phi-3-mini-4k-instruct/raw/seed_123/dolly/run_manifest.json,6b6ce8159c82abc14839f3a4918bb9b900bcc361395b2e3c5db9c100e1984283,3769
p100_transfer/results_p100_n64_paper_best/Phi-3-mini-4k-instruct/raw/seed_123/oasst1/run_manifest.json,reproduction_packages/historical_transfers/ShadowKV-P100-MeritKV-results/results_p100_n64_paper_best/Phi-3-mini-4k-instruct/raw/seed_123/oasst1/run_manifest.json,dd620f7cc58e14f5025f6a681bac31b3dd5b72661506372b34ee3fa498565b3f,3769
p100_transfer/results_p100_n64_paper_best/Phi-3-mini-4k-instruct/raw/seed_123/samsum/run_manifest.json,reproduction_packages/historical_transfers/ShadowKV-P100-MeritKV-results/results_p100_n64_paper_best/Phi-3-mini-4k-instruct/raw/seed_123/samsum/run_manifest.json,001d66eef996db65faf97d9584c7cafbc254fabc1be489b1e20f2b0fc370d8bf,3769
p100_transfer/results_p100_n64_paper_best/Phi-3-mini-4k-instruct/raw/seed_123/ultrachat/run_manifest.json,reproduction_packages/historical_transfers/ShadowKV-P100-MeritKV-results/results_p100_n64_paper_best/Phi-3-mini-4k-instruct/raw/seed_123/ultrachat/run_manifest.json,c761d08f026ac96dd8f41dcb99da33779d6cd9034350a6926ddb3d2a6203113c,3769
p100_transfer/results_p100_n64_paper_best/Phi-3-mini-4k-instruct/raw/seed_123/xsum/run_manifest.json,reproduction_packages/historical_transfers/ShadowKV-P100-MeritKV-results/results_p100_n64_paper_best/Phi-3-mini-4k-instruct/raw/seed_123/xsum/run_manifest.json,32877f56ec90c7579ca32cb3f39b89107e5bf58d75859abf5bfe4259203b49d5,3769
p100_transfer/results_p100_n64_paper_best/Phi-3-mini-4k-instruct/raw/seed_42/ag_news/run_manifest.json,reproduction_packages/historical_transfers/ShadowKV-P100-MeritKV-results/results_p100_n64_paper_best/Phi-3-mini-4k-instruct/raw/seed_42/ag_news/run_manifest.json,d4c4265215c087e44c154b1df150de5f578445a53f71acfff59ec94a2eecb2f9,3768
p100_transfer/results_p100_n64_paper_best/Phi-3-mini-4k-instruct/raw/seed_42/alpaca_eval/run_manifest.json,reproduction_packages/historical_transfers/ShadowKV-P100-MeritKV-results/results_p100_n64_paper_best/Phi-3-mini-4k-instruct/raw/seed_42/alpaca_eval/run_manifest.json,2fb49f04109beaebc59f266323521f715c7574954154d6e892d5b4f702b6e46f,3768
p100_transfer/results_p100_n64_paper_best/Phi-3-mini-4k-instruct/raw/seed_42/banking77/run_manifest.json,reproduction_packages/historical_transfers/ShadowKV-P100-MeritKV-results/results_p100_n64_paper_best/Phi-3-mini-4k-instruct/raw/seed_42/banking77/run_manifest.json,2dfca499c517c464b531422b2c4a8ba89570551d3c1d384ba4405ce305c8b87b,3768
p100_transfer/results_p100_n64_paper_best/Phi-3-mini-4k-instruct/raw/seed_42/cnn_dailymail/run_manifest.json,reproduction_packages/historical_transfers/ShadowKV-P100-MeritKV-results/results_p100_n64_paper_best/Phi-3-mini-4k-instruct/raw/seed_42/cnn_dailymail/run_manifest.json,450d9ba44a9e6749b6c237202a8fde7fc69979d8d08b373ec9f475efef43ade7,3768
p100_transfer/results_p100_n64_paper_best/Phi-3-mini-4k-instruct/raw/seed_42/daily_dialog/run_manifest.json,reproduction_packages/historical_transfers/ShadowKV-P100-MeritKV-results/results_p100_n64_paper_best/Phi-3-mini-4k-instruct/raw/seed_42/daily_dialog/run_manifest.json,6f61bede4bab3e896734e388f94bb75a28b49c70fe50d599e44c8ac16b8ce0e2,3768
p100_transfer/results_p100_n64_paper_best/Phi-3-mini-4k-instruct/raw/seed_42/dolly/run_manifest.json,reproduction_packages/historical_transfers/ShadowKV-P100-MeritKV-results/results_p100_n64_paper_best/Phi-3-mini-4k-instruct/raw/seed_42/dolly/run_manifest.json,904a218e8d24d0d4d5ca153fa8ebd8899bed1f2453f229b2a92747f71514481a,3768
p100_transfer/results_p100_n64_paper_best/Phi-3-mini-4k-instruct/raw/seed_42/oasst1/run_manifest.json,reproduction_packages/historical_transfers/ShadowKV-P100-MeritKV-results/results_p100_n64_paper_best/Phi-3-mini-4k-instruct/raw/seed_42/oasst1/run_manifest.json,1b171493e55ca6c924fbe5a33c74a52902ac7d9b3ee614e57f1254f9ecb7b5dc,3768
p100_transfer/results_p100_n64_paper_best/Phi-3-mini-4k-instruct/raw/seed_42/samsum/run_manifest.json,reproduction_packages/historical_transfers/ShadowKV-P100-MeritKV-results/results_p100_n64_paper_best/Phi-3-mini-4k-instruct/raw/seed_42/samsum/run_manifest.json,19e04810b068fccbe4e083043d001b8ff7d11352ce7e13700ded73c9341c04cc,3768
p100_transfer/results_p100_n64_paper_best/Phi-3-mini-4k-instruct/raw/seed_42/ultrachat/run_manifest.json,reproduction_packages/historical_transfers/ShadowKV-P100-MeritKV-results/results_p100_n64_paper_best/Phi-3-mini-4k-instruct/raw/seed_42/ultrachat/run_manifest.json,1edd5001032191314ad03c4211c4121787c778a30141ae8ed3e2f0b6cb5e211e,3768
p100_transfer/results_p100_n64_paper_best/Phi-3-mini-4k-instruct/raw/seed_42/xsum/run_manifest.json,reproduction_packages/historical_transfers/ShadowKV-P100-MeritKV-results/results_p100_n64_paper_best/Phi-3-mini-4k-instruct/raw/seed_42/xsum/run_manifest.json,c20dc1d9c53cd14397beaab4040ed64066cf30621a064738a98f7748140b2bcd,3768
p100_transfer/results_p100_n64_paper_best/Phi-3-mini-4k-instruct/raw/seed_456/ag_news/run_manifest.json,reproduction_packages/historical_transfers/ShadowKV-P100-MeritKV-results/results_p100_n64_paper_best/Phi-3-mini-4k-instruct/raw/seed_456/ag_news/run_manifest.json,2c80a7a4a0d2aea6fa03f35e608f06bf4f93b612c96a092562f1e5deb6b8b665,3769
p100_transfer/results_p100_n64_paper_best/Phi-3-mini-4k-instruct/raw/seed_456/alpaca_eval/run_manifest.json,reproduction_packages/historical_transfers/ShadowKV-P100-MeritKV-results/results_p100_n64_paper_best/Phi-3-mini-4k-instruct/raw/seed_456/alpaca_eval/run_manifest.json,9b4996a6a505462ea9a498aafbebd4b12cbe71a27de7521074236ca2c392a511,3769
p100_transfer/results_p100_n64_paper_best/Phi-3-mini-4k-instruct/raw/seed_456/banking77/run_manifest.json,reproduction_packages/historical_transfers/ShadowKV-P100-MeritKV-results/results_p100_n64_paper_best/Phi-3-mini-4k-instruct/raw/seed_456/banking77/run_manifest.json,fb206113be4355856aa874cfc23f4974ba1535c0e42e9170de7c596843755cc8,3769
p100_transfer/results_p100_n64_paper_best/Phi-3-mini-4k-instruct/raw/seed_456/cnn_dailymail/run_manifest.json,reproduction_packages/historical_transfers/ShadowKV-P100-MeritKV-results/results_p100_n64_paper_best/Phi-3-mini-4k-instruct/raw/seed_456/cnn_dailymail/run_manifest.json,ee75593b969fb728a0350a2fe7edd2dce7510d53d75232375f4c987d7e28213e,3769
p100_transfer/results_p100_n64_paper_best/Phi-3-mini-4k-instruct/raw/seed_456/daily_dialog/run_manifest.json,reproduction_packages/historical_transfers/ShadowKV-P100-MeritKV-results/results_p100_n64_paper_best/Phi-3-mini-4k-instruct/raw/seed_456/daily_dialog/run_manifest.json,2af996d3f3a866c7a7dd520bbb321a01b2d2fa8419fc9ebcafe44455bfc5d47a,3769
p100_transfer/results_p100_n64_paper_best/Phi-3-mini-4k-instruct/raw/seed_456/dolly/run_manifest.json,reproduction_packages/historical_transfers/ShadowKV-P100-MeritKV-results/results_p100_n64_paper_best/Phi-3-mini-4k-instruct/raw/seed_456/dolly/run_manifest.json,89feb5bd8c14e98f1a7224319abbec356ad09a07f78195fc5c48d80b78a0c028,3769
p100_transfer/results_p100_n64_paper_best/Phi-3-mini-4k-instruct/raw/seed_456/oasst1/run_manifest.json,reproduction_packages/historical_transfers/ShadowKV-P100-MeritKV-results/results_p100_n64_paper_best/Phi-3-mini-4k-instruct/raw/seed_456/oasst1/run_manifest.json,d3176ff9081d91a2a8b0015ada93123082d076a5c7274c63d8fe8b84ae5e7c61,3769
p100_transfer/results_p100_n64_paper_best/Phi-3-mini-4k-instruct/raw/seed_456/samsum/run_manifest.json,reproduction_packages/historical_transfers/ShadowKV-P100-MeritKV-results/results_p100_n64_paper_best/Phi-3-mini-4k-instruct/raw/seed_456/samsum/run_manifest.json,2ba0f5a3cba8be9490e8ea13b6eff317bf872e92073e1a4d24b203ea046db3fc,3769
p100_transfer/results_p100_n64_paper_best/Phi-3-mini-4k-instruct/raw/seed_456/ultrachat/run_manifest.json,reproduction_packages/historical_transfers/ShadowKV-P100-MeritKV-results/results_p100_n64_paper_best/Phi-3-mini-4k-instruct/raw/seed_456/ultrachat/run_manifest.json,e8e30e6265726283a2a98644cf3bb983871d3e0de1aa9c2e70f5cd643358c7e8,3769
p100_transfer/results_p100_n64_paper_best/Phi-3-mini-4k-instruct/raw/seed_456/xsum/run_manifest.json,reproduction_packages/historical_transfers/ShadowKV-P100-MeritKV-results/results_p100_n64_paper_best/Phi-3-mini-4k-instruct/raw/seed_456/xsum/run_manifest.json,354a5c81f32231f11667ea52c03c89cedb80c96a9286d935a9343a85d9c5f326,3769
p100_transfer/results_p100_n64_paper_best/Phi-3-mini-4k-instruct/raw/seed_789/ag_news/run_manifest.json,reproduction_packages/historical_transfers/ShadowKV-P100-MeritKV-results/results_p100_n64_paper_best/Phi-3-mini-4k-instruct/raw/seed_789/ag_news/run_manifest.json,93b4e6f7a97f42c816a9dbde22a0bed9aad142d2c13d0e7b0eb3a827494665f4,3769
p100_transfer/results_p100_n64_paper_best/Phi-3-mini-4k-instruct/raw/seed_789/alpaca_eval/run_manifest.json,reproduction_packages/historical_transfers/ShadowKV-P100-MeritKV-results/results_p100_n64_paper_best/Phi-3-mini-4k-instruct/raw/seed_789/alpaca_eval/run_manifest.json,252b98be18897388300862b0cfb08e9e4119eec88c8f221d71665a6a913fc892,3769
p100_transfer/results_p100_n64_paper_best/Phi-3-mini-4k-instruct/raw/seed_789/banking77/run_manifest.json,reproduction_packages/historical_transfers/ShadowKV-P100-MeritKV-results/results_p100_n64_paper_best/Phi-3-mini-4k-instruct/raw/seed_789/banking77/run_manifest.json,95f99a15f4627f5b9b753c70636780e7007be539b6bb550a28bb5e4109598148,3769
p100_transfer/results_p100_n64_paper_best/Phi-3-mini-4k-instruct/raw/seed_789/cnn_dailymail/run_manifest.json,reproduction_packages/historical_transfers/ShadowKV-P100-MeritKV-results/results_p100_n64_paper_best/Phi-3-mini-4k-instruct/raw/seed_789/cnn_dailymail/run_manifest.json,ed016f9faf8276763556d27e581d88ec20704dd441183b88f2ccc2efea22fa8a,3769
p100_transfer/results_p100_n64_paper_best/Phi-3-mini-4k-instruct/raw/seed_789/daily_dialog/run_manifest.json,reproduction_packages/historical_transfers/ShadowKV-P100-MeritKV-results/results_p100_n64_paper_best/Phi-3-mini-4k-instruct/raw/seed_789/daily_dialog/run_manifest.json,a91354ee606f9888bfd21c8836b9a3907948934543df10b5c1819267691cb070,3769
p100_transfer/results_p100_n64_paper_best/Phi-3-mini-4k-instruct/raw/seed_789/dolly/run_manifest.json,reproduction_packages/historical_transfers/ShadowKV-P100-MeritKV-results/results_p100_n64_paper_best/Phi-3-mini-4k-instruct/raw/seed_789/dolly/run_manifest.json,714ff4ce5c03a11176ef2a1ef718b5964d5e42ec44d0b072a34427d199f3f352,3769
p100_transfer/results_p100_n64_paper_best/Phi-3-mini-4k-instruct/raw/seed_789/oasst1/run_manifest.json,reproduction_packages/historical_transfers/ShadowKV-P100-MeritKV-results/results_p100_n64_paper_best/Phi-3-mini-4k-instruct/raw/seed_789/oasst1/run_manifest.json,7730a09494cc09841339f8d00e0bbe71a879c3fbdb571407816a254d307bbf64,3769
p100_transfer/results_p100_n64_paper_best/Phi-3-mini-4k-instruct/raw/seed_789/samsum/run_manifest.json,reproduction_packages/historical_transfers/ShadowKV-P100-MeritKV-results/results_p100_n64_paper_best/Phi-3-mini-4k-instruct/raw/seed_789/samsum/run_manifest.json,67057106d89b637940643c409584b3ee7767dca1c41526ca97f39c0af4f497fb,3769
p100_transfer/results_p100_n64_paper_best/Phi-3-mini-4k-instruct/raw/seed_789/ultrachat/run_manifest.json,reproduction_packages/historical_transfers/ShadowKV-P100-MeritKV-results/results_p100_n64_paper_best/Phi-3-mini-4k-instruct/raw/seed_789/ultrachat/run_manifest.json,f7e907f9e08a6414889e174d679929aa192a8ef2f1d3ffb09c17a5689485189a,3769
p100_transfer/results_p100_n64_paper_best/Phi-3-mini-4k-instruct/raw/seed_789/xsum/run_manifest.json,reproduction_packages/historical_transfers/ShadowKV-P100-MeritKV-results/results_p100_n64_paper_best/Phi-3-mini-4k-instruct/raw/seed_789/xsum/run_manifest.json,ebdb8a8ac65ea67e047d4f8b07680dd170e4b1a1b73c54c0cc4e8d6424cbb97d,3769
p100_transfer/results_p100_n64_paper_best/Phi-3-mini-4k-instruct/raw/seed_999/ag_news/run_manifest.json,reproduction_packages/historical_transfers/ShadowKV-P100-MeritKV-results/results_p100_n64_paper_best/Phi-3-mini-4k-instruct/raw/seed_999/ag_news/run_manifest.json,6ef6d10e5be9f2f1ab6153e447a3878c99f4c13f6d62930be14546554dcce68f,3769
p100_transfer/results_p100_n64_paper_best/Phi-3-mini-4k-instruct/raw/seed_999/alpaca_eval/run_manifest.json,reproduction_packages/historical_transfers/ShadowKV-P100-MeritKV-results/results_p100_n64_paper_best/Phi-3-mini-4k-instruct/raw/seed_999/alpaca_eval/run_manifest.json,67d7806f44caff491758844d926566818427f032a96e3a6292741a678e933127,3769
p100_transfer/results_p100_n64_paper_best/Phi-3-mini-4k-instruct/raw/seed_999/banking77/run_manifest.json,reproduction_packages/historical_transfers/ShadowKV-P100-MeritKV-results/results_p100_n64_paper_best/Phi-3-mini-4k-instruct/raw/seed_999/banking77/run_manifest.json,0ea55bbbd2ad5b01dac89f20b490ea2457fa12915326f74b3a3d1fe098bddab7,3769
p100_transfer/results_p100_n64_paper_best/Phi-3-mini-4k-instruct/raw/seed_999/cnn_dailymail/run_manifest.json,reproduction_packages/historical_transfers/ShadowKV-P100-MeritKV-results/results_p100_n64_paper_best/Phi-3-mini-4k-instruct/raw/seed_999/cnn_dailymail/run_manifest.json,ebbe46e6915bc864f5acb50a21efa74b2090658886b2b9e23e0c4657a93b52f1,3769
p100_transfer/results_p100_n64_paper_best/Phi-3-mini-4k-instruct/raw/seed_999/daily_dialog/run_manifest.json,reproduction_packages/historical_transfers/ShadowKV-P100-MeritKV-results/results_p100_n64_paper_best/Phi-3-mini-4k-instruct/raw/seed_999/daily_dialog/run_manifest.json,10e943e0ad85ec4d95d085f821bde6788d5eddcabca99a72842026eab2f59924,3769
p100_transfer/results_p100_n64_paper_best/Phi-3-mini-4k-instruct/raw/seed_999/dolly/run_manifest.json,reproduction_packages/historical_transfers/ShadowKV-P100-MeritKV-results/results_p100_n64_paper_best/Phi-3-mini-4k-instruct/raw/seed_999/dolly/run_manifest.json,e0a187a5da8b071ec09cca19a45d91ae24ccec1dbea509f5d222540ad161682e,3769
p100_transfer/results_p100_n64_paper_best/Phi-3-mini-4k-instruct/raw/seed_999/oasst1/run_manifest.json,reproduction_packages/historical_transfers/ShadowKV-P100-MeritKV-results/results_p100_n64_paper_best/Phi-3-mini-4k-instruct/raw/seed_999/oasst1/run_manifest.json,3d883c532221a6ba3ddbd8e3c1945d4219ecc3fb6f4755224ae2ea8f653a2182,3769
p100_transfer/results_p100_n64_paper_best/Phi-3-mini-4k-instruct/raw/seed_999/samsum/run_manifest.json,reproduction_packages/historical_transfers/ShadowKV-P100-MeritKV-results/results_p100_n64_paper_best/Phi-3-mini-4k-instruct/raw/seed_999/samsum/run_manifest.json,897047d8bc1481313bc130246e64e93bb67ad26e45b2bb67cb5075c5818f9e7e,3769
p100_transfer/results_p100_n64_paper_best/Phi-3-mini-4k-instruct/raw/seed_999/ultrachat/run_manifest.json,reproduction_packages/historical_transfers/ShadowKV-P100-MeritKV-results/results_p100_n64_paper_best/Phi-3-mini-4k-instruct/raw/seed_999/ultrachat/run_manifest.json,e27a79591ef13c6842559a7fec7d1530b5d87b47fe2e1a2706804cc49e711d55,3769
p100_transfer/results_p100_n64_paper_best/Phi-3-mini-4k-instruct/raw/seed_999/xsum/run_manifest.json,reproduction_packages/historical_transfers/ShadowKV-P100-MeritKV-results/results_p100_n64_paper_best/Phi-3-mini-4k-instruct/raw/seed_999/xsum/run_manifest.json,05d0e5541b86282dff129424c755e8d5375a176fc96bb70ef4f6c04c222dd80d,3769
p100_transfer/results_p100_n64_paper_best/Phi-3-mini-4k-instruct/templated/seed_123/ag_news/run_manifest.json,reproduction_packages/historical_transfers/ShadowKV-P100-MeritKV-results/results_p100_n64_paper_best/Phi-3-mini-4k-instruct/templated/seed_123/ag_news/run_manifest.json,02349ec6b9ff942b200aaa97882f06694b3f183c2ce904212e509a90e96e64d1,3769
p100_transfer/results_p100_n64_paper_best/Phi-3-mini-4k-instruct/templated/seed_123/alpaca_eval/run_manifest.json,reproduction_packages/historical_transfers/ShadowKV-P100-MeritKV-results/results_p100_n64_paper_best/Phi-3-mini-4k-instruct/templated/seed_123/alpaca_eval/run_manifest.json,20b1de6760c114aa30fa7fe75e49c6e64ea4df13e13a76b61a2a0228eb0fbbab,3769
p100_transfer/results_p100_n64_paper_best/Phi-3-mini-4k-instruct/templated/seed_123/banking77/run_manifest.json,reproduction_packages/historical_transfers/ShadowKV-P100-MeritKV-results/results_p100_n64_paper_best/Phi-3-mini-4k-instruct/templated/seed_123/banking77/run_manifest.json,e0dbb01ab117bbe9f2e41d64152fdcdb6392f96579e72b9e04329c0cc59f71c9,3769
p100_transfer/results_p100_n64_paper_best/Phi-3-mini-4k-instruct/templated/seed_123/cnn_dailymail/run_manifest.json,reproduction_packages/historical_transfers/ShadowKV-P100-MeritKV-results/results_p100_n64_paper_best/Phi-3-mini-4k-instruct/templated/seed_123/cnn_dailymail/run_manifest.json,3cfba5e612f59aea91e6f9199d76ddc8e0686d095996eae89227c01813cdeb62,3769
p100_transfer/results_p100_n64_paper_best/Phi-3-mini-4k-instruct/templated/seed_123/daily_dialog/run_manifest.json,reproduction_packages/historical_transfers/ShadowKV-P100-MeritKV-results/results_p100_n64_paper_best/Phi-3-mini-4k-instruct/templated/seed_123/daily_dialog/run_manifest.json,d0fa58778753451528719420d591cc274ae539e6ad360e6b81e74151d1817bb4,3769
p100_transfer/results_p100_n64_paper_best/Phi-3-mini-4k-instruct/templated/seed_123/dolly/run_manifest.json,reproduction_packages/historical_transfers/ShadowKV-P100-MeritKV-results/results_p100_n64_paper_best/Phi-3-mini-4k-instruct/templated/seed_123/dolly/run_manifest.json,0e632b07b99ebe62ccbb6091ff8f34ff10ab57129547759fafe93f4e06f06711,3769
p100_transfer/results_p100_n64_paper_best/Phi-3-mini-4k-instruct/templated/seed_123/oasst1/run_manifest.json,reproduction_packages/historical_transfers/ShadowKV-P100-MeritKV-results/results_p100_n64_paper_best/Phi-3-mini-4k-instruct/templated/seed_123/oasst1/run_manifest.json,6340a267dacd5baa9ba43eb63111a80a8b8eeb3a8a445e3011cffaa1b1e6df5f,3769
p100_transfer/results_p100_n64_paper_best/Phi-3-mini-4k-instruct/templated/seed_123/samsum/run_manifest.json,reproduction_packages/historical_transfers/ShadowKV-P100-MeritKV-results/results_p100_n64_paper_best/Phi-3-mini-4k-instruct/templated/seed_123/samsum/run_manifest.json,624d716e270a1480241ef348b2c6a80639cedb3528e5713b5792ae34dc4ab718,3769
p100_transfer/results_p100_n64_paper_best/Phi-3-mini-4k-instruct/templated/seed_123/ultrachat/run_manifest.json,reproduction_packages/historical_transfers/ShadowKV-P100-MeritKV-results/results_p100_n64_paper_best/Phi-3-mini-4k-instruct/templated/seed_123/ultrachat/run_manifest.json,92e6abdb6389200bc0f33caaa4dab51f49a0846640b248bb981eb2a871c6649f,3769
p100_transfer/results_p100_n64_paper_best/Phi-3-mini-4k-instruct/templated/seed_123/xsum/run_manifest.json,reproduction_packages/historical_transfers/ShadowKV-P100-MeritKV-results/results_p100_n64_paper_best/Phi-3-mini-4k-instruct/templated/seed_123/xsum/run_manifest.json,4416fabc0069e96bc42166a5b91b4b5a665aae412ffdbff0e0f7c9dce5adebed,3769
p100_transfer/results_p100_n64_paper_best/Phi-3-mini-4k-instruct/templated/seed_42/ag_news/run_manifest.json,reproduction_packages/historical_transfers/ShadowKV-P100-MeritKV-results/results_p100_n64_paper_best/Phi-3-mini-4k-instruct/templated/seed_42/ag_news/run_manifest.json,1d495ac9eeb0e78d7cb7fbe7c01579f5f3ee29948cca3ee21d8411fa94ae5030,3768
p100_transfer/results_p100_n64_paper_best/Phi-3-mini-4k-instruct/templated/seed_42/alpaca_eval/run_manifest.json,reproduction_packages/historical_transfers/ShadowKV-P100-MeritKV-results/results_p100_n64_paper_best/Phi-3-mini-4k-instruct/templated/seed_42/alpaca_eval/run_manifest.json,9d42685d5d73958e6983aab22dd5c7066c081cec6d0ac102a75313f206daafb2,3768
p100_transfer/results_p100_n64_paper_best/Phi-3-mini-4k-instruct/templated/seed_42/banking77/run_manifest.json,reproduction_packages/historical_transfers/ShadowKV-P100-MeritKV-results/results_p100_n64_paper_best/Phi-3-mini-4k-instruct/templated/seed_42/banking77/run_manifest.json,bafa901b858ce6e357f917dda076e8cdd78c62d2e2c3dbd81d07b8485bb938cc,3768
p100_transfer/results_p100_n64_paper_best/Phi-3-mini-4k-instruct/templated/seed_42/cnn_dailymail/run_manifest.json,reproduction_packages/historical_transfers/ShadowKV-P100-MeritKV-results/results_p100_n64_paper_best/Phi-3-mini-4k-instruct/templated/seed_42/cnn_dailymail/run_manifest.json,7e8469cb24b902b312239331f899920d0e55bab92ee67e38de165d1d277ddb8f,3768
p100_transfer/results_p100_n64_paper_best/Phi-3-mini-4k-instruct/templated/seed_42/daily_dialog/run_manifest.json,reproduction_packages/historical_transfers/ShadowKV-P100-MeritKV-results/results_p100_n64_paper_best/Phi-3-mini-4k-instruct/templated/seed_42/daily_dialog/run_manifest.json,36e13d4bf89fe9e40250356b5121408953d64a39a2da7e68765780ecccce1d4f,3768
p100_transfer/results_p100_n64_paper_best/Phi-3-mini-4k-instruct/templated/seed_42/dolly/run_manifest.json,reproduction_packages/historical_transfers/ShadowKV-P100-MeritKV-results/results_p100_n64_paper_best/Phi-3-mini-4k-instruct/templated/seed_42/dolly/run_manifest.json,a76621cb2f76e3fde420b289277234a2b4e9d4eaa04034fc6d75055f58214d34,3768
p100_transfer/results_p100_n64_paper_best/Phi-3-mini-4k-instruct/templated/seed_42/oasst1/run_manifest.json,reproduction_packages/historical_transfers/ShadowKV-P100-MeritKV-results/results_p100_n64_paper_best/Phi-3-mini-4k-instruct/templated/seed_42/oasst1/run_manifest.json,a95d1e2e4e41287c5cb688639e2411001073efd8a8425e5d760a687c7de921de,3768
p100_transfer/results_p100_n64_paper_best/Phi-3-mini-4k-instruct/templated/seed_42/samsum/run_manifest.json,reproduction_packages/historical_transfers/ShadowKV-P100-MeritKV-results/results_p100_n64_paper_best/Phi-3-mini-4k-instruct/templated/seed_42/samsum/run_manifest.json,26a8117ca0e2d21c2ffad87ad6ee9ae336eb95c35f3ec462f708ba0dc11e8400,3768
p100_transfer/results_p100_n64_paper_best/Phi-3-mini-4k-instruct/templated/seed_42/ultrachat/run_manifest.json,reproduction_packages/historical_transfers/ShadowKV-P100-MeritKV-results/results_p100_n64_paper_best/Phi-3-mini-4k-instruct/templated/seed_42/ultrachat/run_manifest.json,863c9700f3f901dedf442e9c2977b254767e0b6c9ce2ac463a2f9c71aa0385cb,3768
p100_transfer/results_p100_n64_paper_best/Phi-3-mini-4k-instruct/templated/seed_42/xsum/run_manifest.json,reproduction_packages/historical_transfers/ShadowKV-P100-MeritKV-results/results_p100_n64_paper_best/Phi-3-mini-4k-instruct/templated/seed_42/xsum/run_manifest.json,ecb7cece5db5a1b21f9d884cbe1c063bfaa9b452a5337e3348ed713550fb0356,3768
p100_transfer/results_p100_n64_paper_best/Phi-3-mini-4k-instruct/templated/seed_456/ag_news/run_manifest.json,reproduction_packages/historical_transfers/ShadowKV-P100-MeritKV-results/results_p100_n64_paper_best/Phi-3-mini-4k-instruct/templated/seed_456/ag_news/run_manifest.json,88af11689bf474b0f069096656272f4e65892148cb8d2db2c93697ca99c1d599,3769
p100_transfer/results_p100_n64_paper_best/Phi-3-mini-4k-instruct/templated/seed_456/alpaca_eval/run_manifest.json,reproduction_packages/historical_transfers/ShadowKV-P100-MeritKV-results/results_p100_n64_paper_best/Phi-3-mini-4k-instruct/templated/seed_456/alpaca_eval/run_manifest.json,f13e88776ccfe4e2e6708260c90010ee271ed35d0f48ebc56034da9edba0f4fa,3769
p100_transfer/results_p100_n64_paper_best/Phi-3-mini-4k-instruct/templated/seed_456/banking77/run_manifest.json,reproduction_packages/historical_transfers/ShadowKV-P100-MeritKV-results/results_p100_n64_paper_best/Phi-3-mini-4k-instruct/templated/seed_456/banking77/run_manifest.json,6ae672e9ab7faefef31e0de48a5dfe9f9baa7c0f206d2921a05cb145c603cfd8,3769
p100_transfer/results_p100_n64_paper_best/Phi-3-mini-4k-instruct/templated/seed_456/cnn_dailymail/run_manifest.json,reproduction_packages/historical_transfers/ShadowKV-P100-MeritKV-results/results_p100_n64_paper_best/Phi-3-mini-4k-instruct/templated/seed_456/cnn_dailymail/run_manifest.json,7200718b990f3302423bf6558a5f95f905d86bb7486e5228d2c349a01872f39b,3769
p100_transfer/results_p100_n64_paper_best/Phi-3-mini-4k-instruct/templated/seed_456/daily_dialog/run_manifest.json,reproduction_packages/historical_transfers/ShadowKV-P100-MeritKV-results/results_p100_n64_paper_best/Phi-3-mini-4k-instruct/templated/seed_456/daily_dialog/run_manifest.json,64884bfb283a7bd13e880dbb0978d6d97e3fcaa43dd8a81603fac7c2cf152b14,3769
p100_transfer/results_p100_n64_paper_best/Phi-3-mini-4k-instruct/templated/seed_456/dolly/run_manifest.json,reproduction_packages/historical_transfers/ShadowKV-P100-MeritKV-results/results_p100_n64_paper_best/Phi-3-mini-4k-instruct/templated/seed_456/dolly/run_manifest.json,7fe45232bfbc8a2545cd69a4e7844a93d4b5977160173069ce1e67b772b42b47,3769
p100_transfer/results_p100_n64_paper_best/Phi-3-mini-4k-instruct/templated/seed_456/oasst1/run_manifest.json,reproduction_packages/historical_transfers/ShadowKV-P100-MeritKV-results/results_p100_n64_paper_best/Phi-3-mini-4k-instruct/templated/seed_456/oasst1/run_manifest.json,0b5269fa38560d49de43098b7cda098baa1340d5d23b80f85dc27a4e02a65c55,3769
p100_transfer/results_p100_n64_paper_best/Phi-3-mini-4k-instruct/templated/seed_456/samsum/run_manifest.json,reproduction_packages/historical_transfers/ShadowKV-P100-MeritKV-results/results_p100_n64_paper_best/Phi-3-mini-4k-instruct/templated/seed_456/samsum/run_manifest.json,f24c6496e24e59481177b7a1a002094f6978146ae78a9c40337bd558301898d1,3769
p100_transfer/results_p100_n64_paper_best/Phi-3-mini-4k-instruct/templated/seed_456/ultrachat/run_manifest.json,reproduction_packages/historical_transfers/ShadowKV-P100-MeritKV-results/results_p100_n64_paper_best/Phi-3-mini-4k-instruct/templated/seed_456/ultrachat/run_manifest.json,2c90499ade477f2d73f496379c6bd020decef7b637b6cbedc91dc2525a18f301,3769
p100_transfer/results_p100_n64_paper_best/Phi-3-mini-4k-instruct/templated/seed_456/xsum/run_manifest.json,reproduction_packages/historical_transfers/ShadowKV-P100-MeritKV-results/results_p100_n64_paper_best/Phi-3-mini-4k-instruct/templated/seed_456/xsum/run_manifest.json,dd0057905605224113aade31a2f982e4018d3e410f9cda03fb9263871a2aef99,3769
p100_transfer/results_p100_n64_paper_best/Phi-3-mini-4k-instruct/templated/seed_789/ag_news/run_manifest.json,reproduction_packages/historical_transfers/ShadowKV-P100-MeritKV-results/results_p100_n64_paper_best/Phi-3-mini-4k-instruct/templated/seed_789/ag_news/run_manifest.json,30d9e5cbaa31fe1f6c89f886d66c38cf2634b1df3f5acd1036252fef2231454d,3769
p100_transfer/results_p100_n64_paper_best/Phi-3-mini-4k-instruct/templated/seed_789/alpaca_eval/run_manifest.json,reproduction_packages/historical_transfers/ShadowKV-P100-MeritKV-results/results_p100_n64_paper_best/Phi-3-mini-4k-instruct/templated/seed_789/alpaca_eval/run_manifest.json,3ba84497a8c9336caaba76733582a006429e6f3c4157544cd52723c4989eea12,3769
p100_transfer/results_p100_n64_paper_best/Phi-3-mini-4k-instruct/templated/seed_789/banking77/run_manifest.json,reproduction_packages/historical_transfers/ShadowKV-P100-MeritKV-results/results_p100_n64_paper_best/Phi-3-mini-4k-instruct/templated/seed_789/banking77/run_manifest.json,94a864cb9db973f814bf13b92cc3ac5b918c21442a57959b7ee210a5c0b887f7,3769
p100_transfer/results_p100_n64_paper_best/Phi-3-mini-4k-instruct/templated/seed_789/cnn_dailymail/run_manifest.json,reproduction_packages/historical_transfers/ShadowKV-P100-MeritKV-results/results_p100_n64_paper_best/Phi-3-mini-4k-instruct/templated/seed_789/cnn_dailymail/run_manifest.json,76b86052356da21a89be6d10dda4f848a800d4acaedd088f3c7c26e1afc5630f,3769
p100_transfer/results_p100_n64_paper_best/Phi-3-mini-4k-instruct/templated/seed_789/daily_dialog/run_manifest.json,reproduction_packages/historical_transfers/ShadowKV-P100-MeritKV-results/results_p100_n64_paper_best/Phi-3-mini-4k-instruct/templated/seed_789/daily_dialog/run_manifest.json,b81cbfa40574fa8b716a71ac41a98e9db7f4ec0c3f8efd0ae953cc7154b8d6e5,3769
p100_transfer/results_p100_n64_paper_best/Phi-3-mini-4k-instruct/templated/seed_789/dolly/run_manifest.json,reproduction_packages/historical_transfers/ShadowKV-P100-MeritKV-results/results_p100_n64_paper_best/Phi-3-mini-4k-instruct/templated/seed_789/dolly/run_manifest.json,89be664ddaff09a264051bd2158cc08ea7a944aa1d20444d769886ab4ec3fb37,3769
p100_transfer/results_p100_n64_paper_best/Phi-3-mini-4k-instruct/templated/seed_789/oasst1/run_manifest.json,reproduction_packages/historical_transfers/ShadowKV-P100-MeritKV-results/results_p100_n64_paper_best/Phi-3-mini-4k-instruct/templated/seed_789/oasst1/run_manifest.json,18a59f63a7c5dae50bfee084f712f0f02efaffea853648ce4209701e0f47efc7,3769
p100_transfer/results_p100_n64_paper_best/Phi-3-mini-4k-instruct/templated/seed_789/samsum/run_manifest.json,reproduction_packages/historical_transfers/ShadowKV-P100-MeritKV-results/results_p100_n64_paper_best/Phi-3-mini-4k-instruct/templated/seed_789/samsum/run_manifest.json,f34ab56ea4e3fa132876845d93fb0c41e8808bfc6a2690430b51a77dfed42db5,3769
p100_transfer/results_p100_n64_paper_best/Phi-3-mini-4k-instruct/templated/seed_789/ultrachat/run_manifest.json,reproduction_packages/historical_transfers/ShadowKV-P100-MeritKV-results/results_p100_n64_paper_best/Phi-3-mini-4k-instruct/templated/seed_789/ultrachat/run_manifest.json,b7265350f9b3ccc7d533509e1cf3cfef696d727262d538fcc8079eb2de3e48ad,3769
p100_transfer/results_p100_n64_paper_best/Phi-3-mini-4k-instruct/templated/seed_789/xsum/run_manifest.json,reproduction_packages/historical_transfers/ShadowKV-P100-MeritKV-results/results_p100_n64_paper_best/Phi-3-mini-4k-instruct/templated/seed_789/xsum/run_manifest.json,b8fbbd7417ac61a39f25a7c6dc10b13b628978ac20b834d2df13c6561779534a,3769
p100_transfer/results_p100_n64_paper_best/Phi-3-mini-4k-instruct/templated/seed_999/ag_news/run_manifest.json,reproduction_packages/historical_transfers/ShadowKV-P100-MeritKV-results/results_p100_n64_paper_best/Phi-3-mini-4k-instruct/templated/seed_999/ag_news/run_manifest.json,b67363e7ea30aaf31a48be34802b5f232d7b516dd5a767921df1667f41eecc8c,3769
p100_transfer/results_p100_n64_paper_best/Phi-3-mini-4k-instruct/templated/seed_999/alpaca_eval/run_manifest.json,reproduction_packages/historical_transfers/ShadowKV-P100-MeritKV-results/results_p100_n64_paper_best/Phi-3-mini-4k-instruct/templated/seed_999/alpaca_eval/run_manifest.json,1092508aac8e3cd2f28804b42c184362f1404c161aa5e6e7bae52e6bad93a5c5,3769
p100_transfer/results_p100_n64_paper_best/Phi-3-mini-4k-instruct/templated/seed_999/banking77/run_manifest.json,reproduction_packages/historical_transfers/ShadowKV-P100-MeritKV-results/results_p100_n64_paper_best/Phi-3-mini-4k-instruct/templated/seed_999/banking77/run_manifest.json,ac6df6df07e8e97bec3e0fd4d832084831906d5a7d55ffb7b59910c025b9df44,3769
p100_transfer/results_p100_n64_paper_best/Phi-3-mini-4k-instruct/templated/seed_999/cnn_dailymail/run_manifest.json,reproduction_packages/historical_transfers/ShadowKV-P100-MeritKV-results/results_p100_n64_paper_best/Phi-3-mini-4k-instruct/templated/seed_999/cnn_dailymail/run_manifest.json,d574be9f75531f3194a10234edd543073abc960a613a56d1c5073335436b5b80,3769
p100_transfer/results_p100_n64_paper_best/Qwen2_5-1_5B-Instruct/raw/seed_123/alpaca_eval/benchmark_hf_Qwen_Qwen2.5-1.5B-Instruct_public_dataset_alpaca_eval_raw_cuda.json,reproduction_packages/historical_transfers/ShadowKV-P100-MeritKV-results/results_p100_n64_paper_best/Qwen2_5-1_5B-Instruct/raw/seed_123/alpaca_eval/benchmark_hf_Qwen_Qwen2.5-1.5B-Instruct_public_dataset_alpaca_eval_raw_cuda.json,2a31e57ed0c0f16cca50cadac01fdb4b12bf871ba747e09f3da270e286979711,9096
p100_transfer/results_p100_n64_paper_best/Qwen2_5-1_5B-Instruct/raw/seed_123/alpaca_eval/run_manifest.json,reproduction_packages/historical_transfers/ShadowKV-P100-MeritKV-results/results_p100_n64_paper_best/Qwen2_5-1_5B-Instruct/raw/seed_123/alpaca_eval/run_manifest.json,43a20ab023d96c705e6f92957e905c39c7b379521433c5e3495bc542d1f94fe2,3763
p100_transfer/results_p100_n64_paper_best/Qwen2_5-1_5B-Instruct/raw/seed_123/banking77/benchmark_hf_Qwen_Qwen2.5-1.5B-Instruct_public_dataset_banking77_raw_cuda.json,reproduction_packages/historical_transfers/ShadowKV-P100-MeritKV-results/results_p100_n64_paper_best/Qwen2_5-1_5B-Instruct/raw/seed_123/banking77/benchmark_hf_Qwen_Qwen2.5-1.5B-Instruct_public_dataset_banking77_raw_cuda.json,f7308d4404b5a3c8d1d0af640604be0a06bc36d8025a69045e93907e4f4a253c,9099
p100_transfer/results_p100_n64_paper_best/Qwen2_5-1_5B-Instruct/raw/seed_123/banking77/run_manifest.json,reproduction_packages/historical_transfers/ShadowKV-P100-MeritKV-results/results_p100_n64_paper_best/Qwen2_5-1_5B-Instruct/raw/seed_123/banking77/run_manifest.json,4e25f625738894aa214686b67b39e9d72c82c09fbdfc836ca911c58588b3926d,3763
p100_transfer/results_p100_n64_paper_best/Qwen2_5-1_5B-Instruct/raw/seed_123/cnn_dailymail/benchmark_hf_Qwen_Qwen2.5-1.5B-Instruct_public_dataset_cnn_dailymail_raw_cuda.json,reproduction_packages/historical_transfers/ShadowKV-P100-MeritKV-results/results_p100_n64_paper_best/Qwen2_5-1_5B-Instruct/raw/seed_123/cnn_dailymail/benchmark_hf_Qwen_Qwen2.5-1.5B-Instruct_public_dataset_cnn_dailymail_raw_cuda.json,60efc9113958cd3f76431bd27a29744dc55e817a145e9da66838c900f4845e76,8868
p100_transfer/results_p100_n64_paper_best/Qwen2_5-1_5B-Instruct/raw/seed_123/cnn_dailymail/run_manifest.json,reproduction_packages/historical_transfers/ShadowKV-P100-MeritKV-results/results_p100_n64_paper_best/Qwen2_5-1_5B-Instruct/raw/seed_123/cnn_dailymail/run_manifest.json,074f4847beec9e94aed915e09c2471d7c5e37b7f48f553923af4edf6e41bdc3b,3763
p100_transfer/results_p100_n64_paper_best/Qwen2_5-1_5B-Instruct/raw/seed_123/daily_dialog/benchmark_hf_Qwen_Qwen2.5-1.5B-Instruct_public_dataset_daily_dialog_raw_cuda.json,reproduction_packages/historical_transfers/ShadowKV-P100-MeritKV-results/results_p100_n64_paper_best/Qwen2_5-1_5B-Instruct/raw/seed_123/daily_dialog/benchmark_hf_Qwen_Qwen2.5-1.5B-Instruct_public_dataset_daily_dialog_raw_cuda.json,7383117ea2e5f4113b225a10964d2c941110eedfba664dbca08fe86548d57e5f,9355
p100_transfer/results_p100_n64_paper_best/Qwen2_5-1_5B-Instruct/raw/seed_123/daily_dialog/run_manifest.json,reproduction_packages/historical_transfers/ShadowKV-P100-MeritKV-results/results_p100_n64_paper_best/Qwen2_5-1_5B-Instruct/raw/seed_123/daily_dialog/run_manifest.json,ea9edc3b1c01ce57bbeb6b17efe43cf169474abff0539bba5440f79537d35401,3763
p100_transfer/results_p100_n64_paper_best/Qwen2_5-1_5B-Instruct/raw/seed_123/dolly/benchmark_hf_Qwen_Qwen2.5-1.5B-Instruct_public_dataset_dolly_raw_cuda.json,reproduction_packages/historical_transfers/ShadowKV-P100-MeritKV-results/results_p100_n64_paper_best/Qwen2_5-1_5B-Instruct/raw/seed_123/dolly/benchmark_hf_Qwen_Qwen2.5-1.5B-Instruct_public_dataset_dolly_raw_cuda.json,081a3bc2b4dbe5ea418ed5f28c4927c6804cc44f079590c0971842dfe4950bd8,9597
p100_transfer/results_p100_n64_paper_best/Qwen2_5-1_5B-Instruct/raw/seed_123/dolly/run_manifest.json,reproduction_packages/historical_transfers/ShadowKV-P100-MeritKV-results/results_p100_n64_paper_best/Qwen2_5-1_5B-Instruct/raw/seed_123/dolly/run_manifest.json,8cb7245be05db745aa97f6aea1c2ca33454342cd35304faaf2a4548109354e69,3763
p100_transfer/results_p100_n64_paper_best/Qwen2_5-1_5B-Instruct/raw/seed_123/oasst1/benchmark_hf_Qwen_Qwen2.5-1.5B-Instruct_public_dataset_oasst1_raw_cuda.json,reproduction_packages/historical_transfers/ShadowKV-P100-MeritKV-results/results_p100_n64_paper_best/Qwen2_5-1_5B-Instruct/raw/seed_123/oasst1/benchmark_hf_Qwen_Qwen2.5-1.5B-Instruct_public_dataset_oasst1_raw_cuda.json,20c971a8b569c6512c3bbc0df9f0a1d91b9f0bfeb1aec9315cb1bc5b218fea91,9861
p100_transfer/results_p100_n64_paper_best/Qwen2_5-1_5B-Instruct/raw/seed_123/oasst1/run_manifest.json,reproduction_packages/historical_transfers/ShadowKV-P100-MeritKV-results/results_p100_n64_paper_best/Qwen2_5-1_5B-Instruct/raw/seed_123/oasst1/run_manifest.json,e4e0a26e6c00a28eda3661c90174ee00374c70c842a66e5901de5deab05ab030,3763
p100_transfer/results_p100_n64_paper_best/Qwen2_5-1_5B-Instruct/raw/seed_123/samsum/benchmark_hf_Qwen_Qwen2.5-1.5B-Instruct_public_dataset_samsum_raw_cuda.json,reproduction_packages/historical_transfers/ShadowKV-P100-MeritKV-results/results_p100_n64_paper_best/Qwen2_5-1_5B-Instruct/raw/seed_123/samsum/benchmark_hf_Qwen_Qwen2.5-1.5B-Instruct_public_dataset_samsum_raw_cuda.json,d4fffe7e512b4f9f0ed13363218f2091e524230849ef2faad774a0e6dbf06ccb,9607
p100_transfer/results_p100_n64_paper_best/Qwen2_5-1_5B-Instruct/raw/seed_123/samsum/run_manifest.json,reproduction_packages/historical_transfers/ShadowKV-P100-MeritKV-results/results_p100_n64_paper_best/Qwen2_5-1_5B-Instruct/raw/seed_123/samsum/run_manifest.json,f4f892af1a6c4cc210811305c7884213d611f755856fc1c94c2c97be0d2f7540,3763
p100_transfer/results_p100_n64_paper_best/Qwen2_5-1_5B-Instruct/raw/seed_123/ultrachat/benchmark_hf_Qwen_Qwen2.5-1.5B-Instruct_public_dataset_ultrachat_raw_cuda.json,reproduction_packages/historical_transfers/ShadowKV-P100-MeritKV-results/results_p100_n64_paper_best/Qwen2_5-1_5B-Instruct/raw/seed_123/ultrachat/benchmark_hf_Qwen_Qwen2.5-1.5B-Instruct_public_dataset_ultrachat_raw_cuda.json,26a973dfed721bc4ef288a59eb60503397a5b2dc2a634c65fd4efc258b51c456,9115
p100_transfer/results_p100_n64_paper_best/Qwen2_5-1_5B-Instruct/raw/seed_123/ultrachat/run_manifest.json,reproduction_packages/historical_transfers/ShadowKV-P100-MeritKV-results/results_p100_n64_paper_best/Qwen2_5-1_5B-Instruct/raw/seed_123/ultrachat/run_manifest.json,634a74fee5c18f232e465f0af1d37627605670f2e24eeb5a3dc5412f4657d77a,3763
p100_transfer/results_p100_n64_paper_best/Qwen2_5-1_5B-Instruct/raw/seed_123/xsum/benchmark_hf_Qwen_Qwen2.5-1.5B-Instruct_public_dataset_xsum_raw_cuda.json,reproduction_packages/historical_transfers/ShadowKV-P100-MeritKV-results/results_p100_n64_paper_best/Qwen2_5-1_5B-Instruct/raw/seed_123/xsum/benchmark_hf_Qwen_Qwen2.5-1.5B-Instruct_public_dataset_xsum_raw_cuda.json,78b3ffc9f8def0d3e233b897578b6b4e4f6c727474017e928a3c3ea23e071aa1,9360
p100_transfer/results_p100_n64_paper_best/Qwen2_5-1_5B-Instruct/raw/seed_123/xsum/run_manifest.json,reproduction_packages/historical_transfers/ShadowKV-P100-MeritKV-results/results_p100_n64_paper_best/Qwen2_5-1_5B-Instruct/raw/seed_123/xsum/run_manifest.json,9cf2b31c3963e6bd47c309460f058cb7c19407c1d1b697f7fe68c3fae7b36fe3,3763
p100_transfer/results_p100_n64_paper_best/Qwen2_5-1_5B-Instruct/raw/seed_42/alpaca_eval/benchmark_hf_Qwen_Qwen2.5-1.5B-Instruct_public_dataset_alpaca_eval_raw_cuda.json,reproduction_packages/historical_transfers/ShadowKV-P100-MeritKV-results/results_p100_n64_paper_best/Qwen2_5-1_5B-Instruct/raw/seed_42/alpaca_eval/benchmark_hf_Qwen_Qwen2.5-1.5B-Instruct_public_dataset_alpaca_eval_raw_cuda.json,2471695de166d05a848945a0ed9104d4f1b8da3d97f1a09904b95dd84a28d597,9100
p100_transfer/results_p100_n64_paper_best/Qwen2_5-1_5B-Instruct/raw/seed_42/alpaca_eval/run_manifest.json,reproduction_packages/historical_transfers/ShadowKV-P100-MeritKV-results/results_p100_n64_paper_best/Qwen2_5-1_5B-Instruct/raw/seed_42/alpaca_eval/run_manifest.json,22c58b0a4119c6486dda94c8e991bb1613ac8f37c27f56d9408d20e57b00779a,3762
p100_transfer/results_p100_n64_paper_best/Qwen2_5-1_5B-Instruct/raw/seed_42/banking77/benchmark_hf_Qwen_Qwen2.5-1.5B-Instruct_public_dataset_banking77_raw_cuda.json,reproduction_packages/historical_transfers/ShadowKV-P100-MeritKV-results/results_p100_n64_paper_best/Qwen2_5-1_5B-Instruct/raw/seed_42/banking77/benchmark_hf_Qwen_Qwen2.5-1.5B-Instruct_public_dataset_banking77_raw_cuda.json,9a831683f1c1a956b66bee70761ac0e0e42f227e664e10b0c7c9942cb7ced07e,9091
p100_transfer/results_p100_n64_paper_best/Qwen2_5-1_5B-Instruct/raw/seed_42/banking77/run_manifest.json,reproduction_packages/historical_transfers/ShadowKV-P100-MeritKV-results/results_p100_n64_paper_best/Qwen2_5-1_5B-Instruct/raw/seed_42/banking77/run_manifest.json,3c8c69a86f40c63c1e42129f6757bf26d758a8219536d607a88ab6a83ecada52,3762
p100_transfer/results_p100_n64_paper_best/Qwen2_5-1_5B-Instruct/raw/seed_42/cnn_dailymail/benchmark_hf_Qwen_Qwen2.5-1.5B-Instruct_public_dataset_cnn_dailymail_raw_cuda.json,reproduction_packages/historical_transfers/ShadowKV-P100-MeritKV-results/results_p100_n64_paper_best/Qwen2_5-1_5B-Instruct/raw/seed_42/cnn_dailymail/benchmark_hf_Qwen_Qwen2.5-1.5B-Instruct_public_dataset_cnn_dailymail_raw_cuda.json,0790bf4a2a44d239e8ae14054e42b2d9b3f6025aa8367a8963839cf150f385c8,9153
p100_transfer/results_p100_n64_paper_best/Qwen2_5-1_5B-Instruct/raw/seed_42/cnn_dailymail/run_manifest.json,reproduction_packages/historical_transfers/ShadowKV-P100-MeritKV-results/results_p100_n64_paper_best/Qwen2_5-1_5B-Instruct/raw/seed_42/cnn_dailymail/run_manifest.json,622d074f37305b0e173e7b416978dca2a9254600e6efa7a67683d40dd81cff50,3762
p100_transfer/results_p100_n64_paper_best/Qwen2_5-1_5B-Instruct/raw/seed_42/daily_dialog/benchmark_hf_Qwen_Qwen2.5-1.5B-Instruct_public_dataset_daily_dialog_raw_cuda.json,reproduction_packages/historical_transfers/ShadowKV-P100-MeritKV-results/results_p100_n64_paper_best/Qwen2_5-1_5B-Instruct/raw/seed_42/daily_dialog/benchmark_hf_Qwen_Qwen2.5-1.5B-Instruct_public_dataset_daily_dialog_raw_cuda.json,f3445d5a99e5d87482306ffcb1a23ebf91a5efa40f6695eece616b479576d3b8,9360
p100_transfer/results_p100_n64_paper_best/Qwen2_5-1_5B-Instruct/raw/seed_42/daily_dialog/run_manifest.json,reproduction_packages/historical_transfers/ShadowKV-P100-MeritKV-results/results_p100_n64_paper_best/Qwen2_5-1_5B-Instruct/raw/seed_42/daily_dialog/run_manifest.json,c24e304c57deb239cfb0109ac9d6fdc698bd96b5ee2a7c614f133de4d37a4f97,3762
p100_transfer/results_p100_n64_paper_best/Qwen2_5-1_5B-Instruct/raw/seed_42/dolly/benchmark_hf_Qwen_Qwen2.5-1.5B-Instruct_public_dataset_dolly_raw_cuda.json,reproduction_packages/historical_transfers/ShadowKV-P100-MeritKV-results/results_p100_n64_paper_best/Qwen2_5-1_5B-Instruct/raw/seed_42/dolly/benchmark_hf_Qwen_Qwen2.5-1.5B-Instruct_public_dataset_dolly_raw_cuda.json,53c5ae566340edfd89b9570589836e6ec826940042f7dc008550f21b76de6a51,9600
p100_transfer/results_p100_n64_paper_best/Qwen2_5-1_5B-Instruct/raw/seed_42/dolly/run_manifest.json,reproduction_packages/historical_transfers/ShadowKV-P100-MeritKV-results/results_p100_n64_paper_best/Qwen2_5-1_5B-Instruct/raw/seed_42/dolly/run_manifest.json,be877c71b4a77a89c41b035a17dfffcfc16b4e2329463ca622661da49766cc36,3762
p100_transfer/results_p100_n64_paper_best/Qwen2_5-1_5B-Instruct/raw/seed_42/oasst1/benchmark_hf_Qwen_Qwen2.5-1.5B-Instruct_public_dataset_oasst1_raw_cuda.json,reproduction_packages/historical_transfers/ShadowKV-P100-MeritKV-results/results_p100_n64_paper_best/Qwen2_5-1_5B-Instruct/raw/seed_42/oasst1/benchmark_hf_Qwen_Qwen2.5-1.5B-Instruct_public_dataset_oasst1_raw_cuda.json,6046654dab5df005a12949c64b33f0813154869855918c1884aa5248c36ba9b6,9599
p100_transfer/results_p100_n64_paper_best/Qwen2_5-1_5B-Instruct/raw/seed_42/oasst1/run_manifest.json,reproduction_packages/historical_transfers/ShadowKV-P100-MeritKV-results/results_p100_n64_paper_best/Qwen2_5-1_5B-Instruct/raw/seed_42/oasst1/run_manifest.json,3c2419611a5d8cfe79595b334f5c94da2daf0c9abd8514d660231ed84a90f19f,3762
p100_transfer/results_p100_n64_paper_best/Qwen2_5-1_5B-Instruct/raw/seed_42/samsum/benchmark_hf_Qwen_Qwen2.5-1.5B-Instruct_public_dataset_samsum_raw_cuda.json,reproduction_packages/historical_transfers/ShadowKV-P100-MeritKV-results/results_p100_n64_paper_best/Qwen2_5-1_5B-Instruct/raw/seed_42/samsum/benchmark_hf_Qwen_Qwen2.5-1.5B-Instruct_public_dataset_samsum_raw_cuda.json,52bd74a5bf69af746dfe7cf8e3434dbb4c92ccb602dc2e8a673e1a625dbc125d,9599
p100_transfer/results_p100_n64_paper_best/Qwen2_5-1_5B-Instruct/raw/seed_42/samsum/run_manifest.json,reproduction_packages/historical_transfers/ShadowKV-P100-MeritKV-results/results_p100_n64_paper_best/Qwen2_5-1_5B-Instruct/raw/seed_42/samsum/run_manifest.json,2d00595be0f744d58d97c74836e6a81cbbb52013cb2be302b5083042c4921358,3762
p100_transfer/results_p100_n64_paper_best/Qwen2_5-1_5B-Instruct/raw/seed_42/ultrachat/benchmark_hf_Qwen_Qwen2.5-1.5B-Instruct_public_dataset_ultrachat_raw_cuda.json,reproduction_packages/historical_transfers/ShadowKV-P100-MeritKV-results/results_p100_n64_paper_best/Qwen2_5-1_5B-Instruct/raw/seed_42/ultrachat/benchmark_hf_Qwen_Qwen2.5-1.5B-Instruct_public_dataset_ultrachat_raw_cuda.json,3e59b84a2dbadf8fc2329f71da97c9def41f657dc6fb52ed25c59afa7c0b61c9,9420
p100_transfer/results_p100_n64_paper_best/Qwen2_5-1_5B-Instruct/raw/seed_42/ultrachat/run_manifest.json,reproduction_packages/historical_transfers/ShadowKV-P100-MeritKV-results/results_p100_n64_paper_best/Qwen2_5-1_5B-Instruct/raw/seed_42/ultrachat/run_manifest.json,d090596827fe0fb2be11fc9106327ee73f24c6a6e0cf7b4a590ae599734b6bd9,3762
p100_transfer/results_p100_n64_paper_best/Qwen2_5-1_5B-Instruct/raw/seed_42/xsum/benchmark_hf_Qwen_Qwen2.5-1.5B-Instruct_public_dataset_xsum_raw_cuda.json,reproduction_packages/historical_transfers/ShadowKV-P100-MeritKV-results/results_p100_n64_paper_best/Qwen2_5-1_5B-Instruct/raw/seed_42/xsum/benchmark_hf_Qwen_Qwen2.5-1.5B-Instruct_public_dataset_xsum_raw_cuda.json,68e0a6501fe634bd89b1304bfdff1900e5a44377efc74ff68dea9b8b62722014,9645
p100_transfer/results_p100_n64_paper_best/Qwen2_5-1_5B-Instruct/raw/seed_42/xsum/run_manifest.json,reproduction_packages/historical_transfers/ShadowKV-P100-MeritKV-results/results_p100_n64_paper_best/Qwen2_5-1_5B-Instruct/raw/seed_42/xsum/run_manifest.json,edc00cbbe768726dcf9ee63e19e40e6f241e0d9f25dced27954b25d1c3160423,3762
p100_transfer/results_p100_n64_paper_best/Qwen2_5-1_5B-Instruct/raw/seed_456/alpaca_eval/benchmark_hf_Qwen_Qwen2.5-1.5B-Instruct_public_dataset_alpaca_eval_raw_cuda.json,reproduction_packages/historical_transfers/ShadowKV-P100-MeritKV-results/results_p100_n64_paper_best/Qwen2_5-1_5B-Instruct/raw/seed_456/alpaca_eval/benchmark_hf_Qwen_Qwen2.5-1.5B-Instruct_public_dataset_alpaca_eval_raw_cuda.json,ca3e7c22dca5567e6e3460b45315776fc1737894fc990cc39482a3ff93f73d16,9091
p100_transfer/results_p100_n64_paper_best/Qwen2_5-1_5B-Instruct/raw/seed_456/alpaca_eval/run_manifest.json,reproduction_packages/historical_transfers/ShadowKV-P100-MeritKV-results/results_p100_n64_paper_best/Qwen2_5-1_5B-Instruct/raw/seed_456/alpaca_eval/run_manifest.json,6311893ddb6ed671d47ff862db7f24d3ddaa4fc066345591dd0682fa02e07239,3763
p100_transfer/results_p100_n64_paper_best/Qwen2_5-1_5B-Instruct/raw/seed_456/banking77/benchmark_hf_Qwen_Qwen2.5-1.5B-Instruct_public_dataset_banking77_raw_cuda.json,reproduction_packages/historical_transfers/ShadowKV-P100-MeritKV-results/results_p100_n64_paper_best/Qwen2_5-1_5B-Instruct/raw/seed_456/banking77/benchmark_hf_Qwen_Qwen2.5-1.5B-Instruct_public_dataset_banking77_raw_cuda.json,306f7bccf3c0e2beaa40c00cb6a073bb9ef934b6f8af7b6a21132d936e3214d8,8840
p100_transfer/results_p100_n64_paper_best/Qwen2_5-1_5B-Instruct/raw/seed_456/banking77/run_manifest.json,reproduction_packages/historical_transfers/ShadowKV-P100-MeritKV-results/results_p100_n64_paper_best/Qwen2_5-1_5B-Instruct/raw/seed_456/banking77/run_manifest.json,248c7169d16eed65a37f4448b7cf636109d31314063108b19f68af0d64936493,3763
p100_transfer/results_p100_n64_paper_best/Qwen2_5-1_5B-Instruct/raw/seed_456/cnn_dailymail/benchmark_hf_Qwen_Qwen2.5-1.5B-Instruct_public_dataset_cnn_dailymail_raw_cuda.json,reproduction_packages/historical_transfers/ShadowKV-P100-MeritKV-results/results_p100_n64_paper_best/Qwen2_5-1_5B-Instruct/raw/seed_456/cnn_dailymail/benchmark_hf_Qwen_Qwen2.5-1.5B-Instruct_public_dataset_cnn_dailymail_raw_cuda.json,902f3136c7e7eb13f085e854d6a86273cd3f5adfd3ac9f7c38c2b030b99bc913,9176
p100_transfer/results_p100_n64_paper_best/Qwen2_5-1_5B-Instruct/raw/seed_456/cnn_dailymail/run_manifest.json,reproduction_packages/historical_transfers/ShadowKV-P100-MeritKV-results/results_p100_n64_paper_best/Qwen2_5-1_5B-Instruct/raw/seed_456/cnn_dailymail/run_manifest.json,e5967fe887d07828b1f86d6f221f34d26afeb480b124ddc9f8dd599113354bfe,3763
p100_transfer/results_p100_n64_paper_best/Qwen2_5-1_5B-Instruct/raw/seed_456/daily_dialog/benchmark_hf_Qwen_Qwen2.5-1.5B-Instruct_public_dataset_daily_dialog_raw_cuda.json,reproduction_packages/historical_transfers/ShadowKV-P100-MeritKV-results/results_p100_n64_paper_best/Qwen2_5-1_5B-Instruct/raw/seed_456/daily_dialog/benchmark_hf_Qwen_Qwen2.5-1.5B-Instruct_public_dataset_daily_dialog_raw_cuda.json,fc52124ac3e6820f590f7b90acaaa606eec83505b1091aaf1489ca9f4533d642,9622
p100_transfer/results_p100_n64_paper_best/Qwen2_5-1_5B-Instruct/raw/seed_456/daily_dialog/run_manifest.json,reproduction_packages/historical_transfers/ShadowKV-P100-MeritKV-results/results_p100_n64_paper_best/Qwen2_5-1_5B-Instruct/raw/seed_456/daily_dialog/run_manifest.json,91deae576f1b6fc5f759cb97d565705b298757f7af4646db5e0cc62da6afbe64,3763
p100_transfer/results_p100_n64_paper_best/Qwen2_5-1_5B-Instruct/raw/seed_456/dolly/benchmark_hf_Qwen_Qwen2.5-1.5B-Instruct_public_dataset_dolly_raw_cuda.json,reproduction_packages/historical_transfers/ShadowKV-P100-MeritKV-results/results_p100_n64_paper_best/Qwen2_5-1_5B-Instruct/raw/seed_456/dolly/benchmark_hf_Qwen_Qwen2.5-1.5B-Instruct_public_dataset_dolly_raw_cuda.json,ae7913447106a8dfb1a00f8b17636077bfd34b3ee97cacee019838afb04df23f,9600
p100_transfer/results_p100_n64_paper_best/Qwen2_5-1_5B-Instruct/raw/seed_456/dolly/run_manifest.json,reproduction_packages/historical_transfers/ShadowKV-P100-MeritKV-results/results_p100_n64_paper_best/Qwen2_5-1_5B-Instruct/raw/seed_456/dolly/run_manifest.json,e7ae586133271aed864b2668ab8aa01dde0a5f86dfe9b85be2d5bc7358178d98,3763
p100_transfer/results_p100_n64_paper_best/Qwen2_5-1_5B-Instruct/raw/seed_456/oasst1/benchmark_hf_Qwen_Qwen2.5-1.5B-Instruct_public_dataset_oasst1_raw_cuda.json,reproduction_packages/historical_transfers/ShadowKV-P100-MeritKV-results/results_p100_n64_paper_best/Qwen2_5-1_5B-Instruct/raw/seed_456/oasst1/benchmark_hf_Qwen_Qwen2.5-1.5B-Instruct_public_dataset_oasst1_raw_cuda.json,e7177c7e926f1d0e0481b7f77dbf68d35389da861ef01ac34029d98cb5618a03,9604
p100_transfer/results_p100_n64_paper_best/Qwen2_5-1_5B-Instruct/raw/seed_456/oasst1/run_manifest.json,reproduction_packages/historical_transfers/ShadowKV-P100-MeritKV-results/results_p100_n64_paper_best/Qwen2_5-1_5B-Instruct/raw/seed_456/oasst1/run_manifest.json,2aea0b34c2b2a12f74bb3093b10871c5809d57f79ccbc4008ba8a6f7cf440a18,3763
p100_transfer/results_p100_n64_paper_best/Qwen2_5-1_5B-Instruct/raw/seed_456/samsum/benchmark_hf_Qwen_Qwen2.5-1.5B-Instruct_public_dataset_samsum_raw_cuda.json,reproduction_packages/historical_transfers/ShadowKV-P100-MeritKV-results/results_p100_n64_paper_best/Qwen2_5-1_5B-Instruct/raw/seed_456/samsum/benchmark_hf_Qwen_Qwen2.5-1.5B-Instruct_public_dataset_samsum_raw_cuda.json,3e60f13da07b761742c85fd92b967de4deb237633bfa64d2983a93f85e701157,9599
p100_transfer/results_p100_n64_paper_best/Qwen2_5-1_5B-Instruct/raw/seed_456/samsum/run_manifest.json,reproduction_packages/historical_transfers/ShadowKV-P100-MeritKV-results/results_p100_n64_paper_best/Qwen2_5-1_5B-Instruct/raw/seed_456/samsum/run_manifest.json,0791ea92e43567a51409c82d3f5598b7aad70ec5338c1269ce817730c2f3e36f,3763
p100_transfer/results_p100_n64_paper_best/Qwen2_5-1_5B-Instruct/raw/seed_456/ultrachat/benchmark_hf_Qwen_Qwen2.5-1.5B-Instruct_public_dataset_ultrachat_raw_cuda.json,reproduction_packages/historical_transfers/ShadowKV-P100-MeritKV-results/results_p100_n64_paper_best/Qwen2_5-1_5B-Instruct/raw/seed_456/ultrachat/benchmark_hf_Qwen_Qwen2.5-1.5B-Instruct_public_dataset_ultrachat_raw_cuda.json,a826a33ebd483b4177d9f2ee0f9389bf3118a4ac1151609db3f38a4b396f6b1e,9417
p100_transfer/results_p100_n64_paper_best/Qwen2_5-1_5B-Instruct/raw/seed_456/ultrachat/run_manifest.json,reproduction_packages/historical_transfers/ShadowKV-P100-MeritKV-results/results_p100_n64_paper_best/Qwen2_5-1_5B-Instruct/raw/seed_456/ultrachat/run_manifest.json,87b5443e8c5994e590a664711e701cd35df5c9b2b8e466cab050d68166f23c22,3763
p100_transfer/results_p100_n64_paper_best/Qwen2_5-1_5B-Instruct/raw/seed_456/xsum/benchmark_hf_Qwen_Qwen2.5-1.5B-Instruct_public_dataset_xsum_raw_cuda.json,reproduction_packages/historical_transfers/ShadowKV-P100-MeritKV-results/results_p100_n64_paper_best/Qwen2_5-1_5B-Instruct/raw/seed_456/xsum/benchmark_hf_Qwen_Qwen2.5-1.5B-Instruct_public_dataset_xsum_raw_cuda.json,94295acafb43f0625215d61a8bdcedba5c83d0ce6b7b3fa9fed6bb6b86d76fd9,9660
p100_transfer/results_p100_n64_paper_best/Qwen2_5-1_5B-Instruct/raw/seed_456/xsum/run_manifest.json,reproduction_packages/historical_transfers/ShadowKV-P100-MeritKV-results/results_p100_n64_paper_best/Qwen2_5-1_5B-Instruct/raw/seed_456/xsum/run_manifest.json,3b1443ca8c08124a5961ac79845a2ac0c565dde77018b9878697dccabcb5a28c,3763
p100_transfer/results_p100_n64_paper_best/Qwen2_5-1_5B-Instruct/raw/seed_789/ag_news/benchmark_hf_Qwen_Qwen2.5-1.5B-Instruct_public_dataset_ag_news_raw_cuda.json,reproduction_packages/historical_transfers/ShadowKV-P100-MeritKV-results/results_p100_n64_paper_best/Qwen2_5-1_5B-Instruct/raw/seed_789/ag_news/benchmark_hf_Qwen_Qwen2.5-1.5B-Instruct_public_dataset_ag_news_raw_cuda.json,98429143981d4283d5c24c7004d8205ae4e9813eda06b89ce4c555d68e8cf944,9091
p100_transfer/results_p100_n64_paper_best/Qwen2_5-1_5B-Instruct/raw/seed_789/alpaca_eval/benchmark_hf_Qwen_Qwen2.5-1.5B-Instruct_public_dataset_alpaca_eval_raw_cuda.json,reproduction_packages/historical_transfers/ShadowKV-P100-MeritKV-results/results_p100_n64_paper_best/Qwen2_5-1_5B-Instruct/raw/seed_789/alpaca_eval/benchmark_hf_Qwen_Qwen2.5-1.5B-Instruct_public_dataset_alpaca_eval_raw_cuda.json,06f40df1c6c21f0ce3803d75d4be61fae3852f1dc66920a1bde96da9c6ab399d,9100
p100_transfer/results_p100_n64_paper_best/Qwen2_5-1_5B-Instruct/raw/seed_789/alpaca_eval/run_manifest.json,reproduction_packages/historical_transfers/ShadowKV-P100-MeritKV-results/results_p100_n64_paper_best/Qwen2_5-1_5B-Instruct/raw/seed_789/alpaca_eval/run_manifest.json,89065e47d2cf51536b6cd2c6e184c6f326493b8bceab21aed1e00746feea20ab,3763
p100_transfer/results_p100_n64_paper_best/Qwen2_5-1_5B-Instruct/raw/seed_789/banking77/benchmark_hf_Qwen_Qwen2.5-1.5B-Instruct_public_dataset_banking77_raw_cuda.json,reproduction_packages/historical_transfers/ShadowKV-P100-MeritKV-results/results_p100_n64_paper_best/Qwen2_5-1_5B-Instruct/raw/seed_789/banking77/benchmark_hf_Qwen_Qwen2.5-1.5B-Instruct_public_dataset_banking77_raw_cuda.json,5b3e40d0f0d108ba51131efc3536b001e13a179f64a3b283d8cf127bc243ec62,9088
p100_transfer/results_p100_n64_paper_best/Qwen2_5-1_5B-Instruct/raw/seed_789/banking77/run_manifest.json,reproduction_packages/historical_transfers/ShadowKV-P100-MeritKV-results/results_p100_n64_paper_best/Qwen2_5-1_5B-Instruct/raw/seed_789/banking77/run_manifest.json,583cbebc9079855e406418e830c62056df2a46479494aeb4067c110a51100299,3763
p100_transfer/results_p100_n64_paper_best/Qwen2_5-1_5B-Instruct/raw/seed_789/cnn_dailymail/benchmark_hf_Qwen_Qwen2.5-1.5B-Instruct_public_dataset_cnn_dailymail_raw_cuda.json,reproduction_packages/historical_transfers/ShadowKV-P100-MeritKV-results/results_p100_n64_paper_best/Qwen2_5-1_5B-Instruct/raw/seed_789/cnn_dailymail/benchmark_hf_Qwen_Qwen2.5-1.5B-Instruct_public_dataset_cnn_dailymail_raw_cuda.json,dac8f56c66a2ab2b7ea04d30f47ea65860eda2902b0c92669245087c17a4a377,9432
p100_transfer/results_p100_n64_paper_best/Qwen2_5-1_5B-Instruct/raw/seed_789/cnn_dailymail/run_manifest.json,reproduction_packages/historical_transfers/ShadowKV-P100-MeritKV-results/results_p100_n64_paper_best/Qwen2_5-1_5B-Instruct/raw/seed_789/cnn_dailymail/run_manifest.json,cf159a185a2e0f703746bf8c68d21c8c43651b48df58eebc883924a00390fb0e,3763
p100_transfer/results_p100_n64_paper_best/Qwen2_5-1_5B-Instruct/raw/seed_789/daily_dialog/benchmark_hf_Qwen_Qwen2.5-1.5B-Instruct_public_dataset_daily_dialog_raw_cuda.json,reproduction_packages/historical_transfers/ShadowKV-P100-MeritKV-results/results_p100_n64_paper_best/Qwen2_5-1_5B-Instruct/raw/seed_789/daily_dialog/benchmark_hf_Qwen_Qwen2.5-1.5B-Instruct_public_dataset_daily_dialog_raw_cuda.json,cc5b797d496f05761ffcd32dd7b40a1702886b4ae008ff8cdeb16f66bc270828,9622
p100_transfer/results_p100_n64_paper_best/Qwen2_5-1_5B-Instruct/raw/seed_789/daily_dialog/run_manifest.json,reproduction_packages/historical_transfers/ShadowKV-P100-MeritKV-results/results_p100_n64_paper_best/Qwen2_5-1_5B-Instruct/raw/seed_789/daily_dialog/run_manifest.json,4257eafebe233a1556f4f199f36f1718bf4b1eff5c8577942ea4e1b8a0e6f5c6,3763
p100_transfer/results_p100_n64_paper_best/Qwen2_5-1_5B-Instruct/raw/seed_789/dolly/benchmark_hf_Qwen_Qwen2.5-1.5B-Instruct_public_dataset_dolly_raw_cuda.json,reproduction_packages/historical_transfers/ShadowKV-P100-MeritKV-results/results_p100_n64_paper_best/Qwen2_5-1_5B-Instruct/raw/seed_789/dolly/benchmark_hf_Qwen_Qwen2.5-1.5B-Instruct_public_dataset_dolly_raw_cuda.json,045666b0c313daf467817bdca927cd7e2ea204a329dfc02490e38c672b791940,9603
p100_transfer/results_p100_n64_paper_best/Qwen2_5-1_5B-Instruct/raw/seed_789/dolly/run_manifest.json,reproduction_packages/historical_transfers/ShadowKV-P100-MeritKV-results/results_p100_n64_paper_best/Qwen2_5-1_5B-Instruct/raw/seed_789/dolly/run_manifest.json,d826bde87a6dadda4707706143f8c3eada958d77746be97172af593c61908e8f,3763
p100_transfer/results_p100_n64_paper_best/Qwen2_5-1_5B-Instruct/raw/seed_789/oasst1/benchmark_hf_Qwen_Qwen2.5-1.5B-Instruct_public_dataset_oasst1_raw_cuda.json,reproduction_packages/historical_transfers/ShadowKV-P100-MeritKV-results/results_p100_n64_paper_best/Qwen2_5-1_5B-Instruct/raw/seed_789/oasst1/benchmark_hf_Qwen_Qwen2.5-1.5B-Instruct_public_dataset_oasst1_raw_cuda.json,9aef61fe0279ee4ed6dd95728403359cae8ae7f433541e6e328fd3a76e4840d0,9599
p100_transfer/results_p100_n64_paper_best/Qwen2_5-1_5B-Instruct/raw/seed_789/oasst1/run_manifest.json,reproduction_packages/historical_transfers/ShadowKV-P100-MeritKV-results/results_p100_n64_paper_best/Qwen2_5-1_5B-Instruct/raw/seed_789/oasst1/run_manifest.json,b0aa528d3992566daa96b971740eb95f43494719a943214657e6a46d38977a22,3763
p100_transfer/results_p100_n64_paper_best/Qwen2_5-1_5B-Instruct/raw/seed_789/samsum/benchmark_hf_Qwen_Qwen2.5-1.5B-Instruct_public_dataset_samsum_raw_cuda.json,reproduction_packages/historical_transfers/ShadowKV-P100-MeritKV-results/results_p100_n64_paper_best/Qwen2_5-1_5B-Instruct/raw/seed_789/samsum/benchmark_hf_Qwen_Qwen2.5-1.5B-Instruct_public_dataset_samsum_raw_cuda.json,0bd747ac59f6bc8040efb7cb4dbe6822c0b4b947fad7b1e3d4868f0613ffc013,9605
p100_transfer/results_p100_n64_paper_best/Qwen2_5-1_5B-Instruct/raw/seed_789/samsum/run_manifest.json,reproduction_packages/historical_transfers/ShadowKV-P100-MeritKV-results/results_p100_n64_paper_best/Qwen2_5-1_5B-Instruct/raw/seed_789/samsum/run_manifest.json,354733c99938ea6f14753a478226714b02e9968266fae0b42947eef297a89503,3763
p100_transfer/results_p100_n64_paper_best/Qwen2_5-1_5B-Instruct/raw/seed_789/ultrachat/benchmark_hf_Qwen_Qwen2.5-1.5B-Instruct_public_dataset_ultrachat_raw_cuda.json,reproduction_packages/historical_transfers/ShadowKV-P100-MeritKV-results/results_p100_n64_paper_best/Qwen2_5-1_5B-Instruct/raw/seed_789/ultrachat/benchmark_hf_Qwen_Qwen2.5-1.5B-Instruct_public_dataset_ultrachat_raw_cuda.json,45a7e3d8e779dfb8d0a212dc2ad8592071542628f0bc2b89dd5a41fc10854658,9116
p100_transfer/results_p100_n64_paper_best/Qwen2_5-1_5B-Instruct/raw/seed_789/ultrachat/run_manifest.json,reproduction_packages/historical_transfers/ShadowKV-P100-MeritKV-results/results_p100_n64_paper_best/Qwen2_5-1_5B-Instruct/raw/seed_789/ultrachat/run_manifest.json,71c5f92e9ba6bb985c47d968fbd8a3e8b1153b14d98016aa81bea5b4882e3ab3,3763
p100_transfer/results_p100_n64_paper_best/Qwen2_5-1_5B-Instruct/raw/seed_789/xsum/benchmark_hf_Qwen_Qwen2.5-1.5B-Instruct_public_dataset_xsum_raw_cuda.json,reproduction_packages/historical_transfers/ShadowKV-P100-MeritKV-results/results_p100_n64_paper_best/Qwen2_5-1_5B-Instruct/raw/seed_789/xsum/benchmark_hf_Qwen_Qwen2.5-1.5B-Instruct_public_dataset_xsum_raw_cuda.json,4bc24a21b9327b8f70078a42f1245191edc188333e3e25442a0915fe681302ac,9359
p100_transfer/results_p100_n64_paper_best/Qwen2_5-1_5B-Instruct/raw/seed_789/xsum/run_manifest.json,reproduction_packages/historical_transfers/ShadowKV-P100-MeritKV-results/results_p100_n64_paper_best/Qwen2_5-1_5B-Instruct/raw/seed_789/xsum/run_manifest.json,ec1f74871647a0307f9a0f6958bd4bbf059b47890b6f365dac37a2abcb6d9859,3763
p100_transfer/results_p100_n64_paper_best/Qwen2_5-1_5B-Instruct/raw/seed_999/ag_news/benchmark_hf_Qwen_Qwen2.5-1.5B-Instruct_public_dataset_ag_news_raw_cuda.json,reproduction_packages/historical_transfers/ShadowKV-P100-MeritKV-results/results_p100_n64_paper_best/Qwen2_5-1_5B-Instruct/raw/seed_999/ag_news/benchmark_hf_Qwen_Qwen2.5-1.5B-Instruct_public_dataset_ag_news_raw_cuda.json,73e7cd77b07241e08a04c3a53100268a1883249aff57287ef7b6b792ba52c07a,9090
p100_transfer/results_p100_n64_paper_best/Qwen2_5-1_5B-Instruct/raw/seed_999/ag_news/run_manifest.json,reproduction_packages/historical_transfers/ShadowKV-P100-MeritKV-results/results_p100_n64_paper_best/Qwen2_5-1_5B-Instruct/raw/seed_999/ag_news/run_manifest.json,cac9312ecdfaf205e78f082d11f7a95991ee0aa41f1e502e6e0f7acfda712868,3763
p100_transfer/results_p100_n64_paper_best/Qwen2_5-1_5B-Instruct/raw/seed_999/alpaca_eval/benchmark_hf_Qwen_Qwen2.5-1.5B-Instruct_public_dataset_alpaca_eval_raw_cuda.json,reproduction_packages/historical_transfers/ShadowKV-P100-MeritKV-results/results_p100_n64_paper_best/Qwen2_5-1_5B-Instruct/raw/seed_999/alpaca_eval/benchmark_hf_Qwen_Qwen2.5-1.5B-Instruct_public_dataset_alpaca_eval_raw_cuda.json,c8fa242ad0ea0022006873e2f44ebede14a033cdc8a8357ce4547c25175ebc36,9098
p100_transfer/results_p100_n64_paper_best/Qwen2_5-1_5B-Instruct/raw/seed_999/alpaca_eval/run_manifest.json,reproduction_packages/historical_transfers/ShadowKV-P100-MeritKV-results/results_p100_n64_paper_best/Qwen2_5-1_5B-Instruct/raw/seed_999/alpaca_eval/run_manifest.json,e3c3a4b7510e2de4d01b41c6f562fb1cd3cdde04c1372c0e292ed1f4fe56ab95,3763
p100_transfer/results_p100_n64_paper_best/Qwen2_5-1_5B-Instruct/raw/seed_999/banking77/benchmark_hf_Qwen_Qwen2.5-1.5B-Instruct_public_dataset_banking77_raw_cuda.json,reproduction_packages/historical_transfers/ShadowKV-P100-MeritKV-results/results_p100_n64_paper_best/Qwen2_5-1_5B-Instruct/raw/seed_999/banking77/benchmark_hf_Qwen_Qwen2.5-1.5B-Instruct_public_dataset_banking77_raw_cuda.json,8ad46e1637897d6b2fcc5cddc096aab353dd394b6b6fc0be89b860e1b1c9e0be,9090
p100_transfer/results_p100_n64_paper_best/Qwen2_5-1_5B-Instruct/raw/seed_999/banking77/run_manifest.json,reproduction_packages/historical_transfers/ShadowKV-P100-MeritKV-results/results_p100_n64_paper_best/Qwen2_5-1_5B-Instruct/raw/seed_999/banking77/run_manifest.json,adbc7ab6073252faf7b76ead1c7a0db34f337ec06575bf28d2cb79a967ae3077,3763
p100_transfer/results_p100_n64_paper_best/Qwen2_5-1_5B-Instruct/raw/seed_999/cnn_dailymail/benchmark_hf_Qwen_Qwen2.5-1.5B-Instruct_public_dataset_cnn_dailymail_raw_cuda.json,reproduction_packages/historical_transfers/ShadowKV-P100-MeritKV-results/results_p100_n64_paper_best/Qwen2_5-1_5B-Instruct/raw/seed_999/cnn_dailymail/benchmark_hf_Qwen_Qwen2.5-1.5B-Instruct_public_dataset_cnn_dailymail_raw_cuda.json,d85b0e0aea4c05079b06ac1bc241943178d6414b0f1e03324249d690f1d4aeff,9431
p100_transfer/results_p100_n64_paper_best/Qwen2_5-1_5B-Instruct/raw/seed_999/cnn_dailymail/run_manifest.json,reproduction_packages/historical_transfers/ShadowKV-P100-MeritKV-results/results_p100_n64_paper_best/Qwen2_5-1_5B-Instruct/raw/seed_999/cnn_dailymail/run_manifest.json,3a9f7af5039996e10308d65e0c83bcb23f1334f6ed3c8df49190adc1030ae8af,3763
p100_transfer/results_p100_n64_paper_best/Qwen2_5-1_5B-Instruct/raw/seed_999/daily_dialog/benchmark_hf_Qwen_Qwen2.5-1.5B-Instruct_public_dataset_daily_dialog_raw_cuda.json,reproduction_packages/historical_transfers/ShadowKV-P100-MeritKV-results/results_p100_n64_paper_best/Qwen2_5-1_5B-Instruct/raw/seed_999/daily_dialog/benchmark_hf_Qwen_Qwen2.5-1.5B-Instruct_public_dataset_daily_dialog_raw_cuda.json,3c39217d73c66da3cc47d8bc3ebd286e8cd86312e87717f57e472e346113525d,9621
p100_transfer/results_p100_n64_paper_best/Qwen2_5-1_5B-Instruct/raw/seed_999/daily_dialog/run_manifest.json,reproduction_packages/historical_transfers/ShadowKV-P100-MeritKV-results/results_p100_n64_paper_best/Qwen2_5-1_5B-Instruct/raw/seed_999/daily_dialog/run_manifest.json,1cf2930f5fb2619e7206f4c0ab1aaac88f3bc18e82cd955762faafec7b5a5358,3763
p100_transfer/results_p100_n64_paper_best/Qwen2_5-1_5B-Instruct/raw/seed_999/dolly/benchmark_hf_Qwen_Qwen2.5-1.5B-Instruct_public_dataset_dolly_raw_cuda.json,reproduction_packages/historical_transfers/ShadowKV-P100-MeritKV-results/results_p100_n64_paper_best/Qwen2_5-1_5B-Instruct/raw/seed_999/dolly/benchmark_hf_Qwen_Qwen2.5-1.5B-Instruct_public_dataset_dolly_raw_cuda.json,d6f74f9027e726d0a689047ac8b2568e854dc783437bfa19e8e0731b4a8dad3d,9649
p100_transfer/results_p100_n64_paper_best/Qwen2_5-1_5B-Instruct/raw/seed_999/dolly/run_manifest.json,reproduction_packages/historical_transfers/ShadowKV-P100-MeritKV-results/results_p100_n64_paper_best/Qwen2_5-1_5B-Instruct/raw/seed_999/dolly/run_manifest.json,77552212b638afa823e9747aba902dcc9e8531250a3930eaae31db2af76135b6,3763
p100_transfer/results_p100_n64_paper_best/Qwen2_5-1_5B-Instruct/raw/seed_999/oasst1/benchmark_hf_Qwen_Qwen2.5-1.5B-Instruct_public_dataset_oasst1_raw_cuda.json,reproduction_packages/historical_transfers/ShadowKV-P100-MeritKV-results/results_p100_n64_paper_best/Qwen2_5-1_5B-Instruct/raw/seed_999/oasst1/benchmark_hf_Qwen_Qwen2.5-1.5B-Instruct_public_dataset_oasst1_raw_cuda.json,65ccb70e325eca5460a716fb43ddfe338d9777d069b39cc63cf5ef81958c60bf,9605
p100_transfer/results_p100_n64_paper_best/Qwen2_5-1_5B-Instruct/raw/seed_999/oasst1/run_manifest.json,reproduction_packages/historical_transfers/ShadowKV-P100-MeritKV-results/results_p100_n64_paper_best/Qwen2_5-1_5B-Instruct/raw/seed_999/oasst1/run_manifest.json,1283d91a2b003ab98175b94adf924c0ee0b67955e4746b9fd979b2090ba70556,3763
p100_transfer/results_p100_n64_paper_best/Qwen2_5-1_5B-Instruct/raw/seed_999/samsum/benchmark_hf_Qwen_Qwen2.5-1.5B-Instruct_public_dataset_samsum_raw_cuda.json,reproduction_packages/historical_transfers/ShadowKV-P100-MeritKV-results/results_p100_n64_paper_best/Qwen2_5-1_5B-Instruct/raw/seed_999/samsum/benchmark_hf_Qwen_Qwen2.5-1.5B-Instruct_public_dataset_samsum_raw_cuda.json,2c48a8177e89917f228c49d0426c216c52b92bb8d340f804917aa10647fd7525,9605
p100_transfer/results_p100_n64_paper_best/Qwen2_5-1_5B-Instruct/raw/seed_999/samsum/run_manifest.json,reproduction_packages/historical_transfers/ShadowKV-P100-MeritKV-results/results_p100_n64_paper_best/Qwen2_5-1_5B-Instruct/raw/seed_999/samsum/run_manifest.json,efcfbe920a758088b2c8336d522fb935e10d8532728fffac1ada79aec52d1495,3763
p100_transfer/results_p100_n64_paper_best/Qwen2_5-1_5B-Instruct/raw/seed_999/ultrachat/benchmark_hf_Qwen_Qwen2.5-1.5B-Instruct_public_dataset_ultrachat_raw_cuda.json,reproduction_packages/historical_transfers/ShadowKV-P100-MeritKV-results/results_p100_n64_paper_best/Qwen2_5-1_5B-Instruct/raw/seed_999/ultrachat/benchmark_hf_Qwen_Qwen2.5-1.5B-Instruct_public_dataset_ultrachat_raw_cuda.json,854d6c6a753d8d9c80ad133adcbef744a655cbd80a0dd9f60a3336374eb595d0,9418
p100_transfer/results_p100_n64_paper_best/Qwen2_5-1_5B-Instruct/raw/seed_999/ultrachat/run_manifest.json,reproduction_packages/historical_transfers/ShadowKV-P100-MeritKV-results/results_p100_n64_paper_best/Qwen2_5-1_5B-Instruct/raw/seed_999/ultrachat/run_manifest.json,cb6f25e4d0aa6314d6993ed85d17c7d28bed270e5a03e7f4aa3b31eb6b0b5e86,3763
p100_transfer/results_p100_n64_paper_best/Qwen2_5-1_5B-Instruct/raw/seed_999/xsum/benchmark_hf_Qwen_Qwen2.5-1.5B-Instruct_public_dataset_xsum_raw_cuda.json,reproduction_packages/historical_transfers/ShadowKV-P100-MeritKV-results/results_p100_n64_paper_best/Qwen2_5-1_5B-Instruct/raw/seed_999/xsum/benchmark_hf_Qwen_Qwen2.5-1.5B-Instruct_public_dataset_xsum_raw_cuda.json,c3c98a29f40819d4d362f5a78795010534c28f07875b71d2bfe937f5fcd4661c,9657
p100_transfer/results_p100_n64_paper_best/Qwen2_5-1_5B-Instruct/raw/seed_999/xsum/run_manifest.json,reproduction_packages/historical_transfers/ShadowKV-P100-MeritKV-results/results_p100_n64_paper_best/Qwen2_5-1_5B-Instruct/raw/seed_999/xsum/run_manifest.json,13f42c117c12694abcf9f206e1d2f1b0d95627d767b546df994ac8f724bedd94,3763
p100_transfer/results_p100_n64_paper_best/Qwen2_5-1_5B-Instruct/semantic/seed_123/ag_news/benchmark_hf_Qwen_Qwen2.5-1.5B-Instruct_public_dataset_ag_news_semantic_cuda.json,reproduction_packages/historical_transfers/ShadowKV-P100-MeritKV-results/results_p100_n64_paper_best/Qwen2_5-1_5B-Instruct/semantic/seed_123/ag_news/benchmark_hf_Qwen_Qwen2.5-1.5B-Instruct_public_dataset_ag_news_semantic_cuda.json,de3026c61a81b1d038c669468cc99bd23fd120a917a62e73824614dd698476da,9420
p100_transfer/results_p100_n64_paper_best/Qwen2_5-1_5B-Instruct/semantic/seed_123/ag_news/run_manifest.json,reproduction_packages/historical_transfers/ShadowKV-P100-MeritKV-results/results_p100_n64_paper_best/Qwen2_5-1_5B-Instruct/semantic/seed_123/ag_news/run_manifest.json,1ce78758a0f61efb1ab8e6191c92e1785153be65c5bc14f7853e0143c6662097,3763
p100_transfer/results_p100_n64_paper_best/Qwen2_5-1_5B-Instruct/semantic/seed_123/alpaca_eval/benchmark_hf_Qwen_Qwen2.5-1.5B-Instruct_public_dataset_alpaca_eval_semantic_cuda.json,reproduction_packages/historical_transfers/ShadowKV-P100-MeritKV-results/results_p100_n64_paper_best/Qwen2_5-1_5B-Instruct/semantic/seed_123/alpaca_eval/benchmark_hf_Qwen_Qwen2.5-1.5B-Instruct_public_dataset_alpaca_eval_semantic_cuda.json,040fb7697f4a9817624e9bd6c721e8bc9794f620dafc3b72db827f9955f6f039,9431
p100_transfer/results_p100_n64_paper_best/Qwen2_5-1_5B-Instruct/semantic/seed_123/alpaca_eval/run_manifest.json,reproduction_packages/historical_transfers/ShadowKV-P100-MeritKV-results/results_p100_n64_paper_best/Qwen2_5-1_5B-Instruct/semantic/seed_123/alpaca_eval/run_manifest.json,4f0e368eef01a10c385fe151ccd5316ee8eab087ee2d95ee00fc183ff3941c00,3763
p100_transfer/results_p100_n64_paper_best/Qwen2_5-1_5B-Instruct/semantic/seed_123/banking77/benchmark_hf_Qwen_Qwen2.5-1.5B-Instruct_public_dataset_banking77_semantic_cuda.json,reproduction_packages/historical_transfers/ShadowKV-P100-MeritKV-results/results_p100_n64_paper_best/Qwen2_5-1_5B-Instruct/semantic/seed_123/banking77/benchmark_hf_Qwen_Qwen2.5-1.5B-Instruct_public_dataset_banking77_semantic_cuda.json,a81e95d9874a56711cfb9d8b185d82068a60062d64602df87455f22e15ca604d,9424
p100_transfer/results_p100_n64_paper_best/Qwen2_5-1_5B-Instruct/semantic/seed_123/banking77/run_manifest.json,reproduction_packages/historical_transfers/ShadowKV-P100-MeritKV-results/results_p100_n64_paper_best/Qwen2_5-1_5B-Instruct/semantic/seed_123/banking77/run_manifest.json,01aedf76985e47bf16c0e930f08c24eb78376d701bddd89ed391f1ea9e6eea94,3763
p100_transfer/results_p100_n64_paper_best/Qwen2_5-1_5B-Instruct/semantic/seed_123/cnn_dailymail/benchmark_hf_Qwen_Qwen2.5-1.5B-Instruct_public_dataset_cnn_dailymail_semantic_cuda.json,reproduction_packages/historical_transfers/ShadowKV-P100-MeritKV-results/results_p100_n64_paper_best/Qwen2_5-1_5B-Instruct/semantic/seed_123/cnn_dailymail/benchmark_hf_Qwen_Qwen2.5-1.5B-Instruct_public_dataset_cnn_dailymail_semantic_cuda.json,e1711ba5ca3a1548c233037727e98bae588b5ee5143f38c0e8c6517dd250dc93,9022
p100_transfer/results_p100_n64_paper_best/Qwen2_5-1_5B-Instruct/semantic/seed_123/cnn_dailymail/run_manifest.json,reproduction_packages/historical_transfers/ShadowKV-P100-MeritKV-results/results_p100_n64_paper_best/Qwen2_5-1_5B-Instruct/semantic/seed_123/cnn_dailymail/run_manifest.json,606c9f367b507bef219a6a97b54656e4f0b15a5fda61ce9596a76437f528889a,3763
p100_transfer/results_p100_n64_paper_best/Qwen2_5-1_5B-Instruct/semantic/seed_123/daily_dialog/benchmark_hf_Qwen_Qwen2.5-1.5B-Instruct_public_dataset_daily_dialog_semantic_cuda.json,reproduction_packages/historical_transfers/ShadowKV-P100-MeritKV-results/results_p100_n64_paper_best/Qwen2_5-1_5B-Instruct/semantic/seed_123/daily_dialog/benchmark_hf_Qwen_Qwen2.5-1.5B-Instruct_public_dataset_daily_dialog_semantic_cuda.json,9bb23d979ac138ce91b6e7213c410a3485b378f377ba77e38e0c9ff0d7a2d8b7,9438
p100_transfer/results_p100_n64_paper_best/Qwen2_5-1_5B-Instruct/semantic/seed_123/daily_dialog/run_manifest.json,reproduction_packages/historical_transfers/ShadowKV-P100-MeritKV-results/results_p100_n64_paper_best/Qwen2_5-1_5B-Instruct/semantic/seed_123/daily_dialog/run_manifest.json,d76b3fc5013652326b187df9d8540f07555a6dff3bb4c2b865e790a15f1ca800,3763
p100_transfer/results_p100_n64_paper_best/Qwen2_5-1_5B-Instruct/semantic/seed_123/dolly/benchmark_hf_Qwen_Qwen2.5-1.5B-Instruct_public_dataset_dolly_semantic_cuda.json,reproduction_packages/historical_transfers/ShadowKV-P100-MeritKV-results/results_p100_n64_paper_best/Qwen2_5-1_5B-Instruct/semantic/seed_123/dolly/benchmark_hf_Qwen_Qwen2.5-1.5B-Instruct_public_dataset_dolly_semantic_cuda.json,b1f1e79f30059235d4141b735dac9062fb65b824476ab20d434f0ccc6385f6eb,9417
p100_transfer/results_p100_n64_paper_best/Qwen2_5-1_5B-Instruct/semantic/seed_123/dolly/run_manifest.json,reproduction_packages/historical_transfers/ShadowKV-P100-MeritKV-results/results_p100_n64_paper_best/Qwen2_5-1_5B-Instruct/semantic/seed_123/dolly/run_manifest.json,8b52e6f86d62de2169b20a5ba9b761ff82e9653656b896278c7c33774c1a845d,3763
p100_transfer/results_p100_n64_paper_best/Qwen2_5-1_5B-Instruct/semantic/seed_123/oasst1/benchmark_hf_Qwen_Qwen2.5-1.5B-Instruct_public_dataset_oasst1_semantic_cuda.json,reproduction_packages/historical_transfers/ShadowKV-P100-MeritKV-results/results_p100_n64_paper_best/Qwen2_5-1_5B-Instruct/semantic/seed_123/oasst1/benchmark_hf_Qwen_Qwen2.5-1.5B-Instruct_public_dataset_oasst1_semantic_cuda.json,b859248065299096dc080c2224968b2136befaf33e51453579e0784703610cd8,9928
p100_transfer/results_p100_n64_paper_best/Qwen2_5-1_5B-Instruct/semantic/seed_123/oasst1/run_manifest.json,reproduction_packages/historical_transfers/ShadowKV-P100-MeritKV-results/results_p100_n64_paper_best/Qwen2_5-1_5B-Instruct/semantic/seed_123/oasst1/run_manifest.json,69ae07d1f565fb8b0663dfa24ed4734a8cee21c56f7b76c36de5fbd98f9d9573,3763
p100_transfer/results_p100_n64_paper_best/Qwen2_5-1_5B-Instruct/semantic/seed_123/samsum/benchmark_hf_Qwen_Qwen2.5-1.5B-Instruct_public_dataset_samsum_semantic_cuda.json,reproduction_packages/historical_transfers/ShadowKV-P100-MeritKV-results/results_p100_n64_paper_best/Qwen2_5-1_5B-Instruct/semantic/seed_123/samsum/benchmark_hf_Qwen_Qwen2.5-1.5B-Instruct_public_dataset_samsum_semantic_cuda.json,7730f17c680badf9c25932a5a9099934d3e292bcd441f15f0054be197600279f,9501
p100_transfer/results_p100_n64_paper_best/Qwen2_5-1_5B-Instruct/semantic/seed_123/samsum/run_manifest.json,reproduction_packages/historical_transfers/ShadowKV-P100-MeritKV-results/results_p100_n64_paper_best/Qwen2_5-1_5B-Instruct/semantic/seed_123/samsum/run_manifest.json,fecb88504b58fa3ebb60d67cbb2697bc65a2e563d2812485fd56edc8e922a561,3763
p100_transfer/results_p100_n64_paper_best/Qwen2_5-1_5B-Instruct/semantic/seed_123/ultrachat/benchmark_hf_Qwen_Qwen2.5-1.5B-Instruct_public_dataset_ultrachat_semantic_cuda.json,reproduction_packages/historical_transfers/ShadowKV-P100-MeritKV-results/results_p100_n64_paper_best/Qwen2_5-1_5B-Instruct/semantic/seed_123/ultrachat/benchmark_hf_Qwen_Qwen2.5-1.5B-Instruct_public_dataset_ultrachat_semantic_cuda.json,2c8abb15383d7fa5d2768b1b8dbc53281382611516912159ae4110e5c683d2c3,8996
p100_transfer/results_p100_n64_paper_best/Qwen2_5-1_5B-Instruct/semantic/seed_123/ultrachat/run_manifest.json,reproduction_packages/historical_transfers/ShadowKV-P100-MeritKV-results/results_p100_n64_paper_best/Qwen2_5-1_5B-Instruct/semantic/seed_123/ultrachat/run_manifest.json,d1ebea41e21f4155dc19d29ced3c167a3ef16d45db50b523ffbcc8649381490d,3763
p100_transfer/results_p100_n64_paper_best/Qwen2_5-1_5B-Instruct/semantic/seed_123/xsum/benchmark_hf_Qwen_Qwen2.5-1.5B-Instruct_public_dataset_xsum_semantic_cuda.json,reproduction_packages/historical_transfers/ShadowKV-P100-MeritKV-results/results_p100_n64_paper_best/Qwen2_5-1_5B-Instruct/semantic/seed_123/xsum/benchmark_hf_Qwen_Qwen2.5-1.5B-Instruct_public_dataset_xsum_semantic_cuda.json,513763c5b261296103562e1c36790303bd4caea173f537eee90d33e5ee64d3cb,9498
p100_transfer/results_p100_n64_paper_best/Qwen2_5-1_5B-Instruct/semantic/seed_123/xsum/run_manifest.json,reproduction_packages/historical_transfers/ShadowKV-P100-MeritKV-results/results_p100_n64_paper_best/Qwen2_5-1_5B-Instruct/semantic/seed_123/xsum/run_manifest.json,00715eddbb7016a14ef38b9e87f0420480483b934db553f41cfa915a4f0ceccd,3763
p100_transfer/results_p100_n64_paper_best/Qwen2_5-1_5B-Instruct/semantic/seed_42/ag_news/benchmark_hf_Qwen_Qwen2.5-1.5B-Instruct_public_dataset_ag_news_semantic_cuda.json,reproduction_packages/historical_transfers/ShadowKV-P100-MeritKV-results/results_p100_n64_paper_best/Qwen2_5-1_5B-Instruct/semantic/seed_42/ag_news/benchmark_hf_Qwen_Qwen2.5-1.5B-Instruct_public_dataset_ag_news_semantic_cuda.json,2c53e5b3000a507ab0cc62dd9f78ef6b308512f994e1f88e99aa4eaf16fc2d41,9435
p100_transfer/results_p100_n64_paper_best/Qwen2_5-1_5B-Instruct/semantic/seed_42/ag_news/run_manifest.json,reproduction_packages/historical_transfers/ShadowKV-P100-MeritKV-results/results_p100_n64_paper_best/Qwen2_5-1_5B-Instruct/semantic/seed_42/ag_news/run_manifest.json,d83ae522f7a9664e0de24ca600271b78c06d477c9176d2c56e8699ded2c3a5fc,3762
p100_transfer/results_p100_n64_paper_best/Qwen2_5-1_5B-Instruct/semantic/seed_42/alpaca_eval/benchmark_hf_Qwen_Qwen2.5-1.5B-Instruct_public_dataset_alpaca_eval_semantic_cuda.json,reproduction_packages/historical_transfers/ShadowKV-P100-MeritKV-results/results_p100_n64_paper_best/Qwen2_5-1_5B-Instruct/semantic/seed_42/alpaca_eval/benchmark_hf_Qwen_Qwen2.5-1.5B-Instruct_public_dataset_alpaca_eval_semantic_cuda.json,6425cec19166f16c36f94bc565603c66c9be3358892c5d89059ca629640da25a,9169
p100_transfer/results_p100_n64_paper_best/Qwen2_5-1_5B-Instruct/semantic/seed_42/alpaca_eval/run_manifest.json,reproduction_packages/historical_transfers/ShadowKV-P100-MeritKV-results/results_p100_n64_paper_best/Qwen2_5-1_5B-Instruct/semantic/seed_42/alpaca_eval/run_manifest.json,92e0eb4c353a4fa9f999e32e397facd7835f071b6270f5cea83edb21d0e796c0,3762
p100_transfer/results_p100_n64_paper_best/Qwen2_5-1_5B-Instruct/semantic/seed_42/banking77/benchmark_hf_Qwen_Qwen2.5-1.5B-Instruct_public_dataset_banking77_semantic_cuda.json,reproduction_packages/historical_transfers/ShadowKV-P100-MeritKV-results/results_p100_n64_paper_best/Qwen2_5-1_5B-Instruct/semantic/seed_42/banking77/benchmark_hf_Qwen_Qwen2.5-1.5B-Instruct_public_dataset_banking77_semantic_cuda.json,3f757e89ecd7974f77380c6097276e9de6489453afc8080c26b72a89d23f4979,9435
p100_transfer/results_p100_n64_paper_best/Qwen2_5-1_5B-Instruct/semantic/seed_42/banking77/run_manifest.json,reproduction_packages/historical_transfers/ShadowKV-P100-MeritKV-results/results_p100_n64_paper_best/Qwen2_5-1_5B-Instruct/semantic/seed_42/banking77/run_manifest.json,b37288425200e691e24ae063fa152013b21ec575982c345db7eed40f8d5071ac,3762
p100_transfer/results_p100_n64_paper_best/Qwen2_5-1_5B-Instruct/semantic/seed_42/cnn_dailymail/benchmark_hf_Qwen_Qwen2.5-1.5B-Instruct_public_dataset_cnn_dailymail_semantic_cuda.json,reproduction_packages/historical_transfers/ShadowKV-P100-MeritKV-results/results_p100_n64_paper_best/Qwen2_5-1_5B-Instruct/semantic/seed_42/cnn_dailymail/benchmark_hf_Qwen_Qwen2.5-1.5B-Instruct_public_dataset_cnn_dailymail_semantic_cuda.json,68f65ddc03acc0fe2167cf2949b069aa6bea1ac2b29b331aa359febd08387e47,9004
p100_transfer/results_p100_n64_paper_best/Qwen2_5-1_5B-Instruct/semantic/seed_42/cnn_dailymail/run_manifest.json,reproduction_packages/historical_transfers/ShadowKV-P100-MeritKV-results/results_p100_n64_paper_best/Qwen2_5-1_5B-Instruct/semantic/seed_42/cnn_dailymail/run_manifest.json,69008491ebe7a680f688716c721dfe72b851a46e11702fd9b9a443ead0cd4911,3762
p100_transfer/results_p100_n64_paper_best/Qwen2_5-1_5B-Instruct/semantic/seed_42/daily_dialog/benchmark_hf_Qwen_Qwen2.5-1.5B-Instruct_public_dataset_daily_dialog_semantic_cuda.json,reproduction_packages/historical_transfers/ShadowKV-P100-MeritKV-results/results_p100_n64_paper_best/Qwen2_5-1_5B-Instruct/semantic/seed_42/daily_dialog/benchmark_hf_Qwen_Qwen2.5-1.5B-Instruct_public_dataset_daily_dialog_semantic_cuda.json,6b78bebff5a87410911ebf7ddc0581ad926bd18847c90d7a3b5db1cdc0217eed,9456
p100_transfer/results_p100_n64_paper_best/Qwen2_5-1_5B-Instruct/semantic/seed_42/daily_dialog/run_manifest.json,reproduction_packages/historical_transfers/ShadowKV-P100-MeritKV-results/results_p100_n64_paper_best/Qwen2_5-1_5B-Instruct/semantic/seed_42/daily_dialog/run_manifest.json,bc50bf18b995cfc090e499699eef54003d6c7c5e547767e4f7c2c8c6d4972539,3762
p100_transfer/results_p100_n64_paper_best/Qwen2_5-1_5B-Instruct/semantic/seed_42/dolly/benchmark_hf_Qwen_Qwen2.5-1.5B-Instruct_public_dataset_dolly_semantic_cuda.json,reproduction_packages/historical_transfers/ShadowKV-P100-MeritKV-results/results_p100_n64_paper_best/Qwen2_5-1_5B-Instruct/semantic/seed_42/dolly/benchmark_hf_Qwen_Qwen2.5-1.5B-Instruct_public_dataset_dolly_semantic_cuda.json,6a6dc8b6068ab04b010bdb25b191a8ac42be6ba8f19f864eefa9f7632522f8ef,9431
p100_transfer/results_p100_n64_paper_best/Qwen2_5-1_5B-Instruct/semantic/seed_42/dolly/run_manifest.json,reproduction_packages/historical_transfers/ShadowKV-P100-MeritKV-results/results_p100_n64_paper_best/Qwen2_5-1_5B-Instruct/semantic/seed_42/dolly/run_manifest.json,91feab18744451e24a882cb4216ff479e3c15c72be55ac43674a9144337f2371,3762
p100_transfer/results_p100_n64_paper_best/Qwen2_5-1_5B-Instruct/semantic/seed_42/oasst1/benchmark_hf_Qwen_Qwen2.5-1.5B-Instruct_public_dataset_oasst1_semantic_cuda.json,reproduction_packages/historical_transfers/ShadowKV-P100-MeritKV-results/results_p100_n64_paper_best/Qwen2_5-1_5B-Instruct/semantic/seed_42/oasst1/benchmark_hf_Qwen_Qwen2.5-1.5B-Instruct_public_dataset_oasst1_semantic_cuda.json,9a8827ac39b0786399b7eff03b7d64841b96367777191167db0a718fe387475d,9424
p100_transfer/results_p100_n64_paper_best/Qwen2_5-1_5B-Instruct/semantic/seed_42/oasst1/run_manifest.json,reproduction_packages/historical_transfers/ShadowKV-P100-MeritKV-results/results_p100_n64_paper_best/Qwen2_5-1_5B-Instruct/semantic/seed_42/oasst1/run_manifest.json,e1482a80fce06cd8e715cb334b0a26020639e8eb27759bf9537b6a233cd50a20,3762
p100_transfer/results_p100_n64_paper_best/Qwen2_5-1_5B-Instruct/semantic/seed_42/samsum/benchmark_hf_Qwen_Qwen2.5-1.5B-Instruct_public_dataset_samsum_semantic_cuda.json,reproduction_packages/historical_transfers/ShadowKV-P100-MeritKV-results/results_p100_n64_paper_best/Qwen2_5-1_5B-Instruct/semantic/seed_42/samsum/benchmark_hf_Qwen_Qwen2.5-1.5B-Instruct_public_dataset_samsum_semantic_cuda.json,7be00112b9c243ce6f1787c1fe0fd0974e5bb2a29d25b55d7bb27ddbc5a64ca1,9512
p100_transfer/results_p100_n64_paper_best/Qwen2_5-1_5B-Instruct/semantic/seed_42/samsum/run_manifest.json,reproduction_packages/historical_transfers/ShadowKV-P100-MeritKV-results/results_p100_n64_paper_best/Qwen2_5-1_5B-Instruct/semantic/seed_42/samsum/run_manifest.json,f0ef1efab62fd059ac8b6bdb3a758b75f09ab227abe6a1489d6cc5355bc040cc,3762
p100_transfer/results_p100_n64_paper_best/Qwen2_5-1_5B-Instruct/semantic/seed_42/ultrachat/benchmark_hf_Qwen_Qwen2.5-1.5B-Instruct_public_dataset_ultrachat_semantic_cuda.json,reproduction_packages/historical_transfers/ShadowKV-P100-MeritKV-results/results_p100_n64_paper_best/Qwen2_5-1_5B-Instruct/semantic/seed_42/ultrachat/benchmark_hf_Qwen_Qwen2.5-1.5B-Instruct_public_dataset_ultrachat_semantic_cuda.json,2188845d2ae78e62bfc871273058bb7a58fd4182578c40554b65a6d9648dac6a,8995
p100_transfer/results_p100_n64_paper_best/Qwen2_5-1_5B-Instruct/semantic/seed_42/ultrachat/run_manifest.json,reproduction_packages/historical_transfers/ShadowKV-P100-MeritKV-results/results_p100_n64_paper_best/Qwen2_5-1_5B-Instruct/semantic/seed_42/ultrachat/run_manifest.json,d67b35b901d532ca06ff9d655b07b9d733930b8c0622469bae344cfdb5190567,3762
p100_transfer/results_p100_n64_paper_best/Qwen2_5-1_5B-Instruct/semantic/seed_42/xsum/benchmark_hf_Qwen_Qwen2.5-1.5B-Instruct_public_dataset_xsum_semantic_cuda.json,reproduction_packages/historical_transfers/ShadowKV-P100-MeritKV-results/results_p100_n64_paper_best/Qwen2_5-1_5B-Instruct/semantic/seed_42/xsum/benchmark_hf_Qwen_Qwen2.5-1.5B-Instruct_public_dataset_xsum_semantic_cuda.json,e6fd7410137d84f6cd58e767125d41c13c52fdf2f4db672d3fe651e685e48c49,9503
p100_transfer/results_p100_n64_paper_best/Qwen2_5-1_5B-Instruct/semantic/seed_42/xsum/run_manifest.json,reproduction_packages/historical_transfers/ShadowKV-P100-MeritKV-results/results_p100_n64_paper_best/Qwen2_5-1_5B-Instruct/semantic/seed_42/xsum/run_manifest.json,f54b0784a765a5d9d6e0fdc41ce31c15d9bfef4ee3b8cc75b04360f2b0e5f86e,3762
p100_transfer/results_p100_n64_paper_best/Qwen2_5-1_5B-Instruct/semantic/seed_456/ag_news/benchmark_hf_Qwen_Qwen2.5-1.5B-Instruct_public_dataset_ag_news_semantic_cuda.json,reproduction_packages/historical_transfers/ShadowKV-P100-MeritKV-results/results_p100_n64_paper_best/Qwen2_5-1_5B-Instruct/semantic/seed_456/ag_news/benchmark_hf_Qwen_Qwen2.5-1.5B-Instruct_public_dataset_ag_news_semantic_cuda.json,3c1ea6fc3c664229e8cb694cab69948a945df972f58bfb883b9ef4756cbd4f53,9421
p100_transfer/results_p100_n64_paper_best/Qwen2_5-1_5B-Instruct/semantic/seed_456/ag_news/run_manifest.json,reproduction_packages/historical_transfers/ShadowKV-P100-MeritKV-results/results_p100_n64_paper_best/Qwen2_5-1_5B-Instruct/semantic/seed_456/ag_news/run_manifest.json,634d2895f5c08bc804a3e3b99b686f97ed19e4623dc9e350f0182dac23c1f07c,3763
p100_transfer/results_p100_n64_paper_best/Qwen2_5-1_5B-Instruct/semantic/seed_456/alpaca_eval/benchmark_hf_Qwen_Qwen2.5-1.5B-Instruct_public_dataset_alpaca_eval_semantic_cuda.json,reproduction_packages/historical_transfers/ShadowKV-P100-MeritKV-results/results_p100_n64_paper_best/Qwen2_5-1_5B-Instruct/semantic/seed_456/alpaca_eval/benchmark_hf_Qwen_Qwen2.5-1.5B-Instruct_public_dataset_alpaca_eval_semantic_cuda.json,968ebe0af6b84e8f105213ed445bbd4cca5961718bc69e4c7cf728ca72b42003,9193
p100_transfer/results_p100_n64_paper_best/Qwen2_5-1_5B-Instruct/semantic/seed_456/alpaca_eval/run_manifest.json,reproduction_packages/historical_transfers/ShadowKV-P100-MeritKV-results/results_p100_n64_paper_best/Qwen2_5-1_5B-Instruct/semantic/seed_456/alpaca_eval/run_manifest.json,f6e89de703e414e83684b70e602c0f2cbd1efc7b670022c068063e19621d30b5,3763
p100_transfer/results_p100_n64_paper_best/Qwen2_5-1_5B-Instruct/semantic/seed_456/banking77/benchmark_hf_Qwen_Qwen2.5-1.5B-Instruct_public_dataset_banking77_semantic_cuda.json,reproduction_packages/historical_transfers/ShadowKV-P100-MeritKV-results/results_p100_n64_paper_best/Qwen2_5-1_5B-Instruct/semantic/seed_456/banking77/benchmark_hf_Qwen_Qwen2.5-1.5B-Instruct_public_dataset_banking77_semantic_cuda.json,f92495686cf93dda2973e1cd332b845e2ac66516676ad4ab9143053f05850359,9192
p100_transfer/results_p100_n64_paper_best/Qwen2_5-1_5B-Instruct/semantic/seed_456/banking77/run_manifest.json,reproduction_packages/historical_transfers/ShadowKV-P100-MeritKV-results/results_p100_n64_paper_best/Qwen2_5-1_5B-Instruct/semantic/seed_456/banking77/run_manifest.json,b8947cc2ac23f3a9f080489c92c7eac1119941a6508ceafd78cd4cc43c00f8d4,3763
p100_transfer/results_p100_n64_paper_best/Qwen2_5-1_5B-Instruct/semantic/seed_456/cnn_dailymail/benchmark_hf_Qwen_Qwen2.5-1.5B-Instruct_public_dataset_cnn_dailymail_semantic_cuda.json,reproduction_packages/historical_transfers/ShadowKV-P100-MeritKV-results/results_p100_n64_paper_best/Qwen2_5-1_5B-Instruct/semantic/seed_456/cnn_dailymail/benchmark_hf_Qwen_Qwen2.5-1.5B-Instruct_public_dataset_cnn_dailymail_semantic_cuda.json,2913ace866033b6cf5272a3203e69908b125af16a7d2730ae24be00a90b9e2f2,9026
p100_transfer/results_p100_n64_paper_best/Qwen2_5-1_5B-Instruct/semantic/seed_456/cnn_dailymail/run_manifest.json,reproduction_packages/historical_transfers/ShadowKV-P100-MeritKV-results/results_p100_n64_paper_best/Qwen2_5-1_5B-Instruct/semantic/seed_456/cnn_dailymail/run_manifest.json,e8b393b2018f1621c4f99a5949ea514af6b303a9265778f61f57e67631459a8c,3763
p100_transfer/results_p100_n64_paper_best/Qwen2_5-1_5B-Instruct/semantic/seed_456/daily_dialog/benchmark_hf_Qwen_Qwen2.5-1.5B-Instruct_public_dataset_daily_dialog_semantic_cuda.json,reproduction_packages/historical_transfers/ShadowKV-P100-MeritKV-results/results_p100_n64_paper_best/Qwen2_5-1_5B-Instruct/semantic/seed_456/daily_dialog/benchmark_hf_Qwen_Qwen2.5-1.5B-Instruct_public_dataset_daily_dialog_semantic_cuda.json,2fa0f33676c2bcbf0ad5a7b6e959f0d2058eba76e3b3acfc0469091900041775,9455
p100_transfer/results_p100_n64_paper_best/Qwen2_5-1_5B-Instruct/semantic/seed_456/daily_dialog/run_manifest.json,reproduction_packages/historical_transfers/ShadowKV-P100-MeritKV-results/results_p100_n64_paper_best/Qwen2_5-1_5B-Instruct/semantic/seed_456/daily_dialog/run_manifest.json,a44506519fc34c83798cebba3e9a6fc65ed8c6677fcd680f234a0b165096774f,3763
p100_transfer/results_p100_n64_paper_best/Qwen2_5-1_5B-Instruct/semantic/seed_456/dolly/benchmark_hf_Qwen_Qwen2.5-1.5B-Instruct_public_dataset_dolly_semantic_cuda.json,reproduction_packages/historical_transfers/ShadowKV-P100-MeritKV-results/results_p100_n64_paper_best/Qwen2_5-1_5B-Instruct/semantic/seed_456/dolly/benchmark_hf_Qwen_Qwen2.5-1.5B-Instruct_public_dataset_dolly_semantic_cuda.json,2bed9dcca953bd07d49e2b6aa92d1b48d393a22c76b92150827e03d9151bc79f,9177
p100_transfer/results_p100_n64_paper_best/Qwen2_5-1_5B-Instruct/semantic/seed_456/dolly/run_manifest.json,reproduction_packages/historical_transfers/ShadowKV-P100-MeritKV-results/results_p100_n64_paper_best/Qwen2_5-1_5B-Instruct/semantic/seed_456/dolly/run_manifest.json,042aa02cb8ce15d415ae040c7e2b6455dd0222cfaec3c6dfbe1a6710ecb03ed5,3763
p100_transfer/results_p100_n64_paper_best/Qwen2_5-1_5B-Instruct/semantic/seed_456/oasst1/benchmark_hf_Qwen_Qwen2.5-1.5B-Instruct_public_dataset_oasst1_semantic_cuda.json,reproduction_packages/historical_transfers/ShadowKV-P100-MeritKV-results/results_p100_n64_paper_best/Qwen2_5-1_5B-Instruct/semantic/seed_456/oasst1/benchmark_hf_Qwen_Qwen2.5-1.5B-Instruct_public_dataset_oasst1_semantic_cuda.json,7d417bd48b628ed44aecd8784fd37d208eea65ea1ad2ac7f556cd2b373b534b1,9687
p100_transfer/results_p100_n64_paper_best/Qwen2_5-1_5B-Instruct/semantic/seed_456/oasst1/run_manifest.json,reproduction_packages/historical_transfers/ShadowKV-P100-MeritKV-results/results_p100_n64_paper_best/Qwen2_5-1_5B-Instruct/semantic/seed_456/oasst1/run_manifest.json,091f37288375b23472de265bf4959855a295e0cab20b8c15b3a51c8c8c773c8e,3763
p100_transfer/results_p100_n64_paper_best/Qwen2_5-1_5B-Instruct/semantic/seed_456/samsum/benchmark_hf_Qwen_Qwen2.5-1.5B-Instruct_public_dataset_samsum_semantic_cuda.json,reproduction_packages/historical_transfers/ShadowKV-P100-MeritKV-results/results_p100_n64_paper_best/Qwen2_5-1_5B-Instruct/semantic/seed_456/samsum/benchmark_hf_Qwen_Qwen2.5-1.5B-Instruct_public_dataset_samsum_semantic_cuda.json,1f0c9c4d6b1ccd7816dcef3d9a6738a76b7c756ea955f91cca72f719cf73015f,9438
p100_transfer/results_p100_n64_paper_best/Qwen2_5-1_5B-Instruct/semantic/seed_456/samsum/run_manifest.json,reproduction_packages/historical_transfers/ShadowKV-P100-MeritKV-results/results_p100_n64_paper_best/Qwen2_5-1_5B-Instruct/semantic/seed_456/samsum/run_manifest.json,a3a100aa47253dbfc461a417f396a208ba341abb6a5c5067b76340d3ab3ce38f,3763
p100_transfer/results_p100_n64_paper_best/Qwen2_5-1_5B-Instruct/semantic/seed_456/ultrachat/benchmark_hf_Qwen_Qwen2.5-1.5B-Instruct_public_dataset_ultrachat_semantic_cuda.json,reproduction_packages/historical_transfers/ShadowKV-P100-MeritKV-results/results_p100_n64_paper_best/Qwen2_5-1_5B-Instruct/semantic/seed_456/ultrachat/benchmark_hf_Qwen_Qwen2.5-1.5B-Instruct_public_dataset_ultrachat_semantic_cuda.json,cdcf18e4936822a395b45ba613469a1dfd89931c23a333ef59d425923616594a,9000
p100_transfer/results_p100_n64_paper_best/Qwen2_5-1_5B-Instruct/semantic/seed_456/ultrachat/run_manifest.json,reproduction_packages/historical_transfers/ShadowKV-P100-MeritKV-results/results_p100_n64_paper_best/Qwen2_5-1_5B-Instruct/semantic/seed_456/ultrachat/run_manifest.json,bc45180f31806427257bb2641c80814d62f4bbf4d16f10d97527da40add951db,3763
p100_transfer/results_p100_n64_paper_best/Qwen2_5-1_5B-Instruct/semantic/seed_456/xsum/benchmark_hf_Qwen_Qwen2.5-1.5B-Instruct_public_dataset_xsum_semantic_cuda.json,reproduction_packages/historical_transfers/ShadowKV-P100-MeritKV-results/results_p100_n64_paper_best/Qwen2_5-1_5B-Instruct/semantic/seed_456/xsum/benchmark_hf_Qwen_Qwen2.5-1.5B-Instruct_public_dataset_xsum_semantic_cuda.json,15e839ac82eee111ff42d832c237abd9e058ba51b9f5e3e639e0a5245e3babe3,9511
p100_transfer/results_p100_n64_paper_best/Qwen2_5-1_5B-Instruct/semantic/seed_456/xsum/run_manifest.json,reproduction_packages/historical_transfers/ShadowKV-P100-MeritKV-results/results_p100_n64_paper_best/Qwen2_5-1_5B-Instruct/semantic/seed_456/xsum/run_manifest.json,7a8d4c98ad07e39722f4729a7408b724102831474049964986f04786c8b21891,3763
p100_transfer/results_p100_n64_paper_best/Qwen2_5-1_5B-Instruct/semantic/seed_789/ag_news/benchmark_hf_Qwen_Qwen2.5-1.5B-Instruct_public_dataset_ag_news_semantic_cuda.json,reproduction_packages/historical_transfers/ShadowKV-P100-MeritKV-results/results_p100_n64_paper_best/Qwen2_5-1_5B-Instruct/semantic/seed_789/ag_news/benchmark_hf_Qwen_Qwen2.5-1.5B-Instruct_public_dataset_ag_news_semantic_cuda.json,52b6aed496b4b43b8237a20f6aef512c1c0e965a88865555034406fc2bf486e2,9419
p100_transfer/results_p100_n64_paper_best/Qwen2_5-1_5B-Instruct/semantic/seed_789/ag_news/run_manifest.json,reproduction_packages/historical_transfers/ShadowKV-P100-MeritKV-results/results_p100_n64_paper_best/Qwen2_5-1_5B-Instruct/semantic/seed_789/ag_news/run_manifest.json,0c9f26aac1709147024fcc55f5981cfd07eb77e5a6458427bd094eeb6af4e2e0,3763
p100_transfer/results_p100_n64_paper_best/Qwen2_5-1_5B-Instruct/semantic/seed_789/alpaca_eval/benchmark_hf_Qwen_Qwen2.5-1.5B-Instruct_public_dataset_alpaca_eval_semantic_cuda.json,reproduction_packages/historical_transfers/ShadowKV-P100-MeritKV-results/results_p100_n64_paper_best/Qwen2_5-1_5B-Instruct/semantic/seed_789/alpaca_eval/benchmark_hf_Qwen_Qwen2.5-1.5B-Instruct_public_dataset_alpaca_eval_semantic_cuda.json,8303dd10d7f076b8d9e16235bff387c6223247f5404264402b3f9c9f182457de,9194
p100_transfer/results_p100_n64_paper_best/Qwen2_5-1_5B-Instruct/semantic/seed_789/alpaca_eval/run_manifest.json,reproduction_packages/historical_transfers/ShadowKV-P100-MeritKV-results/results_p100_n64_paper_best/Qwen2_5-1_5B-Instruct/semantic/seed_789/alpaca_eval/run_manifest.json,f87946924d503b467eb79b54711538b5a1a7ef8244bbfa7e26a774f1ca2b88da,3763
p100_transfer/results_p100_n64_paper_best/Qwen2_5-1_5B-Instruct/semantic/seed_789/banking77/benchmark_hf_Qwen_Qwen2.5-1.5B-Instruct_public_dataset_banking77_semantic_cuda.json,reproduction_packages/historical_transfers/ShadowKV-P100-MeritKV-results/results_p100_n64_paper_best/Qwen2_5-1_5B-Instruct/semantic/seed_789/banking77/benchmark_hf_Qwen_Qwen2.5-1.5B-Instruct_public_dataset_banking77_semantic_cuda.json,7594a0a0981b60851912fdc306ce9e09d406f0365503ef458e4566eb83c61c87,9175
p100_transfer/results_p100_n64_paper_best/Qwen2_5-1_5B-Instruct/semantic/seed_789/banking77/run_manifest.json,reproduction_packages/historical_transfers/ShadowKV-P100-MeritKV-results/results_p100_n64_paper_best/Qwen2_5-1_5B-Instruct/semantic/seed_789/banking77/run_manifest.json,cb8d0068c5fcad076f15546881b9e44c05de05870086c2fa63663d0dced5c786,3763
p100_transfer/results_p100_n64_paper_best/Qwen2_5-1_5B-Instruct/semantic/seed_789/cnn_dailymail/benchmark_hf_Qwen_Qwen2.5-1.5B-Instruct_public_dataset_cnn_dailymail_semantic_cuda.json,reproduction_packages/historical_transfers/ShadowKV-P100-MeritKV-results/results_p100_n64_paper_best/Qwen2_5-1_5B-Instruct/semantic/seed_789/cnn_dailymail/benchmark_hf_Qwen_Qwen2.5-1.5B-Instruct_public_dataset_cnn_dailymail_semantic_cuda.json,3f3c37d11fc516b77b5685c5ad874fbd5a852094d9342d1dc37afd2a61ab9ed3,9017
p100_transfer/results_p100_n64_paper_best/Qwen2_5-1_5B-Instruct/semantic/seed_789/cnn_dailymail/run_manifest.json,reproduction_packages/historical_transfers/ShadowKV-P100-MeritKV-results/results_p100_n64_paper_best/Qwen2_5-1_5B-Instruct/semantic/seed_789/cnn_dailymail/run_manifest.json,a25fb4aab8ff19726b8d3437019b7b045e2e9034a3d13a199b18ae63a799205b,3763
p100_transfer/results_p100_n64_paper_best/Qwen2_5-1_5B-Instruct/semantic/seed_789/daily_dialog/benchmark_hf_Qwen_Qwen2.5-1.5B-Instruct_public_dataset_daily_dialog_semantic_cuda.json,reproduction_packages/historical_transfers/ShadowKV-P100-MeritKV-results/results_p100_n64_paper_best/Qwen2_5-1_5B-Instruct/semantic/seed_789/daily_dialog/benchmark_hf_Qwen_Qwen2.5-1.5B-Instruct_public_dataset_daily_dialog_semantic_cuda.json,23315eef31e6f9e6207390fca7d524890c36efb03c2c67cbaa0fa65c9915e909,9456
p100_transfer/results_p100_n64_paper_best/Qwen2_5-1_5B-Instruct/semantic/seed_789/daily_dialog/run_manifest.json,reproduction_packages/historical_transfers/ShadowKV-P100-MeritKV-results/results_p100_n64_paper_best/Qwen2_5-1_5B-Instruct/semantic/seed_789/daily_dialog/run_manifest.json,503d233946071d758e432476c449b3a13cbd3eccfb3b569caf2a6616df73f139,3763
p100_transfer/results_p100_n64_paper_best/Qwen2_5-1_5B-Instruct/semantic/seed_789/dolly/benchmark_hf_Qwen_Qwen2.5-1.5B-Instruct_public_dataset_dolly_semantic_cuda.json,reproduction_packages/historical_transfers/ShadowKV-P100-MeritKV-results/results_p100_n64_paper_best/Qwen2_5-1_5B-Instruct/semantic/seed_789/dolly/benchmark_hf_Qwen_Qwen2.5-1.5B-Instruct_public_dataset_dolly_semantic_cuda.json,aa170dc591f523503822f9b2b1a8055ce070af03adb8d467b49a4c3971eb9696,9689
p100_transfer/results_p100_n64_paper_best/Qwen2_5-1_5B-Instruct/semantic/seed_789/dolly/run_manifest.json,reproduction_packages/historical_transfers/ShadowKV-P100-MeritKV-results/results_p100_n64_paper_best/Qwen2_5-1_5B-Instruct/semantic/seed_789/dolly/run_manifest.json,3502bad0cd280727f8b16c09864b7b59cfe814151121e846720fc41c6d1e80dc,3763
p100_transfer/results_p100_n64_paper_best/Qwen2_5-1_5B-Instruct/semantic/seed_789/oasst1/benchmark_hf_Qwen_Qwen2.5-1.5B-Instruct_public_dataset_oasst1_semantic_cuda.json,reproduction_packages/historical_transfers/ShadowKV-P100-MeritKV-results/results_p100_n64_paper_best/Qwen2_5-1_5B-Instruct/semantic/seed_789/oasst1/benchmark_hf_Qwen_Qwen2.5-1.5B-Instruct_public_dataset_oasst1_semantic_cuda.json,019c030358b51f25a2d899f439ad21836d813c5f1a59fa8e6c0058f268db000e,9423
p100_transfer/results_p100_n64_paper_best/Qwen2_5-1_5B-Instruct/semantic/seed_789/oasst1/run_manifest.json,reproduction_packages/historical_transfers/ShadowKV-P100-MeritKV-results/results_p100_n64_paper_best/Qwen2_5-1_5B-Instruct/semantic/seed_789/oasst1/run_manifest.json,df7312389335ed2843961f61965615d0cb3e55ac9a78664e5fe825ac7a12f788,3763
p100_transfer/results_p100_n64_paper_best/Qwen2_5-1_5B-Instruct/semantic/seed_789/samsum/benchmark_hf_Qwen_Qwen2.5-1.5B-Instruct_public_dataset_samsum_semantic_cuda.json,reproduction_packages/historical_transfers/ShadowKV-P100-MeritKV-results/results_p100_n64_paper_best/Qwen2_5-1_5B-Instruct/semantic/seed_789/samsum/benchmark_hf_Qwen_Qwen2.5-1.5B-Instruct_public_dataset_samsum_semantic_cuda.json,7870cf3bb4d388ad7c860f2e1e927c613c281bcef7ca3c4cbf6457fab9c4f463,9520
p100_transfer/results_p100_n64_paper_best/Qwen2_5-1_5B-Instruct/semantic/seed_789/samsum/run_manifest.json,reproduction_packages/historical_transfers/ShadowKV-P100-MeritKV-results/results_p100_n64_paper_best/Qwen2_5-1_5B-Instruct/semantic/seed_789/samsum/run_manifest.json,240edcf344eae8d97c0dbf042597975152019a8e0ea0149c0564755eaa3138d0,3763
p100_transfer/results_p100_n64_paper_best/Qwen2_5-1_5B-Instruct/semantic/seed_789/ultrachat/benchmark_hf_Qwen_Qwen2.5-1.5B-Instruct_public_dataset_ultrachat_semantic_cuda.json,reproduction_packages/historical_transfers/ShadowKV-P100-MeritKV-results/results_p100_n64_paper_best/Qwen2_5-1_5B-Instruct/semantic/seed_789/ultrachat/benchmark_hf_Qwen_Qwen2.5-1.5B-Instruct_public_dataset_ultrachat_semantic_cuda.json,6433ca0ebd01bc035bfec2ead5a1942bbb0e9ea977444fa2ad9df574b673224e,9010
p100_transfer/results_p100_n64_paper_best/Qwen2_5-1_5B-Instruct/semantic/seed_789/ultrachat/run_manifest.json,reproduction_packages/historical_transfers/ShadowKV-P100-MeritKV-results/results_p100_n64_paper_best/Qwen2_5-1_5B-Instruct/semantic/seed_789/ultrachat/run_manifest.json,80c10f9b94c8d2d7ad57a7e3d6badfc6ef00328d57799865ca9cf5ce5b9d4463,3763
p100_transfer/results_p100_n64_paper_best/Qwen2_5-1_5B-Instruct/semantic/seed_789/xsum/benchmark_hf_Qwen_Qwen2.5-1.5B-Instruct_public_dataset_xsum_semantic_cuda.json,reproduction_packages/historical_transfers/ShadowKV-P100-MeritKV-results/results_p100_n64_paper_best/Qwen2_5-1_5B-Instruct/semantic/seed_789/xsum/benchmark_hf_Qwen_Qwen2.5-1.5B-Instruct_public_dataset_xsum_semantic_cuda.json,7b1d9ec295f0994c28101488f744e3ffec658d9567b5a975064b567ae4f0ae70,9487
p100_transfer/results_p100_n64_paper_best/Qwen2_5-1_5B-Instruct/semantic/seed_789/xsum/run_manifest.json,reproduction_packages/historical_transfers/ShadowKV-P100-MeritKV-results/results_p100_n64_paper_best/Qwen2_5-1_5B-Instruct/semantic/seed_789/xsum/run_manifest.json,a8102a71c26115b703b437af5e1e692d172487cd147e2568928890454c429159,3763
p100_transfer/results_p100_n64_paper_best/Qwen2_5-1_5B-Instruct/semantic/seed_999/ag_news/benchmark_hf_Qwen_Qwen2.5-1.5B-Instruct_public_dataset_ag_news_semantic_cuda.json,reproduction_packages/historical_transfers/ShadowKV-P100-MeritKV-results/results_p100_n64_paper_best/Qwen2_5-1_5B-Instruct/semantic/seed_999/ag_news/benchmark_hf_Qwen_Qwen2.5-1.5B-Instruct_public_dataset_ag_news_semantic_cuda.json,9bc501d868813af162a581805c4c991964992018202915991ecf54553f6f718c,9410
p100_transfer/results_p100_n64_paper_best/Qwen2_5-1_5B-Instruct/semantic/seed_999/ag_news/run_manifest.json,reproduction_packages/historical_transfers/ShadowKV-P100-MeritKV-results/results_p100_n64_paper_best/Qwen2_5-1_5B-Instruct/semantic/seed_999/ag_news/run_manifest.json,8677b181f31ed16bf6f419fa0093326841b262f3db5ba682a7856def665c052a,3763
p100_transfer/results_p100_n64_paper_best/Qwen2_5-1_5B-Instruct/semantic/seed_999/alpaca_eval/benchmark_hf_Qwen_Qwen2.5-1.5B-Instruct_public_dataset_alpaca_eval_semantic_cuda.json,reproduction_packages/historical_transfers/ShadowKV-P100-MeritKV-results/results_p100_n64_paper_best/Qwen2_5-1_5B-Instruct/semantic/seed_999/alpaca_eval/benchmark_hf_Qwen_Qwen2.5-1.5B-Instruct_public_dataset_alpaca_eval_semantic_cuda.json,f526d1cb06f277d640183fe5d6e7cc420bcb115362e7064b40edbbd1198023c9,9430
p100_transfer/results_p100_n64_paper_best/Qwen2_5-1_5B-Instruct/semantic/seed_999/alpaca_eval/run_manifest.json,reproduction_packages/historical_transfers/ShadowKV-P100-MeritKV-results/results_p100_n64_paper_best/Qwen2_5-1_5B-Instruct/semantic/seed_999/alpaca_eval/run_manifest.json,c2ebd18726bcbda0d1f8baef30369b8e91a9f2391afc6cf783f8c2cde2082409,3763
p100_transfer/results_p100_n64_paper_best/Qwen2_5-1_5B-Instruct/semantic/seed_999/banking77/benchmark_hf_Qwen_Qwen2.5-1.5B-Instruct_public_dataset_banking77_semantic_cuda.json,reproduction_packages/historical_transfers/ShadowKV-P100-MeritKV-results/results_p100_n64_paper_best/Qwen2_5-1_5B-Instruct/semantic/seed_999/banking77/benchmark_hf_Qwen_Qwen2.5-1.5B-Instruct_public_dataset_banking77_semantic_cuda.json,fb0a656687205fb90a1c6142130e43f29eb99ba7e74767a97659b02c0ff3eed4,9170
p100_transfer/results_p100_n64_paper_best/Qwen2_5-1_5B-Instruct/semantic/seed_999/banking77/run_manifest.json,reproduction_packages/historical_transfers/ShadowKV-P100-MeritKV-results/results_p100_n64_paper_best/Qwen2_5-1_5B-Instruct/semantic/seed_999/banking77/run_manifest.json,844926ce290e819ebecdd89684cd60c28042253e5ebb06b7a7ad0e7bc95b6bc4,3763
p100_transfer/results_p100_n64_paper_best/Qwen2_5-1_5B-Instruct/semantic/seed_999/cnn_dailymail/benchmark_hf_Qwen_Qwen2.5-1.5B-Instruct_public_dataset_cnn_dailymail_semantic_cuda.json,reproduction_packages/historical_transfers/ShadowKV-P100-MeritKV-results/results_p100_n64_paper_best/Qwen2_5-1_5B-Instruct/semantic/seed_999/cnn_dailymail/benchmark_hf_Qwen_Qwen2.5-1.5B-Instruct_public_dataset_cnn_dailymail_semantic_cuda.json,5f303ba7b00d5c92997897d16ff6ebae1ddd61ced03844dd090051500d3ecfbb,9020
p100_transfer/results_p100_n64_paper_best/Qwen2_5-1_5B-Instruct/semantic/seed_999/cnn_dailymail/run_manifest.json,reproduction_packages/historical_transfers/ShadowKV-P100-MeritKV-results/results_p100_n64_paper_best/Qwen2_5-1_5B-Instruct/semantic/seed_999/cnn_dailymail/run_manifest.json,a8239f9ce9a7dbd3e3f8fd1b02ad7549eef43998c887c923186cc675496b3676,3763
p100_transfer/results_p100_n64_paper_best/Qwen2_5-1_5B-Instruct/semantic/seed_999/daily_dialog/benchmark_hf_Qwen_Qwen2.5-1.5B-Instruct_public_dataset_daily_dialog_semantic_cuda.json,reproduction_packages/historical_transfers/ShadowKV-P100-MeritKV-results/results_p100_n64_paper_best/Qwen2_5-1_5B-Instruct/semantic/seed_999/daily_dialog/benchmark_hf_Qwen_Qwen2.5-1.5B-Instruct_public_dataset_daily_dialog_semantic_cuda.json,367eb2da35403eea8418c81559318a88ada83c8a74d47abe10a4afbb92d19e2d,9443
p100_transfer/results_p100_n64_paper_best/Qwen2_5-1_5B-Instruct/semantic/seed_999/daily_dialog/run_manifest.json,reproduction_packages/historical_transfers/ShadowKV-P100-MeritKV-results/results_p100_n64_paper_best/Qwen2_5-1_5B-Instruct/semantic/seed_999/daily_dialog/run_manifest.json,8c061ec10d4620231146a8ac4b22e5d9ba5edb740f94dbb487b00be6dbd98fe8,3763
p100_transfer/results_p100_n64_paper_best/Qwen2_5-1_5B-Instruct/semantic/seed_999/dolly/benchmark_hf_Qwen_Qwen2.5-1.5B-Instruct_public_dataset_dolly_semantic_cuda.json,reproduction_packages/historical_transfers/ShadowKV-P100-MeritKV-results/results_p100_n64_paper_best/Qwen2_5-1_5B-Instruct/semantic/seed_999/dolly/benchmark_hf_Qwen_Qwen2.5-1.5B-Instruct_public_dataset_dolly_semantic_cuda.json,4dba5c5071f762736d2e6a6ec666636fdd97e17d322a043177658507a9d26159,9680
p100_transfer/results_p100_n64_paper_best/Qwen2_5-1_5B-Instruct/semantic/seed_999/dolly/run_manifest.json,reproduction_packages/historical_transfers/ShadowKV-P100-MeritKV-results/results_p100_n64_paper_best/Qwen2_5-1_5B-Instruct/semantic/seed_999/dolly/run_manifest.json,7371b5ade23fa65debde571e71e46f2d2050ffea63afdda911d62708bb0b758d,3763
p100_transfer/results_p100_n64_paper_best/Qwen2_5-1_5B-Instruct/semantic/seed_999/oasst1/benchmark_hf_Qwen_Qwen2.5-1.5B-Instruct_public_dataset_oasst1_semantic_cuda.json,reproduction_packages/historical_transfers/ShadowKV-P100-MeritKV-results/results_p100_n64_paper_best/Qwen2_5-1_5B-Instruct/semantic/seed_999/oasst1/benchmark_hf_Qwen_Qwen2.5-1.5B-Instruct_public_dataset_oasst1_semantic_cuda.json,d2efbf32053cf7eb1af43f9a13fb09d76dc3245cf9940f6c675fdf7438a11cc1,9926
p100_transfer/results_p100_n64_paper_best/Qwen2_5-1_5B-Instruct/semantic/seed_999/oasst1/run_manifest.json,reproduction_packages/historical_transfers/ShadowKV-P100-MeritKV-results/results_p100_n64_paper_best/Qwen2_5-1_5B-Instruct/semantic/seed_999/oasst1/run_manifest.json,833dcd76f8d461c047863fb1191b67fb7ad1e431624d05d5d06157a62cea930b,3763
p100_transfer/results_p100_n64_paper_best/Qwen2_5-1_5B-Instruct/semantic/seed_999/samsum/benchmark_hf_Qwen_Qwen2.5-1.5B-Instruct_public_dataset_samsum_semantic_cuda.json,reproduction_packages/historical_transfers/ShadowKV-P100-MeritKV-results/results_p100_n64_paper_best/Qwen2_5-1_5B-Instruct/semantic/seed_999/samsum/benchmark_hf_Qwen_Qwen2.5-1.5B-Instruct_public_dataset_samsum_semantic_cuda.json,e754e6752294ec53d263e49d15dc13518bc35f4f4e74e188c1afa0bc2c33084f,9675
p100_transfer/results_p100_n64_paper_best/Qwen2_5-1_5B-Instruct/semantic/seed_999/samsum/run_manifest.json,reproduction_packages/historical_transfers/ShadowKV-P100-MeritKV-results/results_p100_n64_paper_best/Qwen2_5-1_5B-Instruct/semantic/seed_999/samsum/run_manifest.json,e9376d63926999e6384613a1305430771122e4a32a4e0314c9995f6dae9571a5,3763
p100_transfer/results_p100_n64_paper_best/Qwen2_5-1_5B-Instruct/semantic/seed_999/ultrachat/benchmark_hf_Qwen_Qwen2.5-1.5B-Instruct_public_dataset_ultrachat_semantic_cuda.json,reproduction_packages/historical_transfers/ShadowKV-P100-MeritKV-results/results_p100_n64_paper_best/Qwen2_5-1_5B-Instruct/semantic/seed_999/ultrachat/benchmark_hf_Qwen_Qwen2.5-1.5B-Instruct_public_dataset_ultrachat_semantic_cuda.json,492a4eaec7006737c55f1b25d8f3995431de0c7d3ff9a8970b807e94b6b06a06,9271
p100_transfer/results_p100_n64_paper_best/Qwen2_5-1_5B-Instruct/semantic/seed_999/ultrachat/run_manifest.json,reproduction_packages/historical_transfers/ShadowKV-P100-MeritKV-results/results_p100_n64_paper_best/Qwen2_5-1_5B-Instruct/semantic/seed_999/ultrachat/run_manifest.json,d91d7031a4f1a9ff58eb7bf598f5cdf151d090892e0256ced7198e0d8b8253d2,3763
p100_transfer/results_p100_n64_paper_best/Qwen2_5-1_5B-Instruct/semantic/seed_999/xsum/benchmark_hf_Qwen_Qwen2.5-1.5B-Instruct_public_dataset_xsum_semantic_cuda.json,reproduction_packages/historical_transfers/ShadowKV-P100-MeritKV-results/results_p100_n64_paper_best/Qwen2_5-1_5B-Instruct/semantic/seed_999/xsum/benchmark_hf_Qwen_Qwen2.5-1.5B-Instruct_public_dataset_xsum_semantic_cuda.json,fc3a7b6a10efb972af89de83c8ae51c301cbd0739beffe145a728efa6ea9cd97,9509
p100_transfer/results_p100_n64_paper_best/Qwen2_5-1_5B-Instruct/semantic/seed_999/xsum/run_manifest.json,reproduction_packages/historical_transfers/ShadowKV-P100-MeritKV-results/results_p100_n64_paper_best/Qwen2_5-1_5B-Instruct/semantic/seed_999/xsum/run_manifest.json,83b758350579cb38eb2d40f8d8ff4e066e6d4f19667695cb1721d08c3363ac0f,3763
p100_transfer/results_p100_n64_paper_best/Qwen2_5-1_5B-Instruct/templated/seed_123/ag_news/benchmark_hf_Qwen_Qwen2.5-1.5B-Instruct_public_dataset_ag_news_templated_cuda.json,reproduction_packages/historical_transfers/ShadowKV-P100-MeritKV-results/results_p100_n64_paper_best/Qwen2_5-1_5B-Instruct/templated/seed_123/ag_news/benchmark_hf_Qwen_Qwen2.5-1.5B-Instruct_public_dataset_ag_news_templated_cuda.json,5069db0db104a8373416a6fd4700f2830748d2968d70128db5781ea40f1254b9,9220
p100_transfer/results_p100_n64_paper_best/Qwen2_5-1_5B-Instruct/templated/seed_123/ag_news/run_manifest.json,reproduction_packages/historical_transfers/ShadowKV-P100-MeritKV-results/results_p100_n64_paper_best/Qwen2_5-1_5B-Instruct/templated/seed_123/ag_news/run_manifest.json,17519b6f06c862d8854090f90b78ed767ff2e5ba95963ab11ae08614d12c4a0f,3763
p100_transfer/results_p100_n64_paper_best/Qwen2_5-1_5B-Instruct/templated/seed_123/alpaca_eval/benchmark_hf_Qwen_Qwen2.5-1.5B-Instruct_public_dataset_alpaca_eval_templated_cuda.json,reproduction_packages/historical_transfers/ShadowKV-P100-MeritKV-results/results_p100_n64_paper_best/Qwen2_5-1_5B-Instruct/templated/seed_123/alpaca_eval/benchmark_hf_Qwen_Qwen2.5-1.5B-Instruct_public_dataset_alpaca_eval_templated_cuda.json,2625fa8418ba9976aa567b34e4438428cddf6aad0481f6a2b96254a01b5b4ddc,8980
p100_transfer/results_p100_n64_paper_best/Qwen2_5-1_5B-Instruct/templated/seed_123/alpaca_eval/run_manifest.json,reproduction_packages/historical_transfers/ShadowKV-P100-MeritKV-results/results_p100_n64_paper_best/Qwen2_5-1_5B-Instruct/templated/seed_123/alpaca_eval/run_manifest.json,3bfe87580729c3aa24c3d1119eda837d96b99368400f894ec6448d6579890d2f,3763
p100_transfer/results_p100_n64_paper_best/Qwen2_5-1_5B-Instruct/templated/seed_123/banking77/benchmark_hf_Qwen_Qwen2.5-1.5B-Instruct_public_dataset_banking77_templated_cuda.json,reproduction_packages/historical_transfers/ShadowKV-P100-MeritKV-results/results_p100_n64_paper_best/Qwen2_5-1_5B-Instruct/templated/seed_123/banking77/benchmark_hf_Qwen_Qwen2.5-1.5B-Instruct_public_dataset_banking77_templated_cuda.json,1b1714f8e28d9685214f909963330629dfc70d49030bf463ca87c8f9618ef6f2,8980
p100_transfer/results_p100_n64_paper_best/Qwen2_5-1_5B-Instruct/templated/seed_123/banking77/run_manifest.json,reproduction_packages/historical_transfers/ShadowKV-P100-MeritKV-results/results_p100_n64_paper_best/Qwen2_5-1_5B-Instruct/templated/seed_123/banking77/run_manifest.json,7b7f7a2466dd4811e3b23576022e184e8e2ffb85ce1c078010bb1c73d6578032,3763
p100_transfer/results_p100_n64_paper_best/Qwen2_5-1_5B-Instruct/templated/seed_123/cnn_dailymail/benchmark_hf_Qwen_Qwen2.5-1.5B-Instruct_public_dataset_cnn_dailymail_templated_cuda.json,reproduction_packages/historical_transfers/ShadowKV-P100-MeritKV-results/results_p100_n64_paper_best/Qwen2_5-1_5B-Instruct/templated/seed_123/cnn_dailymail/benchmark_hf_Qwen_Qwen2.5-1.5B-Instruct_public_dataset_cnn_dailymail_templated_cuda.json,7b9863843d67e69ad61dc4b581821e86fdb903ea6092dfe0831e4550124596e3,9239
p100_transfer/results_p100_n64_paper_best/Qwen2_5-1_5B-Instruct/templated/seed_123/cnn_dailymail/run_manifest.json,reproduction_packages/historical_transfers/ShadowKV-P100-MeritKV-results/results_p100_n64_paper_best/Qwen2_5-1_5B-Instruct/templated/seed_123/cnn_dailymail/run_manifest.json,41993d103b81e84a169de56228e3efd744342e71f3b8f730fe400bacbb48d23b,3763
p100_transfer/results_p100_n64_paper_best/Qwen2_5-1_5B-Instruct/templated/seed_123/daily_dialog/benchmark_hf_Qwen_Qwen2.5-1.5B-Instruct_public_dataset_daily_dialog_templated_cuda.json,reproduction_packages/historical_transfers/ShadowKV-P100-MeritKV-results/results_p100_n64_paper_best/Qwen2_5-1_5B-Instruct/templated/seed_123/daily_dialog/benchmark_hf_Qwen_Qwen2.5-1.5B-Instruct_public_dataset_daily_dialog_templated_cuda.json,9cf4a4aac08910e1e63c138ac1a14f64f90760f248829038bf5e1c7dcd976171,9230
p100_transfer/results_p100_n64_paper_best/Qwen2_5-1_5B-Instruct/templated/seed_123/daily_dialog/run_manifest.json,reproduction_packages/historical_transfers/ShadowKV-P100-MeritKV-results/results_p100_n64_paper_best/Qwen2_5-1_5B-Instruct/templated/seed_123/daily_dialog/run_manifest.json,563223c8b63a6beb05dec736ca7e92577bfcea88f676dc88df56600a74e083a2,3763
p100_transfer/results_p100_n64_paper_best/Qwen2_5-1_5B-Instruct/templated/seed_123/dolly/benchmark_hf_Qwen_Qwen2.5-1.5B-Instruct_public_dataset_dolly_templated_cuda.json,reproduction_packages/historical_transfers/ShadowKV-P100-MeritKV-results/results_p100_n64_paper_best/Qwen2_5-1_5B-Instruct/templated/seed_123/dolly/benchmark_hf_Qwen_Qwen2.5-1.5B-Instruct_public_dataset_dolly_templated_cuda.json,99eec863cbc4d59bacdbcdaa7a9b7a725bca0f18b27e84c45e2d0b87d0da7847,9215
p100_transfer/results_p100_n64_paper_best/Qwen2_5-1_5B-Instruct/templated/seed_123/dolly/run_manifest.json,reproduction_packages/historical_transfers/ShadowKV-P100-MeritKV-results/results_p100_n64_paper_best/Qwen2_5-1_5B-Instruct/templated/seed_123/dolly/run_manifest.json,61605ec5b95cb968cc02e52b1009f0e82e95acc41997765899a44b7faa3437df,3763
p100_transfer/results_p100_n64_paper_best/Qwen2_5-1_5B-Instruct/templated/seed_123/oasst1/benchmark_hf_Qwen_Qwen2.5-1.5B-Instruct_public_dataset_oasst1_templated_cuda.json,reproduction_packages/historical_transfers/ShadowKV-P100-MeritKV-results/results_p100_n64_paper_best/Qwen2_5-1_5B-Instruct/templated/seed_123/oasst1/benchmark_hf_Qwen_Qwen2.5-1.5B-Instruct_public_dataset_oasst1_templated_cuda.json,b20ef854155ee78c2d66a50516087527ad037cd2cfcda6f8d5cc3b81cca0e42c,9214
p100_transfer/results_p100_n64_paper_best/Qwen2_5-1_5B-Instruct/templated/seed_123/oasst1/run_manifest.json,reproduction_packages/historical_transfers/ShadowKV-P100-MeritKV-results/results_p100_n64_paper_best/Qwen2_5-1_5B-Instruct/templated/seed_123/oasst1/run_manifest.json,b29ff0c997371b54a25f9a660ba22105b2c48a351a665b5d7145e9cca220ccb6,3763
p100_transfer/results_p100_n64_paper_best/Qwen2_5-1_5B-Instruct/templated/seed_123/samsum/benchmark_hf_Qwen_Qwen2.5-1.5B-Instruct_public_dataset_samsum_templated_cuda.json,reproduction_packages/historical_transfers/ShadowKV-P100-MeritKV-results/results_p100_n64_paper_best/Qwen2_5-1_5B-Instruct/templated/seed_123/samsum/benchmark_hf_Qwen_Qwen2.5-1.5B-Instruct_public_dataset_samsum_templated_cuda.json,6685b92dda8cc325c6303c00b2bc36da2d9eb12c832491c314cad4c52a152c99,9214
p100_transfer/results_p100_n64_paper_best/Qwen2_5-1_5B-Instruct/templated/seed_123/samsum/run_manifest.json,reproduction_packages/historical_transfers/ShadowKV-P100-MeritKV-results/results_p100_n64_paper_best/Qwen2_5-1_5B-Instruct/templated/seed_123/samsum/run_manifest.json,9326ec2284479c20cf7a751f0bfba1cc8457c53cc7179ab3c8e904c6e1afe067,3763
p100_transfer/results_p100_n64_paper_best/Qwen2_5-1_5B-Instruct/templated/seed_123/ultrachat/benchmark_hf_Qwen_Qwen2.5-1.5B-Instruct_public_dataset_ultrachat_templated_cuda.json,reproduction_packages/historical_transfers/ShadowKV-P100-MeritKV-results/results_p100_n64_paper_best/Qwen2_5-1_5B-Instruct/templated/seed_123/ultrachat/benchmark_hf_Qwen_Qwen2.5-1.5B-Instruct_public_dataset_ultrachat_templated_cuda.json,51cfc14728c14bf47025332a243052c32d08b34d864c04f090081239897db8a1,9227
p100_transfer/results_p100_n64_paper_best/Qwen2_5-1_5B-Instruct/templated/seed_123/ultrachat/run_manifest.json,reproduction_packages/historical_transfers/ShadowKV-P100-MeritKV-results/results_p100_n64_paper_best/Qwen2_5-1_5B-Instruct/templated/seed_123/ultrachat/run_manifest.json,34fc1628003cb3ee3091e4b68573d34b67e0737fcb328fc59804c91c6ea5d34d,3763
p100_transfer/results_p100_n64_paper_best/Qwen2_5-1_5B-Instruct/templated/seed_123/xsum/benchmark_hf_Qwen_Qwen2.5-1.5B-Instruct_public_dataset_xsum_templated_cuda.json,reproduction_packages/historical_transfers/ShadowKV-P100-MeritKV-results/results_p100_n64_paper_best/Qwen2_5-1_5B-Instruct/templated/seed_123/xsum/benchmark_hf_Qwen_Qwen2.5-1.5B-Instruct_public_dataset_xsum_templated_cuda.json,1496f26843065c30087969b4946ea4918d24d401e015cbf24e0590f55cffc358,9208
p100_transfer/results_p100_n64_paper_best/Qwen2_5-1_5B-Instruct/templated/seed_123/xsum/run_manifest.json,reproduction_packages/historical_transfers/ShadowKV-P100-MeritKV-results/results_p100_n64_paper_best/Qwen2_5-1_5B-Instruct/templated/seed_123/xsum/run_manifest.json,f4c68663a021edd73065cf8d9132eb020a6480f7f36059872acdde570478da24,3763
p100_transfer/results_p100_n64_paper_best/Qwen2_5-1_5B-Instruct/templated/seed_42/ag_news/benchmark_hf_Qwen_Qwen2.5-1.5B-Instruct_public_dataset_ag_news_templated_cuda.json,reproduction_packages/historical_transfers/ShadowKV-P100-MeritKV-results/results_p100_n64_paper_best/Qwen2_5-1_5B-Instruct/templated/seed_42/ag_news/benchmark_hf_Qwen_Qwen2.5-1.5B-Instruct_public_dataset_ag_news_templated_cuda.json,05868726e4d87e2beda9af090263bd148f74d39474cbe06392cddeea60e5b0c3,9213
p100_transfer/results_p100_n64_paper_best/Qwen2_5-1_5B-Instruct/templated/seed_42/ag_news/run_manifest.json,reproduction_packages/historical_transfers/ShadowKV-P100-MeritKV-results/results_p100_n64_paper_best/Qwen2_5-1_5B-Instruct/templated/seed_42/ag_news/run_manifest.json,6a56e2baf1735134578942db62e18318d39905c28cf6f6c284c1f8d1c9a176fc,3762
p100_transfer/results_p100_n64_paper_best/Qwen2_5-1_5B-Instruct/templated/seed_42/alpaca_eval/benchmark_hf_Qwen_Qwen2.5-1.5B-Instruct_public_dataset_alpaca_eval_templated_cuda.json,reproduction_packages/historical_transfers/ShadowKV-P100-MeritKV-results/results_p100_n64_paper_best/Qwen2_5-1_5B-Instruct/templated/seed_42/alpaca_eval/benchmark_hf_Qwen_Qwen2.5-1.5B-Instruct_public_dataset_alpaca_eval_templated_cuda.json,bd64347f91a469502be5c1675e396598f658548ed4deed729ad2a677339768f4,8982
p100_transfer/results_p100_n64_paper_best/Qwen2_5-1_5B-Instruct/templated/seed_42/alpaca_eval/run_manifest.json,reproduction_packages/historical_transfers/ShadowKV-P100-MeritKV-results/results_p100_n64_paper_best/Qwen2_5-1_5B-Instruct/templated/seed_42/alpaca_eval/run_manifest.json,5474259356eac0f0ac60f13f52807027120c4e67023b2a2c20cfa8e2de439eb5,3762
p100_transfer/results_p100_n64_paper_best/Qwen2_5-1_5B-Instruct/templated/seed_42/banking77/benchmark_hf_Qwen_Qwen2.5-1.5B-Instruct_public_dataset_banking77_templated_cuda.json,reproduction_packages/historical_transfers/ShadowKV-P100-MeritKV-results/results_p100_n64_paper_best/Qwen2_5-1_5B-Instruct/templated/seed_42/banking77/benchmark_hf_Qwen_Qwen2.5-1.5B-Instruct_public_dataset_banking77_templated_cuda.json,c36b2edf008a9beaf24dcbbb58293dfa30eabaf767159dc520efa44d7eacef3d,8974
p100_transfer/results_p100_n64_paper_best/Qwen2_5-1_5B-Instruct/templated/seed_42/banking77/run_manifest.json,reproduction_packages/historical_transfers/ShadowKV-P100-MeritKV-results/results_p100_n64_paper_best/Qwen2_5-1_5B-Instruct/templated/seed_42/banking77/run_manifest.json,8ce7cd1a325f51f67814c5acc08f565f5825b7a34df827253f6bcbc1de5a2c46,3762
p100_transfer/results_p100_n64_paper_best/Qwen2_5-1_5B-Instruct/templated/seed_42/cnn_dailymail/benchmark_hf_Qwen_Qwen2.5-1.5B-Instruct_public_dataset_cnn_dailymail_templated_cuda.json,reproduction_packages/historical_transfers/ShadowKV-P100-MeritKV-results/results_p100_n64_paper_best/Qwen2_5-1_5B-Instruct/templated/seed_42/cnn_dailymail/benchmark_hf_Qwen_Qwen2.5-1.5B-Instruct_public_dataset_cnn_dailymail_templated_cuda.json,c2a7d825122fcaeb7ef71fa391f21fe5b755980c45b252fe430e6d570693e5b5,9235
p100_transfer/results_p100_n64_paper_best/Qwen2_5-1_5B-Instruct/templated/seed_42/cnn_dailymail/run_manifest.json,reproduction_packages/historical_transfers/ShadowKV-P100-MeritKV-results/results_p100_n64_paper_best/Qwen2_5-1_5B-Instruct/templated/seed_42/cnn_dailymail/run_manifest.json,bd8f4fd0a6dc9a9ff7a2079f7c10b3492c040f6eb608df6aa939894e76686c6d,3762
p100_transfer/results_p100_n64_paper_best/Qwen2_5-1_5B-Instruct/templated/seed_42/daily_dialog/benchmark_hf_Qwen_Qwen2.5-1.5B-Instruct_public_dataset_daily_dialog_templated_cuda.json,reproduction_packages/historical_transfers/ShadowKV-P100-MeritKV-results/results_p100_n64_paper_best/Qwen2_5-1_5B-Instruct/templated/seed_42/daily_dialog/benchmark_hf_Qwen_Qwen2.5-1.5B-Instruct_public_dataset_daily_dialog_templated_cuda.json,3d8f8626a55c0ad63659041d44d16f3672c4148804b4d499dfb8ea772300e52e,9234
p100_transfer/results_p100_n64_paper_best/Qwen2_5-1_5B-Instruct/templated/seed_42/daily_dialog/run_manifest.json,reproduction_packages/historical_transfers/ShadowKV-P100-MeritKV-results/results_p100_n64_paper_best/Qwen2_5-1_5B-Instruct/templated/seed_42/daily_dialog/run_manifest.json,4b3fc36540b283f091b6ad5a454a221033396b8e265f84955c97f526f656d131,3762
p100_transfer/results_p100_n64_paper_best/Qwen2_5-1_5B-Instruct/templated/seed_42/dolly/benchmark_hf_Qwen_Qwen2.5-1.5B-Instruct_public_dataset_dolly_templated_cuda.json,reproduction_packages/historical_transfers/ShadowKV-P100-MeritKV-results/results_p100_n64_paper_best/Qwen2_5-1_5B-Instruct/templated/seed_42/dolly/benchmark_hf_Qwen_Qwen2.5-1.5B-Instruct_public_dataset_dolly_templated_cuda.json,eb4a974379883c4fc29e0ee5efdf284fbdd5705e321cd3c29d840801e9db1fbf,9208
p100_transfer/results_p100_n64_paper_best/Qwen2_5-1_5B-Instruct/templated/seed_42/dolly/run_manifest.json,reproduction_packages/historical_transfers/ShadowKV-P100-MeritKV-results/results_p100_n64_paper_best/Qwen2_5-1_5B-Instruct/templated/seed_42/dolly/run_manifest.json,4c6e5d96871902a63b5994e79e8e75cb9e4f9faea6580743796a29a8613b5c1b,3762
p100_transfer/results_p100_n64_paper_best/Qwen2_5-1_5B-Instruct/templated/seed_42/oasst1/benchmark_hf_Qwen_Qwen2.5-1.5B-Instruct_public_dataset_oasst1_templated_cuda.json,reproduction_packages/historical_transfers/ShadowKV-P100-MeritKV-results/results_p100_n64_paper_best/Qwen2_5-1_5B-Instruct/templated/seed_42/oasst1/benchmark_hf_Qwen_Qwen2.5-1.5B-Instruct_public_dataset_oasst1_templated_cuda.json,a7108cd25fa9aeede03dc01c4a695b94da2f10afa301201a53ac350aeec48fe6,9212
p100_transfer/results_p100_n64_paper_best/Qwen2_5-1_5B-Instruct/templated/seed_42/oasst1/run_manifest.json,reproduction_packages/historical_transfers/ShadowKV-P100-MeritKV-results/results_p100_n64_paper_best/Qwen2_5-1_5B-Instruct/templated/seed_42/oasst1/run_manifest.json,6461295440ecde4b64abde3037f75f3e4c1a7993b17d3b4e5a71d3511923d013,3762
p100_transfer/results_p100_n64_paper_best/Qwen2_5-1_5B-Instruct/templated/seed_42/samsum/benchmark_hf_Qwen_Qwen2.5-1.5B-Instruct_public_dataset_samsum_templated_cuda.json,reproduction_packages/historical_transfers/ShadowKV-P100-MeritKV-results/results_p100_n64_paper_best/Qwen2_5-1_5B-Instruct/templated/seed_42/samsum/benchmark_hf_Qwen_Qwen2.5-1.5B-Instruct_public_dataset_samsum_templated_cuda.json,fbc9ac72c61d5df70267614e9c18fc835aedb1bab22b41728d6e1b286c200487,9210
p100_transfer/results_p100_n64_paper_best/Qwen2_5-1_5B-Instruct/templated/seed_42/samsum/run_manifest.json,reproduction_packages/historical_transfers/ShadowKV-P100-MeritKV-results/results_p100_n64_paper_best/Qwen2_5-1_5B-Instruct/templated/seed_42/samsum/run_manifest.json,8b6aaa4d745106a94ec15f981f4ac76fa0e3902f4e3d2b745bfa6e8f103f1274,3762
p100_transfer/results_p100_n64_paper_best/Qwen2_5-1_5B-Instruct/templated/seed_42/ultrachat/benchmark_hf_Qwen_Qwen2.5-1.5B-Instruct_public_dataset_ultrachat_templated_cuda.json,reproduction_packages/historical_transfers/ShadowKV-P100-MeritKV-results/results_p100_n64_paper_best/Qwen2_5-1_5B-Instruct/templated/seed_42/ultrachat/benchmark_hf_Qwen_Qwen2.5-1.5B-Instruct_public_dataset_ultrachat_templated_cuda.json,b5a719f573b0b0608fd1ded82ce7c17e0b430880a2c476534092a50bdb101015,9217
p100_transfer/results_p100_n64_paper_best/Qwen2_5-1_5B-Instruct/templated/seed_42/ultrachat/run_manifest.json,reproduction_packages/historical_transfers/ShadowKV-P100-MeritKV-results/results_p100_n64_paper_best/Qwen2_5-1_5B-Instruct/templated/seed_42/ultrachat/run_manifest.json,ea35654bad35421ae9412db9765ded6303385ae4d7efa27d817e9baf41938061,3762
p100_transfer/results_p100_n64_paper_best/Qwen2_5-1_5B-Instruct/templated/seed_42/xsum/benchmark_hf_Qwen_Qwen2.5-1.5B-Instruct_public_dataset_xsum_templated_cuda.json,reproduction_packages/historical_transfers/ShadowKV-P100-MeritKV-results/results_p100_n64_paper_best/Qwen2_5-1_5B-Instruct/templated/seed_42/xsum/benchmark_hf_Qwen_Qwen2.5-1.5B-Instruct_public_dataset_xsum_templated_cuda.json,871ee2ab987cfaa9c5a3c32a06d7649cd3c60ff9837202405a09c577a360cf43,9213
p100_transfer/results_p100_n64_paper_best/Qwen2_5-1_5B-Instruct/templated/seed_42/xsum/run_manifest.json,reproduction_packages/historical_transfers/ShadowKV-P100-MeritKV-results/results_p100_n64_paper_best/Qwen2_5-1_5B-Instruct/templated/seed_42/xsum/run_manifest.json,4a8ebdc3c2cacc5b69c51ff8e7f939aadee8950d3cd952c81bd16e4a5538544b,3762
p100_transfer/results_p100_n64_paper_best/Qwen2_5-1_5B-Instruct/templated/seed_456/ag_news/benchmark_hf_Qwen_Qwen2.5-1.5B-Instruct_public_dataset_ag_news_templated_cuda.json,reproduction_packages/historical_transfers/ShadowKV-P100-MeritKV-results/results_p100_n64_paper_best/Qwen2_5-1_5B-Instruct/templated/seed_456/ag_news/benchmark_hf_Qwen_Qwen2.5-1.5B-Instruct_public_dataset_ag_news_templated_cuda.json,090b9c3ce95c965127bda64b3f7989512050586720aa3a5e33119c5329a432c0,9220
p100_transfer/results_p100_n64_paper_best/Qwen2_5-1_5B-Instruct/templated/seed_456/ag_news/run_manifest.json,reproduction_packages/historical_transfers/ShadowKV-P100-MeritKV-results/results_p100_n64_paper_best/Qwen2_5-1_5B-Instruct/templated/seed_456/ag_news/run_manifest.json,47669007fe35b000952781119c17d45c386083e3f479f5d05aa9cdd9bcec7ce8,3763
p100_transfer/results_p100_n64_paper_best/Qwen2_5-1_5B-Instruct/templated/seed_456/alpaca_eval/benchmark_hf_Qwen_Qwen2.5-1.5B-Instruct_public_dataset_alpaca_eval_templated_cuda.json,reproduction_packages/historical_transfers/ShadowKV-P100-MeritKV-results/results_p100_n64_paper_best/Qwen2_5-1_5B-Instruct/templated/seed_456/alpaca_eval/benchmark_hf_Qwen_Qwen2.5-1.5B-Instruct_public_dataset_alpaca_eval_templated_cuda.json,fa6b4a3cdc321a84a08f04be860f8a0ec1c12850a7f703c9ddd0861063b1600d,8984
p100_transfer/results_p100_n64_paper_best/Qwen2_5-1_5B-Instruct/templated/seed_456/alpaca_eval/run_manifest.json,reproduction_packages/historical_transfers/ShadowKV-P100-MeritKV-results/results_p100_n64_paper_best/Qwen2_5-1_5B-Instruct/templated/seed_456/alpaca_eval/run_manifest.json,f12bc804d693d967b44252027d50e72d04833746bff07fefc7cdac36e3c0d119,3763
p100_transfer/results_p100_n64_paper_best/Qwen2_5-1_5B-Instruct/templated/seed_456/banking77/benchmark_hf_Qwen_Qwen2.5-1.5B-Instruct_public_dataset_banking77_templated_cuda.json,reproduction_packages/historical_transfers/ShadowKV-P100-MeritKV-results/results_p100_n64_paper_best/Qwen2_5-1_5B-Instruct/templated/seed_456/banking77/benchmark_hf_Qwen_Qwen2.5-1.5B-Instruct_public_dataset_banking77_templated_cuda.json,6dae745bb0273214cf6727fc3c26c296bfb8170a4fb8a352d5e528ae809e45c2,8985
p100_transfer/results_p100_n64_paper_best/Qwen2_5-1_5B-Instruct/templated/seed_456/banking77/run_manifest.json,reproduction_packages/historical_transfers/ShadowKV-P100-MeritKV-results/results_p100_n64_paper_best/Qwen2_5-1_5B-Instruct/templated/seed_456/banking77/run_manifest.json,ae501b1a368a95033abaeb8a8ed79d0547920af78339a4efdd0569b9cfb0c9e0,3763
p100_transfer/results_p100_n64_paper_best/Qwen2_5-1_5B-Instruct/templated/seed_456/cnn_dailymail/benchmark_hf_Qwen_Qwen2.5-1.5B-Instruct_public_dataset_cnn_dailymail_templated_cuda.json,reproduction_packages/historical_transfers/ShadowKV-P100-MeritKV-results/results_p100_n64_paper_best/Qwen2_5-1_5B-Instruct/templated/seed_456/cnn_dailymail/benchmark_hf_Qwen_Qwen2.5-1.5B-Instruct_public_dataset_cnn_dailymail_templated_cuda.json,9c90965b04743efd1aca50d75bd2fa258f7ae432685ad9fb75a309e625c0b62f,9241
p100_transfer/results_p100_n64_paper_best/Qwen2_5-1_5B-Instruct/templated/seed_456/cnn_dailymail/run_manifest.json,reproduction_packages/historical_transfers/ShadowKV-P100-MeritKV-results/results_p100_n64_paper_best/Qwen2_5-1_5B-Instruct/templated/seed_456/cnn_dailymail/run_manifest.json,b25f4f95a18f619a59f5ee0c89eae189f705981cdce3ee67914aefd1c3205bef,3763
p100_transfer/results_p100_n64_paper_best/Qwen2_5-1_5B-Instruct/templated/seed_456/daily_dialog/benchmark_hf_Qwen_Qwen2.5-1.5B-Instruct_public_dataset_daily_dialog_templated_cuda.json,reproduction_packages/historical_transfers/ShadowKV-P100-MeritKV-results/results_p100_n64_paper_best/Qwen2_5-1_5B-Instruct/templated/seed_456/daily_dialog/benchmark_hf_Qwen_Qwen2.5-1.5B-Instruct_public_dataset_daily_dialog_templated_cuda.json,2a70508d2f4cfc5038bd58a09e13c8dfe0ac14d38b9bb87750fbf9cdab7aff49,9235
p100_transfer/results_p100_n64_paper_best/Qwen2_5-1_5B-Instruct/templated/seed_456/daily_dialog/run_manifest.json,reproduction_packages/historical_transfers/ShadowKV-P100-MeritKV-results/results_p100_n64_paper_best/Qwen2_5-1_5B-Instruct/templated/seed_456/daily_dialog/run_manifest.json,7c71337a49ea59f758190cb901178ce7710e77d9478b91f5c629869588f97d62,3763
p100_transfer/results_p100_n64_paper_best/Qwen2_5-1_5B-Instruct/templated/seed_456/dolly/benchmark_hf_Qwen_Qwen2.5-1.5B-Instruct_public_dataset_dolly_templated_cuda.json,reproduction_packages/historical_transfers/ShadowKV-P100-MeritKV-results/results_p100_n64_paper_best/Qwen2_5-1_5B-Instruct/templated/seed_456/dolly/benchmark_hf_Qwen_Qwen2.5-1.5B-Instruct_public_dataset_dolly_templated_cuda.json,96142f1f6eece598e4eaa23de18cbe735311a3f877412c4c4fc6358fab95e576,8975
p100_transfer/results_p100_n64_paper_best/Qwen2_5-1_5B-Instruct/templated/seed_456/dolly/run_manifest.json,reproduction_packages/historical_transfers/ShadowKV-P100-MeritKV-results/results_p100_n64_paper_best/Qwen2_5-1_5B-Instruct/templated/seed_456/dolly/run_manifest.json,497c72f4b6e91b57fe52a1313e9843e822f3faa69a9fb77f4caaa5219a9cbfb5,3763
p100_transfer/results_p100_n64_paper_best/Qwen2_5-1_5B-Instruct/templated/seed_456/oasst1/benchmark_hf_Qwen_Qwen2.5-1.5B-Instruct_public_dataset_oasst1_templated_cuda.json,reproduction_packages/historical_transfers/ShadowKV-P100-MeritKV-results/results_p100_n64_paper_best/Qwen2_5-1_5B-Instruct/templated/seed_456/oasst1/benchmark_hf_Qwen_Qwen2.5-1.5B-Instruct_public_dataset_oasst1_templated_cuda.json,5f9f1c21a12fce4de0fc163139c4534f1e9658c5c16ef4cd2fec2cd6d282d3a4,8972
p100_transfer/results_p100_n64_paper_best/Qwen2_5-1_5B-Instruct/templated/seed_456/oasst1/run_manifest.json,reproduction_packages/historical_transfers/ShadowKV-P100-MeritKV-results/results_p100_n64_paper_best/Qwen2_5-1_5B-Instruct/templated/seed_456/oasst1/run_manifest.json,1644f357d2a713b430844ebec88309711463b9f1797fe02f032749a303298f68,3763
p100_transfer/results_p100_n64_paper_best/Qwen2_5-1_5B-Instruct/templated/seed_456/samsum/benchmark_hf_Qwen_Qwen2.5-1.5B-Instruct_public_dataset_samsum_templated_cuda.json,reproduction_packages/historical_transfers/ShadowKV-P100-MeritKV-results/results_p100_n64_paper_best/Qwen2_5-1_5B-Instruct/templated/seed_456/samsum/benchmark_hf_Qwen_Qwen2.5-1.5B-Instruct_public_dataset_samsum_templated_cuda.json,667f5c56c53e34afcd4f095190b08ea18153437c3227a531726f997c7e6f4244,9212
p100_transfer/results_p100_n64_paper_best/Qwen2_5-1_5B-Instruct/templated/seed_456/samsum/run_manifest.json,reproduction_packages/historical_transfers/ShadowKV-P100-MeritKV-results/results_p100_n64_paper_best/Qwen2_5-1_5B-Instruct/templated/seed_456/samsum/run_manifest.json,8330480dd0096258bc94ed1ade8f0f850bf7c34727b085d47d895f85973c49c5,3763
p100_transfer/results_p100_n64_paper_best/Qwen2_5-1_5B-Instruct/templated/seed_456/ultrachat/benchmark_hf_Qwen_Qwen2.5-1.5B-Instruct_public_dataset_ultrachat_templated_cuda.json,reproduction_packages/historical_transfers/ShadowKV-P100-MeritKV-results/results_p100_n64_paper_best/Qwen2_5-1_5B-Instruct/templated/seed_456/ultrachat/benchmark_hf_Qwen_Qwen2.5-1.5B-Instruct_public_dataset_ultrachat_templated_cuda.json,927b3f2d28955b218852eb6576e149001a4602a408307141bd8cafe377d5e0c0,9230
p100_transfer/results_p100_n64_paper_best/Qwen2_5-1_5B-Instruct/templated/seed_456/ultrachat/run_manifest.json,reproduction_packages/historical_transfers/ShadowKV-P100-MeritKV-results/results_p100_n64_paper_best/Qwen2_5-1_5B-Instruct/templated/seed_456/ultrachat/run_manifest.json,6ead026960a3270b7f32a621fb4ebed73431c31c5fbd1425436fa2d8f66ebca4,3763
p100_transfer/results_p100_n64_paper_best/Qwen2_5-1_5B-Instruct/templated/seed_456/xsum/benchmark_hf_Qwen_Qwen2.5-1.5B-Instruct_public_dataset_xsum_templated_cuda.json,reproduction_packages/historical_transfers/ShadowKV-P100-MeritKV-results/results_p100_n64_paper_best/Qwen2_5-1_5B-Instruct/templated/seed_456/xsum/benchmark_hf_Qwen_Qwen2.5-1.5B-Instruct_public_dataset_xsum_templated_cuda.json,d9e798aac252f9629090cfeb5c41eae2b6ae8dfee3836dfa3be1a2b6628a2b5b,9211
p100_transfer/results_p100_n64_paper_best/Qwen2_5-1_5B-Instruct/templated/seed_456/xsum/run_manifest.json,reproduction_packages/historical_transfers/ShadowKV-P100-MeritKV-results/results_p100_n64_paper_best/Qwen2_5-1_5B-Instruct/templated/seed_456/xsum/run_manifest.json,a17ab3fa3f2d0b1cfc2737147860af25208a5386319f30927d5b891d200991a3,3763
p100_transfer/results_p100_n64_paper_best/Qwen2_5-1_5B-Instruct/templated/seed_789/ag_news/benchmark_hf_Qwen_Qwen2.5-1.5B-Instruct_public_dataset_ag_news_templated_cuda.json,reproduction_packages/historical_transfers/ShadowKV-P100-MeritKV-results/results_p100_n64_paper_best/Qwen2_5-1_5B-Instruct/templated/seed_789/ag_news/benchmark_hf_Qwen_Qwen2.5-1.5B-Instruct_public_dataset_ag_news_templated_cuda.json,7dd05cc32314dbb234a29cad8b32985e308b5fe55e912a02f5f828dfb84eff9d,9222
p100_transfer/results_p100_n64_paper_best/Qwen2_5-1_5B-Instruct/templated/seed_789/ag_news/run_manifest.json,reproduction_packages/historical_transfers/ShadowKV-P100-MeritKV-results/results_p100_n64_paper_best/Qwen2_5-1_5B-Instruct/templated/seed_789/ag_news/run_manifest.json,158c5836be0e1087aa6e97c0b26f33e92b2bdb6a3286bcfbc9ea9453b194f149,3763
p100_transfer/results_p100_n64_paper_best/Qwen2_5-1_5B-Instruct/templated/seed_789/alpaca_eval/benchmark_hf_Qwen_Qwen2.5-1.5B-Instruct_public_dataset_alpaca_eval_templated_cuda.json,reproduction_packages/historical_transfers/ShadowKV-P100-MeritKV-results/results_p100_n64_paper_best/Qwen2_5-1_5B-Instruct/templated/seed_789/alpaca_eval/benchmark_hf_Qwen_Qwen2.5-1.5B-Instruct_public_dataset_alpaca_eval_templated_cuda.json,439b55fb625339732d07934fe01daaee0998a5262fffad053ad3d4b4167376b2,8983
p100_transfer/results_p100_n64_paper_best/Qwen2_5-1_5B-Instruct/templated/seed_789/alpaca_eval/run_manifest.json,reproduction_packages/historical_transfers/ShadowKV-P100-MeritKV-results/results_p100_n64_paper_best/Qwen2_5-1_5B-Instruct/templated/seed_789/alpaca_eval/run_manifest.json,074a70786b203c70029843ee5c582f4663244637d1f503aae88da3bcd91e9e01,3763
p100_transfer/results_p100_n64_paper_best/Qwen2_5-1_5B-Instruct/templated/seed_789/banking77/benchmark_hf_Qwen_Qwen2.5-1.5B-Instruct_public_dataset_banking77_templated_cuda.json,reproduction_packages/historical_transfers/ShadowKV-P100-MeritKV-results/results_p100_n64_paper_best/Qwen2_5-1_5B-Instruct/templated/seed_789/banking77/benchmark_hf_Qwen_Qwen2.5-1.5B-Instruct_public_dataset_banking77_templated_cuda.json,93b7f8b6ad6a9ec5798b13251c1fb0826f0be009879db22df6f82f4918910069,8978
p100_transfer/results_p100_n64_paper_best/Qwen2_5-1_5B-Instruct/templated/seed_789/banking77/run_manifest.json,reproduction_packages/historical_transfers/ShadowKV-P100-MeritKV-results/results_p100_n64_paper_best/Qwen2_5-1_5B-Instruct/templated/seed_789/banking77/run_manifest.json,21fa15a1425620acbb0ae0d41ce85fc59ffaeaa5ea1c527de73b34e0b04cc615,3763
p100_transfer/results_p100_n64_paper_best/Qwen2_5-1_5B-Instruct/templated/seed_789/cnn_dailymail/benchmark_hf_Qwen_Qwen2.5-1.5B-Instruct_public_dataset_cnn_dailymail_templated_cuda.json,reproduction_packages/historical_transfers/ShadowKV-P100-MeritKV-results/results_p100_n64_paper_best/Qwen2_5-1_5B-Instruct/templated/seed_789/cnn_dailymail/benchmark_hf_Qwen_Qwen2.5-1.5B-Instruct_public_dataset_cnn_dailymail_templated_cuda.json,7b8f7ae5ee1fb062f2782721064e6313834b86df968f12e88fb1ba40f332f7ab,9239
p100_transfer/results_p100_n64_paper_best/Qwen2_5-1_5B-Instruct/templated/seed_789/cnn_dailymail/run_manifest.json,reproduction_packages/historical_transfers/ShadowKV-P100-MeritKV-results/results_p100_n64_paper_best/Qwen2_5-1_5B-Instruct/templated/seed_789/cnn_dailymail/run_manifest.json,ea005db7421becd0b8d8d7d4ca4dc7f4dae86a9e6e872bcec30fffb1b37fb4fd,3763
p100_transfer/results_p100_n64_paper_best/Qwen2_5-1_5B-Instruct/templated/seed_789/daily_dialog/benchmark_hf_Qwen_Qwen2.5-1.5B-Instruct_public_dataset_daily_dialog_templated_cuda.json,reproduction_packages/historical_transfers/ShadowKV-P100-MeritKV-results/results_p100_n64_paper_best/Qwen2_5-1_5B-Instruct/templated/seed_789/daily_dialog/benchmark_hf_Qwen_Qwen2.5-1.5B-Instruct_public_dataset_daily_dialog_templated_cuda.json,af4d679596e9c08bcf20f83b6604204c640ecaf07a07d5b2acf58e99c50671ab,9231
p100_transfer/results_p100_n64_paper_best/Qwen2_5-1_5B-Instruct/templated/seed_789/daily_dialog/run_manifest.json,reproduction_packages/historical_transfers/ShadowKV-P100-MeritKV-results/results_p100_n64_paper_best/Qwen2_5-1_5B-Instruct/templated/seed_789/daily_dialog/run_manifest.json,f2b4fd885dfa02d23fa6489651699684a6af03a208c2c26c1ed762e8b963bbf0,3763
p100_transfer/results_p100_n64_paper_best/Qwen2_5-1_5B-Instruct/templated/seed_789/dolly/benchmark_hf_Qwen_Qwen2.5-1.5B-Instruct_public_dataset_dolly_templated_cuda.json,reproduction_packages/historical_transfers/ShadowKV-P100-MeritKV-results/results_p100_n64_paper_best/Qwen2_5-1_5B-Instruct/templated/seed_789/dolly/benchmark_hf_Qwen_Qwen2.5-1.5B-Instruct_public_dataset_dolly_templated_cuda.json,d62d01c3ff2b87674a0e413fa36b1ad3e9af0425e8f02de7de13276d94909ee5,8973
p100_transfer/results_p100_n64_paper_best/Qwen2_5-1_5B-Instruct/templated/seed_789/dolly/run_manifest.json,reproduction_packages/historical_transfers/ShadowKV-P100-MeritKV-results/results_p100_n64_paper_best/Qwen2_5-1_5B-Instruct/templated/seed_789/dolly/run_manifest.json,f2da0520e57e87f31e9c95620517e72814bc36c2127c13056bebe6c516e5534c,3763
p100_transfer/results_p100_n64_paper_best/Qwen2_5-1_5B-Instruct/templated/seed_789/oasst1/benchmark_hf_Qwen_Qwen2.5-1.5B-Instruct_public_dataset_oasst1_templated_cuda.json,reproduction_packages/historical_transfers/ShadowKV-P100-MeritKV-results/results_p100_n64_paper_best/Qwen2_5-1_5B-Instruct/templated/seed_789/oasst1/benchmark_hf_Qwen_Qwen2.5-1.5B-Instruct_public_dataset_oasst1_templated_cuda.json,107b1933d525ea1eab19bf26ef0f4f1dab79873d578c24d6f61ff2f2b1eceaa0,8974
p100_transfer/results_p100_n64_paper_best/Qwen2_5-1_5B-Instruct/templated/seed_789/oasst1/run_manifest.json,reproduction_packages/historical_transfers/ShadowKV-P100-MeritKV-results/results_p100_n64_paper_best/Qwen2_5-1_5B-Instruct/templated/seed_789/oasst1/run_manifest.json,9076e60fc57dd2c0a7b0d0b3f84817a8c1aa07abd20120b2f7807dbe444c002c,3763
p100_transfer/results_p100_n64_paper_best/Qwen2_5-1_5B-Instruct/templated/seed_789/samsum/benchmark_hf_Qwen_Qwen2.5-1.5B-Instruct_public_dataset_samsum_templated_cuda.json,reproduction_packages/historical_transfers/ShadowKV-P100-MeritKV-results/results_p100_n64_paper_best/Qwen2_5-1_5B-Instruct/templated/seed_789/samsum/benchmark_hf_Qwen_Qwen2.5-1.5B-Instruct_public_dataset_samsum_templated_cuda.json,7fc276459e78f9cf43ab14363d44fea923910072832d5422e6c7988de1f08b4b,9214
p100_transfer/results_p100_n64_paper_best/Qwen2_5-1_5B-Instruct/templated/seed_789/samsum/run_manifest.json,reproduction_packages/historical_transfers/ShadowKV-P100-MeritKV-results/results_p100_n64_paper_best/Qwen2_5-1_5B-Instruct/templated/seed_789/samsum/run_manifest.json,935dcd02da979f9a384200e592bb174e5e867ed6325d7471ac119880ac86bccb,3763
p100_transfer/results_p100_n64_paper_best/Qwen2_5-1_5B-Instruct/templated/seed_789/ultrachat/benchmark_hf_Qwen_Qwen2.5-1.5B-Instruct_public_dataset_ultrachat_templated_cuda.json,reproduction_packages/historical_transfers/ShadowKV-P100-MeritKV-results/results_p100_n64_paper_best/Qwen2_5-1_5B-Instruct/templated/seed_789/ultrachat/benchmark_hf_Qwen_Qwen2.5-1.5B-Instruct_public_dataset_ultrachat_templated_cuda.json,1cd5271aca21b03bc5774b556c4044ceacc11a3b7d7ba1829227ac1d56853af9,9225
p100_transfer/results_p100_n64_paper_best/Qwen2_5-1_5B-Instruct/templated/seed_789/ultrachat/run_manifest.json,reproduction_packages/historical_transfers/ShadowKV-P100-MeritKV-results/results_p100_n64_paper_best/Qwen2_5-1_5B-Instruct/templated/seed_789/ultrachat/run_manifest.json,1b18545d84c9e61110e01e6ca60e62836b8436a6ed5c6c9cde02ea2313963479,3763
p100_transfer/results_p100_n64_paper_best/Qwen2_5-1_5B-Instruct/templated/seed_789/xsum/benchmark_hf_Qwen_Qwen2.5-1.5B-Instruct_public_dataset_xsum_templated_cuda.json,reproduction_packages/historical_transfers/ShadowKV-P100-MeritKV-results/results_p100_n64_paper_best/Qwen2_5-1_5B-Instruct/templated/seed_789/xsum/benchmark_hf_Qwen_Qwen2.5-1.5B-Instruct_public_dataset_xsum_templated_cuda.json,4578dfe349c8fd51646aefc8832912bba67474ac39703d044344184f60da584d,9211
p100_transfer/results_p100_n64_paper_best/Qwen2_5-1_5B-Instruct/templated/seed_789/xsum/run_manifest.json,reproduction_packages/historical_transfers/ShadowKV-P100-MeritKV-results/results_p100_n64_paper_best/Qwen2_5-1_5B-Instruct/templated/seed_789/xsum/run_manifest.json,445d7878d4ce9e95762c71d7496586e62d4e66718cf75a9e0097a2db6d419414,3763
p100_transfer/results_p100_n64_paper_best/Qwen2_5-1_5B-Instruct/templated/seed_999/ag_news/benchmark_hf_Qwen_Qwen2.5-1.5B-Instruct_public_dataset_ag_news_templated_cuda.json,reproduction_packages/historical_transfers/ShadowKV-P100-MeritKV-results/results_p100_n64_paper_best/Qwen2_5-1_5B-Instruct/templated/seed_999/ag_news/benchmark_hf_Qwen_Qwen2.5-1.5B-Instruct_public_dataset_ag_news_templated_cuda.json,730acf8d8e81d546c36f1e0d69206ed0641b382ef7c4c873949ee7e5a178231b,9218
p100_transfer/results_p100_n64_paper_best/Qwen2_5-1_5B-Instruct/templated/seed_999/ag_news/run_manifest.json,reproduction_packages/historical_transfers/ShadowKV-P100-MeritKV-results/results_p100_n64_paper_best/Qwen2_5-1_5B-Instruct/templated/seed_999/ag_news/run_manifest.json,99c92c1c50903829e50f6a18f3fcc1146d9154b47d6dae98e42a1578f3c9d0a9,3763
p100_transfer/results_p100_n64_paper_best/Qwen2_5-1_5B-Instruct/templated/seed_999/alpaca_eval/benchmark_hf_Qwen_Qwen2.5-1.5B-Instruct_public_dataset_alpaca_eval_templated_cuda.json,reproduction_packages/historical_transfers/ShadowKV-P100-MeritKV-results/results_p100_n64_paper_best/Qwen2_5-1_5B-Instruct/templated/seed_999/alpaca_eval/benchmark_hf_Qwen_Qwen2.5-1.5B-Instruct_public_dataset_alpaca_eval_templated_cuda.json,2107dac82dbd9e6de2244702430d55c988aadbf13e37cf83a2aace43fdee9026,8986
p100_transfer/results_p100_n64_paper_best/Qwen2_5-1_5B-Instruct/templated/seed_999/alpaca_eval/run_manifest.json,reproduction_packages/historical_transfers/ShadowKV-P100-MeritKV-results/results_p100_n64_paper_best/Qwen2_5-1_5B-Instruct/templated/seed_999/alpaca_eval/run_manifest.json,ea41055c541f138b98e3c4631385b71e0e294af5d7e3724c6ab4a2a81343a6bc,3763
p100_transfer/results_p100_n64_paper_best/Qwen2_5-1_5B-Instruct/templated/seed_999/banking77/benchmark_hf_Qwen_Qwen2.5-1.5B-Instruct_public_dataset_banking77_templated_cuda.json,reproduction_packages/historical_transfers/ShadowKV-P100-MeritKV-results/results_p100_n64_paper_best/Qwen2_5-1_5B-Instruct/templated/seed_999/banking77/benchmark_hf_Qwen_Qwen2.5-1.5B-Instruct_public_dataset_banking77_templated_cuda.json,18ba8f572b395c19d94378e4e3355f6e1baea261c360c8806c5bac1c81ea9ef9,8980
p100_transfer/results_p100_n64_paper_best/Qwen2_5-1_5B-Instruct/templated/seed_999/banking77/run_manifest.json,reproduction_packages/historical_transfers/ShadowKV-P100-MeritKV-results/results_p100_n64_paper_best/Qwen2_5-1_5B-Instruct/templated/seed_999/banking77/run_manifest.json,81f18c8be6ef8516c7eaaea73e886044558deff4056e95328e2856f6ae249d56,3763
p100_transfer/results_p100_n64_paper_best/Qwen2_5-1_5B-Instruct/templated/seed_999/cnn_dailymail/benchmark_hf_Qwen_Qwen2.5-1.5B-Instruct_public_dataset_cnn_dailymail_templated_cuda.json,reproduction_packages/historical_transfers/ShadowKV-P100-MeritKV-results/results_p100_n64_paper_best/Qwen2_5-1_5B-Instruct/templated/seed_999/cnn_dailymail/benchmark_hf_Qwen_Qwen2.5-1.5B-Instruct_public_dataset_cnn_dailymail_templated_cuda.json,fa48ea0b274bb44f8777a9f7a7e8c1c8b9188843d2fc66d17b60fbac8132c9e1,9237
p100_transfer/results_p100_n64_paper_best/Qwen2_5-1_5B-Instruct/templated/seed_999/cnn_dailymail/run_manifest.json,reproduction_packages/historical_transfers/ShadowKV-P100-MeritKV-results/results_p100_n64_paper_best/Qwen2_5-1_5B-Instruct/templated/seed_999/cnn_dailymail/run_manifest.json,1b23d5cd674080bdf49770f0a5edb79ebce09ec247717555e881ad6e1d25c524,3763
p100_transfer/results_p100_n64_paper_best/Qwen2_5-1_5B-Instruct/templated/seed_999/daily_dialog/benchmark_hf_Qwen_Qwen2.5-1.5B-Instruct_public_dataset_daily_dialog_templated_cuda.json,reproduction_packages/historical_transfers/ShadowKV-P100-MeritKV-results/results_p100_n64_paper_best/Qwen2_5-1_5B-Instruct/templated/seed_999/daily_dialog/benchmark_hf_Qwen_Qwen2.5-1.5B-Instruct_public_dataset_daily_dialog_templated_cuda.json,d08b5c405f51b105d9c0b8d217810c7cf4564b125bd5705ea1151fd1c7ab2d00,9235
p100_transfer/results_p100_n64_paper_best/Qwen2_5-1_5B-Instruct/templated/seed_999/daily_dialog/run_manifest.json,reproduction_packages/historical_transfers/ShadowKV-P100-MeritKV-results/results_p100_n64_paper_best/Qwen2_5-1_5B-Instruct/templated/seed_999/daily_dialog/run_manifest.json,390ff0c95b0117f89e0a9ff28893fcc4aa1fae3adb85a520f2e022627a467afe,3763
p100_transfer/results_p100_n64_paper_best/Qwen2_5-1_5B-Instruct/templated/seed_999/dolly/benchmark_hf_Qwen_Qwen2.5-1.5B-Instruct_public_dataset_dolly_templated_cuda.json,reproduction_packages/historical_transfers/ShadowKV-P100-MeritKV-results/results_p100_n64_paper_best/Qwen2_5-1_5B-Instruct/templated/seed_999/dolly/benchmark_hf_Qwen_Qwen2.5-1.5B-Instruct_public_dataset_dolly_templated_cuda.json,14b01376e55fa3d27f4e9161282864dc7e24930f6942b3543334c5a1708e11c1,9209
p100_transfer/results_p100_n64_paper_best/Qwen2_5-1_5B-Instruct/templated/seed_999/dolly/run_manifest.json,reproduction_packages/historical_transfers/ShadowKV-P100-MeritKV-results/results_p100_n64_paper_best/Qwen2_5-1_5B-Instruct/templated/seed_999/dolly/run_manifest.json,0eebf0f98dbdbb123c09419299cb736f7278758a378080705358e1b78b863174,3763
p100_transfer/results_p100_n64_paper_best/Qwen2_5-1_5B-Instruct/templated/seed_999/oasst1/benchmark_hf_Qwen_Qwen2.5-1.5B-Instruct_public_dataset_oasst1_templated_cuda.json,reproduction_packages/historical_transfers/ShadowKV-P100-MeritKV-results/results_p100_n64_paper_best/Qwen2_5-1_5B-Instruct/templated/seed_999/oasst1/benchmark_hf_Qwen_Qwen2.5-1.5B-Instruct_public_dataset_oasst1_templated_cuda.json,29f23a304db5963b10aa1b1f4ed6cf5ac367de663240d631253d83dffe3206be,9211
p100_transfer/results_p100_n64_paper_best/Qwen2_5-1_5B-Instruct/templated/seed_999/oasst1/run_manifest.json,reproduction_packages/historical_transfers/ShadowKV-P100-MeritKV-results/results_p100_n64_paper_best/Qwen2_5-1_5B-Instruct/templated/seed_999/oasst1/run_manifest.json,8f67ba6168311a03f8960d24787a47df78b6c0c48f4f277c3cc04b50e85a1df1,3763
p100_transfer/results_p100_n64_paper_best/Qwen2_5-1_5B-Instruct/templated/seed_999/samsum/benchmark_hf_Qwen_Qwen2.5-1.5B-Instruct_public_dataset_samsum_templated_cuda.json,reproduction_packages/historical_transfers/ShadowKV-P100-MeritKV-results/results_p100_n64_paper_best/Qwen2_5-1_5B-Instruct/templated/seed_999/samsum/benchmark_hf_Qwen_Qwen2.5-1.5B-Instruct_public_dataset_samsum_templated_cuda.json,b9a9d1a0189467061798fa936bcdddcc17c9d0f5ac02cbacd3c0cd8b0d24ffdd,9214
p100_transfer/results_p100_n64_paper_best/Qwen2_5-1_5B-Instruct/templated/seed_999/samsum/run_manifest.json,reproduction_packages/historical_transfers/ShadowKV-P100-MeritKV-results/results_p100_n64_paper_best/Qwen2_5-1_5B-Instruct/templated/seed_999/samsum/run_manifest.json,d5c437ae1f528a54791f318074a3c8eb17a7a51af8a0754e606dc963d3a7702b,3763
p100_transfer/results_p100_n64_paper_best/Qwen2_5-1_5B-Instruct/templated/seed_999/ultrachat/benchmark_hf_Qwen_Qwen2.5-1.5B-Instruct_public_dataset_ultrachat_templated_cuda.json,reproduction_packages/historical_transfers/ShadowKV-P100-MeritKV-results/results_p100_n64_paper_best/Qwen2_5-1_5B-Instruct/templated/seed_999/ultrachat/benchmark_hf_Qwen_Qwen2.5-1.5B-Instruct_public_dataset_ultrachat_templated_cuda.json,022445e2f4d888458abce72124214b7b1aae5c1747a7425236ee1d4cb6766d70,9224
p100_transfer/results_p100_n64_paper_best/Qwen2_5-1_5B-Instruct/templated/seed_999/ultrachat/run_manifest.json,reproduction_packages/historical_transfers/ShadowKV-P100-MeritKV-results/results_p100_n64_paper_best/Qwen2_5-1_5B-Instruct/templated/seed_999/ultrachat/run_manifest.json,758882b53b6940d5a8658fa85934ea4b080ecda43de3b23202a4c00838b33c48,3763
p100_transfer/results_p100_n64_paper_best/Qwen2_5-1_5B-Instruct/templated/seed_999/xsum/benchmark_hf_Qwen_Qwen2.5-1.5B-Instruct_public_dataset_xsum_templated_cuda.json,reproduction_packages/historical_transfers/ShadowKV-P100-MeritKV-results/results_p100_n64_paper_best/Qwen2_5-1_5B-Instruct/templated/seed_999/xsum/benchmark_hf_Qwen_Qwen2.5-1.5B-Instruct_public_dataset_xsum_templated_cuda.json,28946440f3a5ed49c98471a18423899cc277a3486a4c0b4433ded59b318030cc,9203
p100_transfer/results_p100_n64_paper_best/Qwen2_5-1_5B-Instruct/templated/seed_999/xsum/run_manifest.json,reproduction_packages/historical_transfers/ShadowKV-P100-MeritKV-results/results_p100_n64_paper_best/Qwen2_5-1_5B-Instruct/templated/seed_999/xsum/run_manifest.json,5a1dfff5a917040605a729bb4af0582e337874c3c1ed1fb732c705d2779d86c9,3763
p100_transfer/shadowkv_blackwell_semantic_n128_fullrepo_20260704_210939/shadowkv_blackwell_semantic_n128_repo/blackwell_semantic_n128/README.md,reproduction_packages/historical_transfers/ShadowKV-Blackwell-semantic-n128-source-20260704/shadowkv_blackwell_semantic_n128_repo/blackwell_semantic_n128/README.md,fb9840ee4cdb7e70b5308a213cef9b93feee6e4605b7d552128d537c24c8281a,13266
p100_transfer/shadowkv_blackwell_semantic_n128_fullrepo_20260704_210939/shadowkv_blackwell_semantic_n128_repo/BLACKWELL_SEMANTIC_N128_HANDOFF.md,reproduction_packages/historical_transfers/ShadowKV-Blackwell-semantic-n128-source-20260704/shadowkv_blackwell_semantic_n128_repo/BLACKWELL_SEMANTIC_N128_HANDOFF.md,22a21944690eec896103d15fc53ae0656b5376ad4575040847df9aa4de34c08a,4209
p100_transfer/shadowkv_blackwell_semantic_n128_fullrepo_20260704_210939/shadowkv_blackwell_semantic_n128_repo/RUN_ME_FIRST.md,reproduction_packages/historical_transfers/ShadowKV-Blackwell-semantic-n128-source-20260704/shadowkv_blackwell_semantic_n128_repo/RUN_ME_FIRST.md,cbe57159b7cc88a7e78d85532aabb207aa375e5d8bd6e00a03142521c5288377,911
p100_transfer/shadowkv_blackwell_semantic_n128_fullrepo_20260704_210939/shadowkv_blackwell_semantic_n128_repo/src/proactive_kv_cache.egg-info/PKG-INFO,reproduction_packages/historical_transfers/ShadowKV-Blackwell-semantic-n128-source-20260704/shadowkv_blackwell_semantic_n128_repo/src/proactive_kv_cache.egg-info/PKG-INFO,e18ab0c9363eb48abf8fb866f9f49976c4cd96825d52e9e1790ffc7a0ae0107e,564
p100_transfer/shadowkv_blackwell_semantic_n128_fullrepo_20260704_210939/shadowkv_blackwell_semantic_n128_repo/src/proactive_kv_cache.egg-info/SOURCES.txt,reproduction_packages/historical_transfers/ShadowKV-Blackwell-semantic-n128-source-20260704/shadowkv_blackwell_semantic_n128_repo/src/proactive_kv_cache.egg-info/SOURCES.txt,435dfebb2d747d2e3c8f9fe24f3c4b4c4c8da6db35f4d2dc7567dd330fa290fb,1698
p100_transfer/shadowkv_p100/_qf32/all_results.json,reproduction_packages/historical_transfers/ShadowKV-P100-source-package/shadowkv_p100/_qf32/all_results.json,f6cc6041487f1e3fc406e9fc52be059a3b88adef68ee48947e59e3bdc9a5038e,2372
p100_transfer/shadowkv_p100/_qf32.log,reproduction_packages/historical_transfers/ShadowKV-P100-source-package/shadowkv_p100/_qf32.log,dd0623a5bde393b2e04bf943f9040a08e86615f74ec9c29f0ad27a239ae941aa,2387
p100_transfer/shadowkv_p100/results_p100_n256_full_3seed/_sweep.log,reproduction_packages/historical_transfers/ShadowKV-P100-source-package/shadowkv_p100/results_p100_n256_full_3seed/_sweep.log,c69e00a11445abd82ed6b86e8a5f41373b5414492230880d9ef13fb5b63aa114,295576
p100_transfer/shadowkv_p100/results_p100_n64_3seed/_sweep.log,reproduction_packages/historical_transfers/ShadowKV-P100-source-package/shadowkv_p100/results_p100_n64_3seed/_sweep.log,fdafedebfc0e7a4c38293b8a4bafb3f4b73f1416f6c14059edbb336c74427361,275461
p100_transfer/shadowkv_p100/sensitivity_results.csv,reproduction_packages/historical_transfers/ShadowKV-P100-source-package/shadowkv_p100/sensitivity_results.csv,9172220cb73da83646ed3ca4d4e6dfdfa4b6fd255892465347b3d382028b4c05,5173
